diagnosis_id	primary_diagnosis	type	study_diagnosis_id	participant.study_participant_id	age_at_diagnosis	disease_type	primary_site	tumor_grade	tumor_stage_clinical_m	tumor_stage_clinical_n	tumor_stage_clinical_t	incidence_type	last_known_disease_status
PBBNL_164	Unknown	diagnosis	phs000000_CDS1164_PBBNL_164	phs000000_CDS1164	628	Hodgkin Lymphoma	Kidney	GX	MX	N3b	T3c	progression	Biochemical evidence of disease without structural correlate
PBBNL_7	Unknown	diagnosis	phs000000_CDS1007_PBBNL_7	phs000000_CDS1007	81	Basal Cell Neoplasm	Uterus	G4	M0	Unknown	T4a	no_disease	Distant met recurrence/progression
PBBNL_45	Unknown	diagnosis	phs000000_CDS1045_PBBNL_45	phs000000_CDS1045	609	Mesothelial Neoplasm	Other and Unspecified Parts of Biliary Tract ICD-O-3	Low Grade	M1c	NX	T2a2	recurrence	Tumor free
PBBNL_10	Unknown	diagnosis	phs000000_CDS1010_PBBNL_10	phs000000_CDS1010	971	Wolffian Tumor	Corpus Uteri	Not Reported	M1c	N2a	T2b	progression	Metastasis
PBBNL_95	Unknown	diagnosis	phs000000_CDS1095_PBBNL_95	phs000000_CDS1095	309	Bone Neoplasm	Unknown	Low Grade	M1	N0 (mol+)	T2c	metastasis	Remission
PBBNL_137	Unknown	diagnosis	phs000000_CDS1137_PBBNL_137	phs000000_CDS1137	442	Glioma	Other and Unspecified Parts of Tongue ICD-O-3	GB	M1b	N0	T3a	progression	Metastasis
PBBNL_145	Unknown	diagnosis	phs000000_CDS1145_PBBNL_145	phs000000_CDS1145	399	Wolffian Tumor	Penis	High Grade	M1b	N3c	Ta	progression	Primary
PBBNL_56	Unknown	diagnosis	phs000000_CDS1056_PBBNL_56	phs000000_CDS1056	953	Myelodysplastic Syndrome	Lip	GX	cM0 (i+)	Not Reported	T4e	recurrence	Distant met recurrence/progression
PBBNL_108	Unknown	diagnosis	phs000000_CDS1108_PBBNL_108	phs000000_CDS1108	20	Lymphoid Leukemia	Penis	GX	Unknown	N2b	T2a1	recurrence	Distant met recurrence/progression
PBBNL_132	Unknown	diagnosis	phs000000_CDS1132_PBBNL_132	phs000000_CDS1132	19	Bone Neoplasm	Parotid Gland	Intermediate Grade	M1c	N3c	T2a1	primary	Biochemical evidence of disease without structural correlate
PBBNL_31	Unknown	diagnosis	phs000000_CDS1031_PBBNL_31	phs000000_CDS1031	421	Odontogenic Neoplasm	Trachea	GB	Not Reported	N3	Not Reported	no_disease	Remission
PBBNL_38	Unknown	diagnosis	phs000000_CDS1038_PBBNL_38	phs000000_CDS1038	995	Lymphoid Leukemia	Other and Unspecified Urinary Organs ICD-O-3	Intermediate Grade	M0	N3	T4d	progression	Distant met recurrence/progression
PBBNL_156	Unknown	diagnosis	phs000000_CDS1156_PBBNL_156	phs000000_CDS1156	913	Myomatous Neoplasm	Base of the Tongue	GX	M1	N1bII	T1a1	remission	Tumor free
PBBNL_194	Unknown	diagnosis	phs000000_CDS1194_PBBNL_194	phs000000_CDS1194	876	Not Reported	Kidney	Low Grade	M1b	N1bI	T1b2	no_disease	Recurrence
PBBNL_126	Unknown	diagnosis	phs000000_CDS1126_PBBNL_126	phs000000_CDS1126	751	Trophoblastic Tumor	Not Reported	G4	cM0 (i+)	N0 (i-)	T1a1	recurrence	Remission
PBBNL_52	Unknown	diagnosis	phs000000_CDS1052_PBBNL_52	phs000000_CDS1052	769	Lymphatic Vessel Neoplasm	Paranasal Sinus	Low Grade	M1	N1bI	T2a2	recurrence	Loco-regional recurrence/progression
PBBNL_136	Unknown	diagnosis	phs000000_CDS1136_PBBNL_136	phs000000_CDS1136	871	Fibroepithelial Neoplasm	Meninges	High Grade	Not Reported	N3c	T1a	metastasis	Remission
PBBNL_162	Unknown	diagnosis	phs000000_CDS1162_PBBNL_162	phs000000_CDS1162	312	Thymoma	Meninges	GX	M1	Not Reported	T1a1	metastasis	Biochemical evidence of disease without structural correlate
PBBNL_41	Unknown	diagnosis	phs000000_CDS1041_PBBNL_41	phs000000_CDS1041	797	Epithelial Neoplasm	Other and Ill Defined Digestive Organs ICD-O-3	G4	MX	N2	T4c	primary	Biochemical evidence of disease without structural correlate
PBBNL_89	Unknown	diagnosis	phs000000_CDS1089_PBBNL_89	phs000000_CDS1089	502	Epithelial Neoplasm	"Other and Ill-Defined Sites in Lip, Oral Cavity and Pharynx ICD-O-3"	GB	M1	NX	T1c	primary	Primary
PBBNL_188	Unknown	diagnosis	phs000000_CDS1188_PBBNL_188	phs000000_CDS1188	841	Lymphoid Leukemia	Thymus Gland	G1	MX	Not Reported	T1b2	progression	Biochemical evidence of disease without structural correlate
PBBNL_115	Unknown	diagnosis	phs000000_CDS1115_PBBNL_115	phs000000_CDS1115	709	Myomatous Neoplasm	Other and Ill-Defined Sites within Respiratory System and Intrathoracic Organs ICD-O-3	Not Reported	MX	N1b	T3	recurrence	Metastasis
PBBNL_140	Unknown	diagnosis	phs000000_CDS1140_PBBNL_140	phs000000_CDS1140	942	Bone Neoplasm	Palate	Unknown	M0	Unknown	T1c	primary	Loco-regional recurrence/progression
PBBNL_151	Unknown	diagnosis	phs000000_CDS1151_PBBNL_151	phs000000_CDS1151	265	Neuroepithelial Neoplasm	Thyroid Gland	GB	M1a	N1b	Tis (Paget's)	primary	Primary
PBBNL_72	Unknown	diagnosis	phs000000_CDS1072_PBBNL_72	phs000000_CDS1072	184	Not Reported	Nasopharynx	G1	cM0 (i+)	N1bII	T4a	metastasis	Remission
PBBNL_63	Unknown	diagnosis	phs000000_CDS1063_PBBNL_63	phs000000_CDS1063	819	Lymphoma	Larynx	Low Grade	M1b	N3b	Unknown	recurrence	Progression
PBBNL_43	Unknown	diagnosis	phs000000_CDS1043_PBBNL_43	phs000000_CDS1043	70	Acinar Cell Neoplasm	Esophagus	G2	M1a	N1b	T3	remission	Tumor free
PBBNL_85	Unknown	diagnosis	phs000000_CDS1085_PBBNL_85	phs000000_CDS1085	649	Squamous Cell Neoplasm	Skin	Intermediate Grade	Not Reported	N1a	T4c	remission	Metastasis
PBBNL_91	Unknown	diagnosis	phs000000_CDS1091_PBBNL_91	phs000000_CDS1091	189	Plasma Cell Neoplasm	Trachea	GB	M1	Not Reported	T0	progression	Remission
PBBNL_12	Unknown	diagnosis	phs000000_CDS1012_PBBNL_12	phs000000_CDS1012	330	Lymphatic Vessel Neoplasm	Colon	Low Grade	M0	N0 (mol+)	Tis (Paget's)	primary	Primary
PBBNL_114	Unknown	diagnosis	phs000000_CDS1114_PBBNL_114	phs000000_CDS1114	869	Neuroepithelial Neoplasm	Tonsil	Unknown	MX	N1b	T1b1	metastasis	Distant met recurrence/progression
PBBNL_28	Unknown	diagnosis	phs000000_CDS1028_PBBNL_28	phs000000_CDS1028	835	Squamous Cell Neoplasm	Thyroid Gland	Low Grade	M1c	N1bIII	T3a	primary	Progression
PBBNL_9	Unknown	diagnosis	phs000000_CDS1009_PBBNL_9	phs000000_CDS1009	616	Myeloproliferative Neoplasm	Lymph Node	G2	M1c	N1bIII	T4c	primary	Remission
PBBNL_129	Unknown	diagnosis	phs000000_CDS1129_PBBNL_129	phs000000_CDS1129	287	Thymoma	Peritoneum and Retroperitoneum	G4	M1b	N4	T3	remission	Biochemical evidence of disease without structural correlate
PBBNL_158	Unknown	diagnosis	phs000000_CDS1158_PBBNL_158	phs000000_CDS1158	324	Mature T-Cell and NK-Cell Non-Hodgkin Lymphoma	Rectum	Low Grade	Unknown	N1bII	T0	no_disease	Metastasis
PBBNL_40	Unknown	diagnosis	phs000000_CDS1040_PBBNL_40	phs000000_CDS1040	91	Myomatous Neoplasm	Other and Unspecified Parts of Biliary Tract ICD-O-3	G4	M1a	N4	Unknown	remission	Distant met recurrence/progression
PBBNL_37	Unknown	diagnosis	phs000000_CDS1037_PBBNL_37	phs000000_CDS1037	265	Bone Neoplasm	Rectosigmoid Region	G4	M1b	N0 (mol-)	Ta	no_disease	No_disease
PBBNL_20	Unknown	diagnosis	phs000000_CDS1020_PBBNL_20	phs000000_CDS1020	23	Plasma Cell Neoplasm	Oropharynx	GB	M1a	N1c	T3d	recurrence	Primary
PBBNL_35	Unknown	diagnosis	phs000000_CDS1035_PBBNL_35	phs000000_CDS1035	997	Lymphoid Leukemia	Gallbladder	GB	M1c	N0	T1b2	recurrence	Metastasis
PBBNL_80	Unknown	diagnosis	phs000000_CDS1080_PBBNL_80	phs000000_CDS1080	764	Mature T-Cell and NK-Cell Non-Hodgkin Lymphoma	Nasopharynx	G4	M0	N1bIII	T1b1	progression	Recurrence
PBBNL_106	Unknown	diagnosis	phs000000_CDS1106_PBBNL_106	phs000000_CDS1106	628	Hodgkin Lymphoma	Palate	Low Grade	M1b	N3b	T1c	progression	Biochemical evidence of disease without structural correlate
PBBNL_79	Unknown	diagnosis	phs000000_CDS1079_PBBNL_79	phs000000_CDS1079	81	Basal Cell Neoplasm	Ovary	Low Grade	M1b	N1bII	T2d	no_disease	Distant met recurrence/progression
PBBNL_19	Unknown	diagnosis	phs000000_CDS1019_PBBNL_19	phs000000_CDS1019	609	Mesothelial Neoplasm	Vagina	Unknown	M1c	N0 (i+)	Tis	recurrence	Tumor free
PBBNL_123	Unknown	diagnosis	phs000000_CDS1123_PBBNL_123	phs000000_CDS1123	971	Wolffian Tumor	Oropharynx	G2	M1a	N1mi	T1a	progression	Metastasis
PBBNL_128	Unknown	diagnosis	phs000000_CDS1128_PBBNL_128	phs000000_CDS1128	309	Bone Neoplasm	Gallbladder	G3	M0	N3a	Tis	metastasis	Remission
PBBNL_131	Unknown	diagnosis	phs000000_CDS1131_PBBNL_131	phs000000_CDS1131	442	Glioma	Lip	GB	Unknown	N2a	T4	progression	Metastasis
PBBNL_200	Unknown	diagnosis	phs000000_CDS1200_PBBNL_200	phs000000_CDS1200	399	Wolffian Tumor	Lymph Node	G2	M1a	N2	T0	progression	Primary
PBBNL_175	Unknown	diagnosis	phs000000_CDS1175_PBBNL_175	phs000000_CDS1175	953	Myelodysplastic Syndrome	Colon	Intermediate Grade	M0	N1bI	T3d	recurrence	Distant met recurrence/progression
PBBNL_163	Unknown	diagnosis	phs000000_CDS1163_PBBNL_163	phs000000_CDS1163	20	Lymphoid Leukemia	Rectum	Intermediate Grade	cM0 (i+)	N2c	Not Reported	recurrence	Distant met recurrence/progression
PBBNL_150	Unknown	diagnosis	phs000000_CDS1150_PBBNL_150	phs000000_CDS1150	19	Bone Neoplasm	Base of the Tongue	GB	M0	N3a	T1b1	primary	Biochemical evidence of disease without structural correlate
PBBNL_155	Unknown	diagnosis	phs000000_CDS1155_PBBNL_155	phs000000_CDS1155	421	Odontogenic Neoplasm	Ovary	G1	cM0 (i+)	N3b	T4c	no_disease	Remission
PBBNL_22	Unknown	diagnosis	phs000000_CDS1022_PBBNL_22	phs000000_CDS1022	995	Lymphoid Leukemia	Other and Unspecified Male Genital Organs ICD-O-3	Intermediate Grade	Unknown	N1c	T2b	progression	Distant met recurrence/progression
PBBNL_62	Unknown	diagnosis	phs000000_CDS1062_PBBNL_62	phs000000_CDS1062	913	Myomatous Neoplasm	Ureter	G1	M0	N0	T1c	remission	Tumor free
PBBNL_60	Unknown	diagnosis	phs000000_CDS1060_PBBNL_60	phs000000_CDS1060	876	Not Reported	Oropharynx	Not Reported	cM0 (i+)	N0 (mol+)	T2d	no_disease	Recurrence
PBBNL_157	Unknown	diagnosis	phs000000_CDS1157_PBBNL_157	phs000000_CDS1157	751	Trophoblastic Tumor	Renal Pelvis	Intermediate Grade	cM0 (i+)	Unknown	T4a	recurrence	Remission
PBBNL_179	Unknown	diagnosis	phs000000_CDS1179_PBBNL_179	phs000000_CDS1179	769	Lymphatic Vessel Neoplasm	Gallbladder	G2	cM0 (i+)	N0 (i-)	T1b1	recurrence	Loco-regional recurrence/progression
PBBNL_193	Unknown	diagnosis	phs000000_CDS1193_PBBNL_193	phs000000_CDS1193	871	Fibroepithelial Neoplasm	Paranasal Sinus	Low Grade	Not Reported	N3c	T1mi	metastasis	Remission
PBBNL_185	Unknown	diagnosis	phs000000_CDS1185_PBBNL_185	phs000000_CDS1185	312	Thymoma	Penis	G1	M1	N1c	T4	metastasis	Biochemical evidence of disease without structural correlate
PBBNL_17	Unknown	diagnosis	phs000000_CDS1017_PBBNL_17	phs000000_CDS1017	797	Epithelial Neoplasm	Floor of Mouth	Low Grade	M1	Not Reported	Tis	primary	Biochemical evidence of disease without structural correlate
PBBNL_73	Unknown	diagnosis	phs000000_CDS1073_PBBNL_73	phs000000_CDS1073	502	Epithelial Neoplasm	Skin	GB	Unknown	N1mi	TX	primary	Primary
PBBNL_153	Unknown	diagnosis	phs000000_CDS1153_PBBNL_153	phs000000_CDS1153	841	Lymphoid Leukemia	Kidney	Unknown	Not Reported	Not Reported	T1c	progression	Biochemical evidence of disease without structural correlate
PBBNL_68	Unknown	diagnosis	phs000000_CDS1068_PBBNL_68	phs000000_CDS1068	709	Myomatous Neoplasm	Base of the Tongue	GX	M1a	N1b	T4e	recurrence	Metastasis
PBBNL_149	Unknown	diagnosis	phs000000_CDS1149_PBBNL_149	phs000000_CDS1149	942	Bone Neoplasm	Parotid Gland	High Grade	M1a	N1c	Tis (LCIS)	primary	Loco-regional recurrence/progression
PBBNL_133	Unknown	diagnosis	phs000000_CDS1133_PBBNL_133	phs000000_CDS1133	265	Neuroepithelial Neoplasm	Prostate Gland	Intermediate Grade	Not Reported	N4	T2a	primary	Primary
PBBNL_8	Unknown	diagnosis	phs000000_CDS1008_PBBNL_8	phs000000_CDS1008	184	Not Reported	Limb Skeletal System	G2	M1c	N0	T2a2	metastasis	Remission
PBBNL_154	Unknown	diagnosis	phs000000_CDS1154_PBBNL_154	phs000000_CDS1154	819	Lymphoma	Other and Unspecified Female Genital Organs ICD-O-3	GX	M1c	Not Reported	T2c	recurrence	Progression
PBBNL_122	Unknown	diagnosis	phs000000_CDS1122_PBBNL_122	phs000000_CDS1122	70	Acinar Cell Neoplasm	Rectosigmoid Region	Low Grade	M1c	N2a	T1a	remission	Tumor free
PBBNL_172	Unknown	diagnosis	phs000000_CDS1172_PBBNL_172	phs000000_CDS1172	649	Squamous Cell Neoplasm	Oropharynx	G4	M1a	Not Reported	T3	remission	Metastasis
PBBNL_199	Unknown	diagnosis	phs000000_CDS1199_PBBNL_199	phs000000_CDS1199	189	Plasma Cell Neoplasm	Paranasal Sinus	GB	M1c	N0 (i+)	Not Reported	progression	Remission
PBBNL_11	Unknown	diagnosis	phs000000_CDS1011_PBBNL_11	phs000000_CDS1011	330	Lymphatic Vessel Neoplasm	Not Reported	G3	MX	N1bII	T1	primary	Primary
PBBNL_1	Unknown	diagnosis	phs000000_CDS1001_PBBNL_1	phs000000_CDS1001	869	Neuroepithelial Neoplasm	Stomach	G1	M1b	N0 (mol-)	T2	metastasis	Distant met recurrence/progression
PBBNL_167	Unknown	diagnosis	phs000000_CDS1167_PBBNL_167	phs000000_CDS1167	835	Squamous Cell Neoplasm	Rectosigmoid Region	Not Reported	M1a	N2	T1	primary	Progression
PBBNL_50	Unknown	diagnosis	phs000000_CDS1050_PBBNL_50	phs000000_CDS1050	616	Myeloproliferative Neoplasm	Lymph Node	G4	M0	N0 (i+)	T4a	primary	Remission
PBBNL_109	Unknown	diagnosis	phs000000_CDS1109_PBBNL_109	phs000000_CDS1109	287	Thymoma	Bladder	Not Reported	M1	N1bIV	T1a1	remission	Biochemical evidence of disease without structural correlate
PBBNL_144	Unknown	diagnosis	phs000000_CDS1144_PBBNL_144	phs000000_CDS1144	324	Mature T-Cell and NK-Cell Non-Hodgkin Lymphoma	Brain	Unknown	Unknown	N2c	T3b	no_disease	Metastasis
PBBNL_152	Unknown	diagnosis	phs000000_CDS1152_PBBNL_152	phs000000_CDS1152	91	Myomatous Neoplasm	Larynx	Not Reported	cM0 (i+)	N0 (i+)	Tis (Paget's)	remission	Distant met recurrence/progression
PBBNL_96	Unknown	diagnosis	phs000000_CDS1096_PBBNL_96	phs000000_CDS1096	265	Bone Neoplasm	Peritoneum and Retroperitoneum	Low Grade	M1c	N1b	T4b	no_disease	No_disease
PBBNL_197	Unknown	diagnosis	phs000000_CDS1197_PBBNL_197	phs000000_CDS1197	23	Plasma Cell Neoplasm	Oropharynx	G3	MX	N0 (i+)	Tis (Paget's)	recurrence	Primary
PBBNL_44	Unknown	diagnosis	phs000000_CDS1044_PBBNL_44	phs000000_CDS1044	997	Lymphoid Leukemia	Other and Unspecified Parts of Tongue ICD-O-3	G2	cM0 (i+)	N1c	TX	recurrence	Metastasis
PBBNL_88	Unknown	diagnosis	phs000000_CDS1088_PBBNL_88	phs000000_CDS1088	764	Mature T-Cell and NK-Cell Non-Hodgkin Lymphoma	Corpus Uteri	G2	cM0 (i+)	N1	T4c	progression	Recurrence
PBBNL_93	Unknown	diagnosis	phs000000_CDS1093_PBBNL_93	phs000000_CDS1093	628	Hodgkin Lymphoma	Brain	GB	Unknown	N1a	Tis (DCIS)	progression	Biochemical evidence of disease without structural correlate
PBBNL_51	Unknown	diagnosis	phs000000_CDS1051_PBBNL_51	phs000000_CDS1051	81	Basal Cell Neoplasm	Lip	G3	M1a	N1a	T1mi	no_disease	Distant met recurrence/progression
PBBNL_127	Unknown	diagnosis	phs000000_CDS1127_PBBNL_127	phs000000_CDS1127	609	Mesothelial Neoplasm	Nasopharynx	G2	M1a	N2a	Not Reported	recurrence	Tumor free
PBBNL_146	Unknown	diagnosis	phs000000_CDS1146_PBBNL_146	phs000000_CDS1146	971	Wolffian Tumor	Stomach	GX	Not Reported	N0 (i+)	Unknown	progression	Metastasis
PBBNL_183	Unknown	diagnosis	phs000000_CDS1183_PBBNL_183	phs000000_CDS1183	309	Bone Neoplasm	Lymph Node	Intermediate Grade	cM0 (i+)	N3b	T1b1	metastasis	Remission
PBBNL_119	Unknown	diagnosis	phs000000_CDS1119_PBBNL_119	phs000000_CDS1119	442	Glioma	Parotid Gland	Low Grade	Not Reported	N0 (i-)	Not Reported	progression	Metastasis
PBBNL_83	Unknown	diagnosis	phs000000_CDS1083_PBBNL_83	phs000000_CDS1083	399	Wolffian Tumor	Vagina	GX	M0	N1bI	T4c	progression	Primary
PBBNL_97	Unknown	diagnosis	phs000000_CDS1097_PBBNL_97	phs000000_CDS1097	953	Myelodysplastic Syndrome	Other and Unspecified Female Genital Organs ICD-O-3	Low Grade	M1b	N1b	T2a	recurrence	Distant met recurrence/progression
PBBNL_186	Unknown	diagnosis	phs000000_CDS1186_PBBNL_186	phs000000_CDS1186	20	Lymphoid Leukemia	Ureter	Unknown	M1a	N0 (mol-)	Tis (LCIS)	recurrence	Distant met recurrence/progression
PBBNL_147	Unknown	diagnosis	phs000000_CDS1147_PBBNL_147	phs000000_CDS1147	19	Bone Neoplasm	Parotid Gland	Not Reported	MX	N3a	T3d	primary	Biochemical evidence of disease without structural correlate
PBBNL_181	Unknown	diagnosis	phs000000_CDS1181_PBBNL_181	phs000000_CDS1181	421	Odontogenic Neoplasm	Prostate Gland	G3	Not Reported	N3c	T3b	no_disease	Remission
PBBNL_130	Unknown	diagnosis	phs000000_CDS1130_PBBNL_130	phs000000_CDS1130	995	Lymphoid Leukemia	Other and Ill Defined Digestive Organs ICD-O-3	Intermediate Grade	M1a	N1mi	T3b	progression	Distant met recurrence/progression
PBBNL_184	Unknown	diagnosis	phs000000_CDS1184_PBBNL_184	phs000000_CDS1184	913	Myomatous Neoplasm	Rectosigmoid Region	G1	M1b	N1bIV	T3b	remission	Tumor free
PBBNL_120	Unknown	diagnosis	phs000000_CDS1120_PBBNL_120	phs000000_CDS1120	876	Not Reported	Corpus Uteri	G1	cM0 (i+)	N1	T4e	no_disease	Recurrence
PBBNL_180	Unknown	diagnosis	phs000000_CDS1180_PBBNL_180	phs000000_CDS1180	751	Trophoblastic Tumor	Paranasal Sinus	G1	M1a	N2a	T2	recurrence	Remission
PBBNL_36	Unknown	diagnosis	phs000000_CDS1036_PBBNL_36	phs000000_CDS1036	769	Lymphatic Vessel Neoplasm	Nasopharynx	Not Reported	Not Reported	NX	T1b2	recurrence	Loco-regional recurrence/progression
PBBNL_198	Unknown	diagnosis	phs000000_CDS1198_PBBNL_198	phs000000_CDS1198	871	Fibroepithelial Neoplasm	Renal Pelvis	Unknown	M1a	N1bIV	Tis (LCIS)	metastasis	Remission
PBBNL_53	Unknown	diagnosis	phs000000_CDS1053_PBBNL_53	phs000000_CDS1053	312	Thymoma	Skin	Unknown	MX	N1bIII	T1b1	metastasis	Biochemical evidence of disease without structural correlate
PBBNL_87	Unknown	diagnosis	phs000000_CDS1087_PBBNL_87	phs000000_CDS1087	797	Epithelial Neoplasm	Other and Unspecified Parts of Tongue ICD-O-3	Unknown	Unknown	N2	T1a1	primary	Biochemical evidence of disease without structural correlate
PBBNL_90	Unknown	diagnosis	phs000000_CDS1090_PBBNL_90	phs000000_CDS1090	502	Epithelial Neoplasm	Unknown	G2	M1	N0 (mol+)	T4	primary	Primary
PBBNL_94	Unknown	diagnosis	phs000000_CDS1094_PBBNL_94	phs000000_CDS1094	841	Lymphoid Leukemia	Parotid Gland	Intermediate Grade	MX	N0 (mol+)	T2a2	progression	Biochemical evidence of disease without structural correlate
PBBNL_103	Unknown	diagnosis	phs000000_CDS1103_PBBNL_103	phs000000_CDS1103	709	Myomatous Neoplasm	Lip	G1	M1a	N1bI	T2c	recurrence	Metastasis
PBBNL_135	Unknown	diagnosis	phs000000_CDS1135_PBBNL_135	phs000000_CDS1135	942	Bone Neoplasm	Pyriform Sinus	GB	M1b	N3a	T1a1	primary	Loco-regional recurrence/progression
PBBNL_102	Unknown	diagnosis	phs000000_CDS1102_PBBNL_102	phs000000_CDS1102	265	Neuroepithelial Neoplasm	Rectosigmoid Region	GB	M1b	N1bIII	T2c	primary	Primary
PBBNL_59	Unknown	diagnosis	phs000000_CDS1059_PBBNL_59	phs000000_CDS1059	184	Not Reported	Other and Unspecified Male Genital Organs ICD-O-3	G1	M1c	N3	T1a2	metastasis	Remission
PBBNL_134	Unknown	diagnosis	phs000000_CDS1134_PBBNL_134	phs000000_CDS1134	819	Lymphoma	Prostate Gland	G2	M1	N1bIII	T3c	recurrence	Progression
PBBNL_3	Unknown	diagnosis	phs000000_CDS1003_PBBNL_3	phs000000_CDS1003	70	Acinar Cell Neoplasm	Ureter	G1	cM0 (i+)	N0	T2a1	remission	Tumor free
PBBNL_61	Unknown	diagnosis	phs000000_CDS1061_PBBNL_61	phs000000_CDS1061	649	Squamous Cell Neoplasm	Thyroid Gland	GX	Unknown	N2	T2b	remission	Metastasis
PBBNL_124	Unknown	diagnosis	phs000000_CDS1124_PBBNL_124	phs000000_CDS1124	189	Plasma Cell Neoplasm	Other and Ill Defined Digestive Organs ICD-O-3	High Grade	M1c	N1c	T2b	progression	Remission
PBBNL_107	Unknown	diagnosis	phs000000_CDS1107_PBBNL_107	phs000000_CDS1107	330	Lymphatic Vessel Neoplasm	Lip	G3	M1	N1b	T3c	primary	Primary
PBBNL_2	Unknown	diagnosis	phs000000_CDS1002_PBBNL_2	phs000000_CDS1002	869	Neuroepithelial Neoplasm	Other and Unspecified Female Genital Organs ICD-O-3	GX	cM0 (i+)	N2	T1b1	metastasis	Distant met recurrence/progression
PBBNL_139	Unknown	diagnosis	phs000000_CDS1139_PBBNL_139	phs000000_CDS1139	835	Squamous Cell Neoplasm	Floor of Mouth	GX	Unknown	N1bIV	T1c	primary	Progression
PBBNL_70	Unknown	diagnosis	phs000000_CDS1070_PBBNL_70	phs000000_CDS1070	616	Myeloproliferative Neoplasm	Vulva	G4	M0	N2c	T1b1	primary	Remission
PBBNL_39	Unknown	diagnosis	phs000000_CDS1039_PBBNL_39	phs000000_CDS1039	287	Thymoma	Other and Unspecified Major Salivary Glands ICD-O-3	Unknown	M0	N3	T1a	remission	Biochemical evidence of disease without structural correlate
PBBNL_21	Unknown	diagnosis	phs000000_CDS1021_PBBNL_21	phs000000_CDS1021	324	Mature T-Cell and NK-Cell Non-Hodgkin Lymphoma	Limb Skeletal System	Not Reported	Not Reported	N3a	T2a1	no_disease	Metastasis
PBBNL_195	Unknown	diagnosis	phs000000_CDS1195_PBBNL_195	phs000000_CDS1195	91	Myomatous Neoplasm	Prostate Gland	GB	M1b	N1bIV	T1c	remission	Distant met recurrence/progression
PBBNL_118	Unknown	diagnosis	phs000000_CDS1118_PBBNL_118	phs000000_CDS1118	265	Bone Neoplasm	Bladder	GB	cM0 (i+)	N1bIII	Not Reported	no_disease	No_disease
PBBNL_182	Unknown	diagnosis	phs000000_CDS1182_PBBNL_182	phs000000_CDS1182	23	Plasma Cell Neoplasm	Hypopharynx	Unknown	M1c	N1bI	T3a	recurrence	Primary
PBBNL_192	Unknown	diagnosis	phs000000_CDS1192_PBBNL_192	phs000000_CDS1192	997	Lymphoid Leukemia	Stomach	G3	M1c	NX	T3c	recurrence	Metastasis
PBBNL_159	Unknown	diagnosis	phs000000_CDS1159_PBBNL_159	phs000000_CDS1159	764	Mature T-Cell and NK-Cell Non-Hodgkin Lymphoma	Other and Unspecified Male Genital Organs ICD-O-3	High Grade	M1b	N3b	TX	progression	Recurrence
PBBNL_16	Unknown	diagnosis	phs000000_CDS1016_PBBNL_16	phs000000_CDS1016	628	Hodgkin Lymphoma	Rectosigmoid Region	Unknown	cM0 (i+)	N1bIII	T1b	progression	Biochemical evidence of disease without structural correlate
PBBNL_33	Unknown	diagnosis	phs000000_CDS1033_PBBNL_33	phs000000_CDS1033	81	Basal Cell Neoplasm	Colon	G2	Unknown	N2a	T2d	no_disease	Distant met recurrence/progression
PBBNL_84	Unknown	diagnosis	phs000000_CDS1084_PBBNL_84	phs000000_CDS1084	609	Mesothelial Neoplasm	Other and Unspecified Parts of Tongue ICD-O-3	Unknown	M1b	N2c	T1mi	recurrence	Tumor free
PBBNL_14	Unknown	diagnosis	phs000000_CDS1014_PBBNL_14	phs000000_CDS1014	971	Wolffian Tumor	Oropharynx	Intermediate Grade	M1	N2a	T3d	progression	Metastasis
PBBNL_161	Unknown	diagnosis	phs000000_CDS1161_PBBNL_161	phs000000_CDS1161	309	Bone Neoplasm	Skin	GX	M1c	N2	T3c	metastasis	Remission
PBBNL_165	Unknown	diagnosis	phs000000_CDS1165_PBBNL_165	phs000000_CDS1165	442	Glioma	Other and Unspecified Major Salivary Glands ICD-O-3	G3	MX	N2a	T3a	progression	Metastasis
PBBNL_27	Unknown	diagnosis	phs000000_CDS1027_PBBNL_27	phs000000_CDS1027	399	Wolffian Tumor	Unknown	Low Grade	MX	N1b	T1c	progression	Primary
PBBNL_101	Unknown	diagnosis	phs000000_CDS1101_PBBNL_101	phs000000_CDS1101	953	Myelodysplastic Syndrome	Corpus Uteri	Unknown	M1c	N0	T4a	recurrence	Distant met recurrence/progression
PBBNL_75	Unknown	diagnosis	phs000000_CDS1075_PBBNL_75	phs000000_CDS1075	20	Lymphoid Leukemia	Breast	G1	Unknown	N1bIII	Ta	recurrence	Distant met recurrence/progression
PBBNL_138	Unknown	diagnosis	phs000000_CDS1138_PBBNL_138	phs000000_CDS1138	19	Bone Neoplasm	Prostate Gland	GX	M1a	N2c	Ta	primary	Biochemical evidence of disease without structural correlate
PBBNL_110	Unknown	diagnosis	phs000000_CDS1110_PBBNL_110	phs000000_CDS1110	421	Odontogenic Neoplasm	Esophagus	G4	Not Reported	N1c	Tis (Paget's)	no_disease	Remission
PBBNL_169	Unknown	diagnosis	phs000000_CDS1169_PBBNL_169	phs000000_CDS1169	995	Lymphoid Leukemia	Renal Pelvis	GX	M1	N1bIV	Tis (Paget's)	progression	Distant met recurrence/progression
PBBNL_46	Unknown	diagnosis	phs000000_CDS1046_PBBNL_46	phs000000_CDS1046	913	Myomatous Neoplasm	Other and Unspecified Male Genital Organs ICD-O-3	Unknown	cM0 (i+)	NX	T1b1	remission	Tumor free
PBBNL_171	Unknown	diagnosis	phs000000_CDS1171_PBBNL_171	phs000000_CDS1171	876	Not Reported	Uterus	GB	M0	N0 (mol+)	Tis (LCIS)	no_disease	Recurrence
PBBNL_98	Unknown	diagnosis	phs000000_CDS1098_PBBNL_98	phs000000_CDS1098	751	Trophoblastic Tumor	Trachea	Not Reported	Unknown	N0	T4c	recurrence	Remission
PBBNL_148	Unknown	diagnosis	phs000000_CDS1148_PBBNL_148	phs000000_CDS1148	769	Lymphatic Vessel Neoplasm	Other Endocrine Glands and Related Structures ICD-O-3	G3	M1c	N0	T4e	recurrence	Loco-regional recurrence/progression
PBBNL_99	Unknown	diagnosis	phs000000_CDS1099_PBBNL_99	phs000000_CDS1099	871	Fibroepithelial Neoplasm	Renal Pelvis	G2	M1c	N3	T4d	metastasis	Remission
PBBNL_105	Unknown	diagnosis	phs000000_CDS1105_PBBNL_105	phs000000_CDS1105	312	Thymoma	Vagina	GB	M1c	N0 (mol+)	T2c	metastasis	Biochemical evidence of disease without structural correlate
PBBNL_189	Unknown	diagnosis	phs000000_CDS1189_PBBNL_189	phs000000_CDS1189	797	Epithelial Neoplasm	Skin	GX	Unknown	N1bIV	Not Reported	primary	Biochemical evidence of disease without structural correlate
PBBNL_111	Unknown	diagnosis	phs000000_CDS1111_PBBNL_111	phs000000_CDS1111	502	Epithelial Neoplasm	Other and Ill-Defined Sites within Respiratory System and Intrathoracic Organs ICD-O-3	GX	cM0 (i+)	N0 (i+)	T4e	primary	Primary
PBBNL_141	Unknown	diagnosis	phs000000_CDS1141_PBBNL_141	phs000000_CDS1141	841	Lymphoid Leukemia	Brain	GB	Not Reported	N1bI	T4	progression	Biochemical evidence of disease without structural correlate
PBBNL_142	Unknown	diagnosis	phs000000_CDS1142_PBBNL_142	phs000000_CDS1142	709	Myomatous Neoplasm	Trachea	GX	M1b	N3a	T3b	recurrence	Metastasis
PBBNL_196	Unknown	diagnosis	phs000000_CDS1196_PBBNL_196	phs000000_CDS1196	942	Bone Neoplasm	Placenta	GX	M1b	N1c	T1b2	primary	Loco-regional recurrence/progression
PBBNL_76	Unknown	diagnosis	phs000000_CDS1076_PBBNL_76	phs000000_CDS1076	265	Neuroepithelial Neoplasm	Parotid Gland	G3	M1b	N4	Unknown	primary	Primary
PBBNL_66	Unknown	diagnosis	phs000000_CDS1066_PBBNL_66	phs000000_CDS1066	184	Not Reported	Other and Unspecified Male Genital Organs ICD-O-3	High Grade	MX	N2b	T0	metastasis	Remission
PBBNL_86	Unknown	diagnosis	phs000000_CDS1086_PBBNL_86	phs000000_CDS1086	819	Lymphoma	Other and Unspecified Major Salivary Glands ICD-O-3	GB	M0	N3a	Not Reported	recurrence	Progression
PBBNL_113	Unknown	diagnosis	phs000000_CDS1113_PBBNL_113	phs000000_CDS1113	70	Acinar Cell Neoplasm	Ureter	G1	M1	N0 (i-)	T1b	remission	Tumor free
PBBNL_178	Unknown	diagnosis	phs000000_CDS1178_PBBNL_178	phs000000_CDS1178	649	Squamous Cell Neoplasm	Other and Unspecified Parts of Mouth ICD-O-3	GX	Not Reported	N0 (mol-)	Tis (Paget's)	remission	Metastasis
PBBNL_71	Unknown	diagnosis	phs000000_CDS1071_PBBNL_71	phs000000_CDS1071	189	Plasma Cell Neoplasm	Peritoneum and Retroperitoneum	G1	M1b	Not Reported	T2c	progression	Remission
PBBNL_69	Unknown	diagnosis	phs000000_CDS1069_PBBNL_69	phs000000_CDS1069	330	Lymphatic Vessel Neoplasm	Gingiva	G4	M0	N0	T3c	primary	Primary
PBBNL_15	Unknown	diagnosis	phs000000_CDS1015_PBBNL_15	phs000000_CDS1015	869	Neuroepithelial Neoplasm	Other Endocrine Glands and Related Structures ICD-O-3	G1	Not Reported	N2a	T1a2	metastasis	Distant met recurrence/progression
PBBNL_42	Unknown	diagnosis	phs000000_CDS1042_PBBNL_42	phs000000_CDS1042	835	Squamous Cell Neoplasm	Limb Skeletal System	Intermediate Grade	M0	NX	T0	primary	Progression
PBBNL_32	Unknown	diagnosis	phs000000_CDS1032_PBBNL_32	phs000000_CDS1032	616	Myeloproliferative Neoplasm	Other and Ill-Defined Sites within Respiratory System and Intrathoracic Organs ICD-O-3	Not Reported	cM0 (i+)	N1b	T1b2	primary	Remission
PBBNL_78	Unknown	diagnosis	phs000000_CDS1078_PBBNL_78	phs000000_CDS1078	287	Thymoma	"Other and Ill-Defined Sites in Lip, Oral Cavity and Pharynx ICD-O-3"	Not Reported	M1	N0 (i+)	TX	remission	Biochemical evidence of disease without structural correlate
PBBNL_187	Unknown	diagnosis	phs000000_CDS1187_PBBNL_187	phs000000_CDS1187	324	Mature T-Cell and NK-Cell Non-Hodgkin Lymphoma	Pancreas	GX	Unknown	Unknown	T1c	no_disease	Metastasis
PBBNL_25	Unknown	diagnosis	phs000000_CDS1025_PBBNL_25	phs000000_CDS1025	91	Myomatous Neoplasm	Lymph Node	Intermediate Grade	M0	N2	T2a1	remission	Distant met recurrence/progression
PBBNL_168	Unknown	diagnosis	phs000000_CDS1168_PBBNL_168	phs000000_CDS1168	265	Bone Neoplasm	Brain	Intermediate Grade	Unknown	N3a	T2a1	no_disease	No_disease
PBBNL_117	Unknown	diagnosis	phs000000_CDS1117_PBBNL_117	phs000000_CDS1117	23	Plasma Cell Neoplasm	Other and Unspecified Parts of Mouth ICD-O-3	G2	M1	N1bI	T1b2	recurrence	Primary
PBBNL_65	Unknown	diagnosis	phs000000_CDS1065_PBBNL_65	phs000000_CDS1065	997	Lymphoid Leukemia	Other and Ill-Defined Sites ICD-O-3	G1	M1a	N1mi	T1a1	recurrence	Metastasis
PBBNL_116	Unknown	diagnosis	phs000000_CDS1116_PBBNL_116	phs000000_CDS1116	764	Mature T-Cell and NK-Cell Non-Hodgkin Lymphoma	Thyroid Gland	Low Grade	M0	N0	T1a2	progression	Recurrence
PBBNL_174	Unknown	diagnosis	phs000000_CDS1174_PBBNL_174	phs000000_CDS1174	628	Hodgkin Lymphoma	Ovary	Not Reported	M1a	N1bIV	T2b	progression	Biochemical evidence of disease without structural correlate
PBBNL_173	Unknown	diagnosis	phs000000_CDS1173_PBBNL_173	phs000000_CDS1173	81	Basal Cell Neoplasm	Other and Unspecified Major Salivary Glands ICD-O-3	Not Reported	Not Reported	N1	T4b	no_disease	Distant met recurrence/progression
PBBNL_29	Unknown	diagnosis	phs000000_CDS1029_PBBNL_29	phs000000_CDS1029	609	Mesothelial Neoplasm	Parotid Gland	Low Grade	MX	Not Reported	T4d	recurrence	Tumor free
PBBNL_55	Unknown	diagnosis	phs000000_CDS1055_PBBNL_55	phs000000_CDS1055	971	Wolffian Tumor	Tonsil	High Grade	M1b	N1c	Not Reported	progression	Metastasis
PBBNL_24	Unknown	diagnosis	phs000000_CDS1024_PBBNL_24	phs000000_CDS1024	309	Bone Neoplasm	Ovary	Unknown	M1a	N1	T1c	metastasis	Remission
PBBNL_23	Unknown	diagnosis	phs000000_CDS1023_PBBNL_23	phs000000_CDS1023	442	Glioma	Lymph Node	G3	MX	N4	Not Reported	progression	Metastasis
PBBNL_34	Unknown	diagnosis	phs000000_CDS1034_PBBNL_34	phs000000_CDS1034	399	Wolffian Tumor	Prostate Gland	High Grade	M1a	N2	T1mi	progression	Primary
PBBNL_30	Unknown	diagnosis	phs000000_CDS1030_PBBNL_30	phs000000_CDS1030	953	Myelodysplastic Syndrome	Colon	Not Reported	M0	N1a	T1a1	recurrence	Distant met recurrence/progression
PBBNL_58	Unknown	diagnosis	phs000000_CDS1058_PBBNL_58	phs000000_CDS1058	20	Lymphoid Leukemia	Lung/Bronchus	High Grade	M1b	N1bIV	T2c	recurrence	Distant met recurrence/progression
PBBNL_166	Unknown	diagnosis	phs000000_CDS1166_PBBNL_166	phs000000_CDS1166	19	Bone Neoplasm	Other and Unspecified Urinary Organs ICD-O-3	G4	Not Reported	N3b	Ta	primary	Biochemical evidence of disease without structural correlate
PBBNL_5	Unknown	diagnosis	phs000000_CDS1005_PBBNL_5	phs000000_CDS1005	421	Odontogenic Neoplasm	Brain	G3	M1a	N2a	T0	no_disease	Remission
PBBNL_143	Unknown	diagnosis	phs000000_CDS1143_PBBNL_143	phs000000_CDS1143	995	Lymphoid Leukemia	Bladder	G4	Not Reported	Not Reported	T2d	progression	Distant met recurrence/progression
PBBNL_67	Unknown	diagnosis	phs000000_CDS1067_PBBNL_67	phs000000_CDS1067	913	Myomatous Neoplasm	Other and Ill-Defined Sites within Respiratory System and Intrathoracic Organs ICD-O-3	GX	cM0 (i+)	N0 (mol-)	T4	remission	Tumor free
PBBNL_18	Unknown	diagnosis	phs000000_CDS1018_PBBNL_18	phs000000_CDS1018	876	Not Reported	Other and Unspecified Parts of Mouth ICD-O-3	Unknown	M1c	N3c	T4	no_disease	Recurrence
PBBNL_177	Unknown	diagnosis	phs000000_CDS1177_PBBNL_177	phs000000_CDS1177	751	Trophoblastic Tumor	Floor of Mouth	G3	M1b	N3a	T1b1	recurrence	Remission
PBBNL_49	Unknown	diagnosis	phs000000_CDS1049_PBBNL_49	phs000000_CDS1049	769	Lymphatic Vessel Neoplasm	Renal Pelvis	G4	M1	N2b	T3b	recurrence	Loco-regional recurrence/progression
PBBNL_160	Unknown	diagnosis	phs000000_CDS1160_PBBNL_160	phs000000_CDS1160	871	Fibroepithelial Neoplasm	Gallbladder	Not Reported	Not Reported	N2	T2a2	metastasis	Remission
PBBNL_81	Unknown	diagnosis	phs000000_CDS1081_PBBNL_81	phs000000_CDS1081	312	Thymoma	"Other and Ill-Defined Sites in Lip, Oral Cavity and Pharynx ICD-O-3"	G4	cM0 (i+)	N1bII	T3c	metastasis	Biochemical evidence of disease without structural correlate
PBBNL_48	Unknown	diagnosis	phs000000_CDS1048_PBBNL_48	phs000000_CDS1048	797	Epithelial Neoplasm	Lip	GB	M1a	N3b	T4e	primary	Biochemical evidence of disease without structural correlate
PBBNL_104	Unknown	diagnosis	phs000000_CDS1104_PBBNL_104	phs000000_CDS1104	502	Epithelial Neoplasm	Palate	G4	MX	N0 (i-)	Tis (Paget's)	primary	Primary
PBBNL_176	Unknown	diagnosis	phs000000_CDS1176_PBBNL_176	phs000000_CDS1176	841	Lymphoid Leukemia	Ovary	Low Grade	M0	N2c	T2a2	progression	Biochemical evidence of disease without structural correlate
PBBNL_190	Unknown	diagnosis	phs000000_CDS1190_PBBNL_190	phs000000_CDS1190	709	Myomatous Neoplasm	Prostate Gland	Intermediate Grade	MX	N1bI	T3c	recurrence	Metastasis
PBBNL_26	Unknown	diagnosis	phs000000_CDS1026_PBBNL_26	phs000000_CDS1026	942	Bone Neoplasm	Larynx	G3	Not Reported	N2b	T4	primary	Loco-regional recurrence/progression
PBBNL_92	Unknown	diagnosis	phs000000_CDS1092_PBBNL_92	phs000000_CDS1092	265	Neuroepithelial Neoplasm	Meninges	Not Reported	cM0 (i+)	N1	T2d	primary	Primary
PBBNL_64	Unknown	diagnosis	phs000000_CDS1064_PBBNL_64	phs000000_CDS1064	184	Not Reported	Placenta	Low Grade	Unknown	N0 (i-)	Tis (Paget's)	metastasis	Remission
PBBNL_6	Unknown	diagnosis	phs000000_CDS1006_PBBNL_6	phs000000_CDS1006	819	Lymphoma	Gingiva	GB	M0	N2c	Unknown	recurrence	Progression
PBBNL_4	Unknown	diagnosis	phs000000_CDS1004_PBBNL_4	phs000000_CDS1004	70	Acinar Cell Neoplasm	Cervix Uteri	GB	M1a	N1b	T3b	remission	Tumor free
PBBNL_47	Unknown	diagnosis	phs000000_CDS1047_PBBNL_47	phs000000_CDS1047	649	Squamous Cell Neoplasm	Other and Unspecified Major Salivary Glands ICD-O-3	GB	M1	N0 (mol+)	T3	remission	Metastasis
PBBNL_112	Unknown	diagnosis	phs000000_CDS1112_PBBNL_112	phs000000_CDS1112	189	Plasma Cell Neoplasm	Gingiva	G4	M1c	N1b	Tis	progression	Remission
PBBNL_125	Unknown	diagnosis	phs000000_CDS1125_PBBNL_125	phs000000_CDS1125	330	Lymphatic Vessel Neoplasm	Kidney	G3	M0	N2b	T1b1	primary	Primary
PBBNL_82	Unknown	diagnosis	phs000000_CDS1082_PBBNL_82	phs000000_CDS1082	869	Neuroepithelial Neoplasm	Esophagus	G3	cM0 (i+)	N0 (i+)	T4	metastasis	Distant met recurrence/progression
PBBNL_13	Unknown	diagnosis	phs000000_CDS1013_PBBNL_13	phs000000_CDS1013	835	Squamous Cell Neoplasm	Base of the Tongue	G1	M0	N2	Tis (LCIS)	primary	Progression
PBBNL_121	Unknown	diagnosis	phs000000_CDS1121_PBBNL_121	phs000000_CDS1121	616	Myeloproliferative Neoplasm	Oropharynx	Low Grade	Unknown	N0 (mol-)	T4d	primary	Remission
PBBNL_191	Unknown	diagnosis	phs000000_CDS1191_PBBNL_191	phs000000_CDS1191	287	Thymoma	Lung/Bronchus	Unknown	MX	N0	T2b	remission	Biochemical evidence of disease without structural correlate
PBBNL_77	Unknown	diagnosis	phs000000_CDS1077_PBBNL_77	phs000000_CDS1077	324	Mature T-Cell and NK-Cell Non-Hodgkin Lymphoma	Hypopharynx	G1	MX	Not Reported	T2	no_disease	Metastasis
PBBNL_74	Unknown	diagnosis	phs000000_CDS1074_PBBNL_74	phs000000_CDS1074	91	Myomatous Neoplasm	Trachea	High Grade	M1c	N1bII	T2a1	remission	Distant met recurrence/progression
PBBNL_54	Unknown	diagnosis	phs000000_CDS1054_PBBNL_54	phs000000_CDS1054	265	Bone Neoplasm	Other and Unspecified Parts of Mouth ICD-O-3	Not Reported	Not Reported	N0 (mol+)	T3	no_disease	No_disease
PBBNL_57	Unknown	diagnosis	phs000000_CDS1057_PBBNL_57	phs000000_CDS1057	23	Plasma Cell Neoplasm	Prostate Gland	High Grade	M0	N0 (i-)	T1a1	recurrence	Primary
PBBNL_170	Unknown	diagnosis	phs000000_CDS1170_PBBNL_170	phs000000_CDS1170	997	Lymphoid Leukemia	Other and Ill Defined Digestive Organs ICD-O-3	G4	MX	N3	T4a	recurrence	Metastasis
PBBNL_100	Unknown	diagnosis	phs000000_CDS1100_PBBNL_100	phs000000_CDS1100	764	Mature T-Cell and NK-Cell Non-Hodgkin Lymphoma	Limb Skeletal System	G2	cM0 (i+)	N0 (i+)	T1	progression	Recurrence