type	subject.subject_id	surgical_procedure_record_id	surgical_procedure	surgical_procedure_date	surgical_procedure_anatomical_location	surgical_procedure_therapeutic
surgery	CTDC-SUBJECT-714422	CTDC-SURGERY-100334	Right video assisted thorascopic upper lobectomy and mediastinal lymphadenectomy	2022-08-02	wall of urinary bladder	Yes
surgery	CTDC-SUBJECT-701270	CTDC-SURGERY-100335	Right video assisted thorascopic upper lobectomy and mediastinal lymphadenectomy	2021-05-03	wall of urinary bladder	Yes
surgery	CTDC-SUBJECT-293993	CTDC-SURGERY-100336	Right video assisted thorascopic upper lobectomy and mediastinal lymphadenectomy	2020-04-10	wall of esophagus	Yes
surgery	CTDC-SUBJECT-476464	CTDC-SURGERY-100337	Right video assisted thorascopic upper lobectomy and mediastinal lymphadenectomy	2023-10-06	wall of intestine	Yes
surgery	CTDC-SUBJECT-980511	CTDC-SURGERY-100338	Right video assisted thorascopic upper lobectomy and mediastinal lymphadenectomy	2020-07-03	wall of urinary bladder	Yes
surgery	CTDC-SUBJECT-348141	CTDC-SURGERY-100339	Right video assisted thorascopic upper lobectomy and mediastinal lymphadenectomy	2021-02-01	wall of stomach	Yes
surgery	CTDC-SUBJECT-926826	CTDC-SURGERY-100340	Right video assisted thorascopic upper lobectomy and mediastinal lymphadenectomy	2021-05-06	wall of esophagus	Yes
surgery	CTDC-SUBJECT-718208	CTDC-SURGERY-100341	Right video assisted thorascopic upper lobectomy and mediastinal lymphadenectomy	2022-05-21	serosa of stomach	Yes
surgery	CTDC-SUBJECT-527319	CTDC-SURGERY-114671	CT guided biopsy	2021-07-20	wall of urinary bladder	Yes
surgery	CTDC-SUBJECT-389624	CTDC-SURGERY-114672	CT guided biopsy	2022-08-10	wall of urinary bladder	Yes
surgery	CTDC-SUBJECT-476464	CTDC-SURGERY-114673	CT guided biopsy	2020-04-02	wall of esophagus	Yes
surgery	CTDC-SUBJECT-433750	CTDC-SURGERY-114674	CT guided biopsy	2023-04-18	wall of esophagus	Yes
surgery	CTDC-SUBJECT-189635	CTDC-SURGERY-114675	CT guided biopsy	2021-10-04	wall of esophagus	Yes
surgery	CTDC-SUBJECT-580164	CTDC-SURGERY-114676	CT guided biopsy	2020-09-28	wall of stomach	Yes
surgery	CTDC-SUBJECT-506259	CTDC-SURGERY-146996	Open partial hepatectomy	2019-12-30	wall of stomach	Yes
surgery	CTDC-SUBJECT-210323	CTDC-SURGERY-146997	Open partial hepatectomy	2019-01-03	serosa of stomach	Yes
surgery	CTDC-SUBJECT-293993	CTDC-SURGERY-146998	Open partial hepatectomy	2023-03-21	wall of stomach	Yes
surgery	CTDC-SUBJECT-826378	CTDC-SURGERY-146999	Open partial hepatectomy	2019-04-26	wall of urinary bladder	Yes
surgery	CTDC-SUBJECT-265741	CTDC-SURGERY-147000	Open partial hepatectomy	2019-10-12	wall of urinary bladder	Yes
surgery	CTDC-SUBJECT-463006	CTDC-SURGERY-147001	Open partial hepatectomy	2023-11-12	wall of stomach	Yes
surgery	CTDC-SUBJECT-498683	CTDC-SURGERY-147002	Open partial hepatectomy	2021-10-12	serosa of intestine	Yes
surgery	CTDC-SUBJECT-105359	CTDC-SURGERY-147003	Open partial hepatectomy	2022-11-24	wall of esophagus	Yes
surgery	CTDC-SUBJECT-719750	CTDC-SURGERY-147004	Open partial hepatectomy	2019-10-27	wall of urinary bladder	Yes
surgery	CTDC-SUBJECT-719750	CTDC-SURGERY-147005	Open partial hepatectomy	2020-12-27	wall of urinary bladder	Yes
surgery	CTDC-SUBJECT-107225	CTDC-SURGERY-147006	Open partial hepatectomy	2021-10-30	serosa of stomach	Yes
surgery	CTDC-SUBJECT-310021	CTDC-SURGERY-150916	Thoracic Decompression - Removal of Tumor	2021-11-29	wall of intestine	No
surgery	CTDC-SUBJECT-147802	CTDC-SURGERY-150917	Thoracic Decompression - Removal of Tumor	2023-08-03	wall of stomach	No
surgery	CTDC-SUBJECT-837376	CTDC-SURGERY-170000	CT guided biopsy	2022-06-09	wall of esophagus	Yes
surgery	CTDC-SUBJECT-390783	CTDC-SURGERY-170001	CT guided biopsy	2023-03-02	wall of urinary bladder	Yes
surgery	CTDC-SUBJECT-839702	CTDC-SURGERY-170002	CT guided biopsy	2021-10-11	serosa of stomach	Yes
surgery	CTDC-SUBJECT-247208	CTDC-SURGERY-170003	CT guided biopsy	2021-07-16	wall of intestine	Yes
surgery	CTDC-SUBJECT-163620	CTDC-SURGERY-183613	Liver, RUQ-biopsy	2023-10-31	wall of esophagus	Yes
surgery	CTDC-SUBJECT-724373	CTDC-SURGERY-183614	Liver, RUQ-biopsy	2023-06-23	wall of large intestine	Yes
surgery	CTDC-SUBJECT-702420	CTDC-SURGERY-183615	Liver, RUQ-biopsy	2021-07-31	wall of stomach	Yes
surgery	CTDC-SUBJECT-161315	CTDC-SURGERY-183616	Liver, RUQ-biopsy	2022-01-24	wall of large intestine	Yes
surgery	CTDC-SUBJECT-433750	CTDC-SURGERY-183617	Liver, RUQ-biopsy	2020-11-30	wall of stomach	Yes
surgery	CTDC-SUBJECT-741080	CTDC-SURGERY-183618	Liver, RUQ-biopsy	2021-12-14	wall of esophagus	Yes
surgery	CTDC-SUBJECT-453504	CTDC-SURGERY-183619	Liver, RUQ-biopsy	2020-06-16	serosa of intestine	Yes
surgery	CTDC-SUBJECT-660757	CTDC-SURGERY-187043	Resection of periumbilical mass	2021-10-12	serosa of stomach	Yes
surgery	CTDC-SUBJECT-687307	CTDC-SURGERY-187044	Resection of periumbilical mass	2023-06-24	serosa of stomach	Yes
surgery	CTDC-SUBJECT-702420	CTDC-SURGERY-187045	Resection of periumbilical mass	2022-04-09	wall of esophagus	Yes
surgery	CTDC-SUBJECT-508659	CTDC-SURGERY-204192	Laparoscopic mobilization o fleft colon and splenic flexure, open rectosigmoid resection with anastamosis	2022-06-30	wall of urinary bladder	Yes
surgery	CTDC-SUBJECT-743178	CTDC-SURGERY-204193	Laparoscopic mobilization o fleft colon and splenic flexure, open rectosigmoid resection with anastamosis	2021-11-06	wall of large intestine	Yes
surgery	CTDC-SUBJECT-839702	CTDC-SURGERY-204194	Laparoscopic mobilization o fleft colon and splenic flexure, open rectosigmoid resection with anastamosis	2022-09-16	wall of stomach	Yes
surgery	CTDC-SUBJECT-906674	CTDC-SURGERY-229888	left lung wedge resection	2021-10-01	wall of urinary bladder	No
surgery	CTDC-SUBJECT-107225	CTDC-SURGERY-229889	left lung wedge resection	2023-06-24	wall of urinary bladder	No
surgery	CTDC-SUBJECT-147802	CTDC-SURGERY-229890	left lung wedge resection	2022-03-04	wall of intestine	No
surgery	CTDC-SUBJECT-956705	CTDC-SURGERY-243283	Liver, RUQ-biopsy	2023-01-14	wall of urinary bladder	No
surgery	CTDC-SUBJECT-774908	CTDC-SURGERY-243284	Liver, RUQ-biopsy	2021-03-29	wall of intestine	No
surgery	CTDC-SUBJECT-180549	CTDC-SURGERY-243285	Liver, RUQ-biopsy	2020-01-01	serosa of stomach	No
surgery	CTDC-SUBJECT-408391	CTDC-SURGERY-274346	right lung mass CT guided FNA (cytology)	2020-12-13	wall of intestine	No
surgery	CTDC-SUBJECT-293993	CTDC-SURGERY-274347	right lung mass CT guided FNA (cytology)	2020-07-27	wall of esophagus	No
surgery	CTDC-SUBJECT-262510	CTDC-SURGERY-274348	right lung mass CT guided FNA (cytology)	2020-01-05	wall of intestine	No
surgery	CTDC-SUBJECT-206266	CTDC-SURGERY-274349	right lung mass CT guided FNA (cytology)	2019-03-10	wall of intestine	No
surgery	CTDC-SUBJECT-417394	CTDC-SURGERY-274350	right lung mass CT guided FNA (cytology)	2023-04-04	wall of urinary bladder	No
surgery	CTDC-SUBJECT-323772	CTDC-SURGERY-274351	right lung mass CT guided FNA (cytology)	2022-12-02	wall of urinary bladder	No
surgery	CTDC-SUBJECT-189635	CTDC-SURGERY-274352	right lung mass CT guided FNA (cytology)	2019-12-20	serosa of stomach	No
surgery	CTDC-SUBJECT-924034	CTDC-SURGERY-274353	right lung mass CT guided FNA (cytology)	2022-11-25	wall of urinary bladder	No
surgery	CTDC-SUBJECT-123051	CTDC-SURGERY-274354	right lung mass CT guided FNA (cytology)	2023-11-08	wall of stomach	No
surgery	CTDC-SUBJECT-848158	CTDC-SURGERY-274355	right lung mass CT guided FNA (cytology)	2020-09-12	wall of stomach	No
surgery	CTDC-SUBJECT-406843	CTDC-SURGERY-274356	right lung mass CT guided FNA (cytology)	2019-10-04	wall of esophagus	No
surgery	CTDC-SUBJECT-589930	CTDC-SURGERY-274357	right lung mass CT guided FNA (cytology)	2023-12-22	wall of esophagus	No
surgery	CTDC-SUBJECT-459688	CTDC-SURGERY-309213	CT guided lung biopsy	2022-09-28	wall of stomach	No
surgery	CTDC-SUBJECT-846264	CTDC-SURGERY-309214	CT guided lung biopsy	2019-11-30	wall of large intestine	No
surgery	CTDC-SUBJECT-724373	CTDC-SURGERY-309215	CT guided lung biopsy	2021-08-19	wall of urinary bladder	No
surgery	CTDC-SUBJECT-301806	CTDC-SURGERY-309216	CT guided lung biopsy	2020-06-01	serosa of stomach	No
surgery	CTDC-SUBJECT-105359	CTDC-SURGERY-309217	CT guided lung biopsy	2020-05-20	wall of stomach	No
surgery	CTDC-SUBJECT-593393	CTDC-SURGERY-309218	CT guided lung biopsy	2023-01-14	wall of stomach	No
surgery	CTDC-SUBJECT-649082	CTDC-SURGERY-309219	CT guided lung biopsy	2020-01-01	wall of urinary bladder	No
surgery	CTDC-SUBJECT-406843	CTDC-SURGERY-309220	CT guided lung biopsy	2020-06-16	wall of intestine	No
surgery	CTDC-SUBJECT-346190	CTDC-SURGERY-309221	CT guided lung biopsy	2023-10-31	serosa of intestine	No
surgery	CTDC-SUBJECT-343157	CTDC-SURGERY-310606	needle/ core biopsy	2022-03-04	wall of large intestine	Yes
surgery	CTDC-SUBJECT-293993	CTDC-SURGERY-310607	needle/ core biopsy	2021-08-19	serosa of intestine	Yes
surgery	CTDC-SUBJECT-161315	CTDC-SURGERY-310608	needle/ core biopsy	2023-10-31	wall of esophagus	Yes
surgery	CTDC-SUBJECT-681212	CTDC-SURGERY-310609	needle/ core biopsy	2022-06-30	wall of stomach	Yes
surgery	CTDC-SUBJECT-668537	CTDC-SURGERY-310610	needle/ core biopsy	2023-06-23	wall of large intestine	Yes
surgery	CTDC-SUBJECT-922456	CTDC-SURGERY-310611	needle/ core biopsy	2023-06-23	wall of urinary bladder	Yes
surgery	CTDC-SUBJECT-192223	CTDC-SURGERY-326844	robotic assisted left lung upper lobe wedge	2023-06-24	wall of stomach	No
surgery	CTDC-SUBJECT-159850	CTDC-SURGERY-326845	robotic assisted left lung upper lobe wedge	2021-11-29	wall of large intestine	No
surgery	CTDC-SUBJECT-581720	CTDC-SURGERY-326846	robotic assisted left lung upper lobe wedge	2020-06-16	serosa of stomach	No
surgery	CTDC-SUBJECT-906674	CTDC-SURGERY-326847	rectosigmoid colectomy	2021-07-31	wall of intestine	No
surgery	CTDC-SUBJECT-506858	CTDC-SURGERY-326848	rectosigmoid colectomy	2023-10-06	wall of intestine	No
surgery	CTDC-SUBJECT-273839	CTDC-SURGERY-326849	rectosigmoid colectomy	2020-07-03	wall of stomach	No
surgery	CTDC-SUBJECT-423309	CTDC-SURGERY-326850	rectosigmoid colectomy	2023-06-24	serosa of stomach	No
surgery	CTDC-SUBJECT-447893	CTDC-SURGERY-326851	rectosigmoid colectomy	2022-05-21	serosa of intestine	No
surgery	CTDC-SUBJECT-906674	CTDC-SURGERY-341874	CT guided left iliac biopsy	2021-10-04	wall of urinary bladder	Yes
surgery	CTDC-SUBJECT-687307	CTDC-SURGERY-341875	CT guided left iliac biopsy	2019-12-30	wall of intestine	Yes
surgery	CTDC-SUBJECT-922456	CTDC-SURGERY-341876	CT guided left iliac biopsy	2023-06-24	serosa of intestine	Yes
surgery	CTDC-SUBJECT-924034	CTDC-SURGERY-341877	CT guided left iliac biopsy	2022-06-30	wall of large intestine	Yes
surgery	CTDC-SUBJECT-241144	CTDC-SURGERY-341878	CT guided left iliac biopsy	2021-10-01	serosa of intestine	Yes
surgery	CTDC-SUBJECT-453504	CTDC-SURGERY-341879	CT guided left iliac biopsy	2020-06-16	serosa of intestine	Yes
surgery	CTDC-SUBJECT-169598	CTDC-SURGERY-341880	CT guided left iliac biopsy	2020-04-02	serosa of intestine	Yes
surgery	CTDC-SUBJECT-328307	CTDC-SURGERY-362869	Lymph node, retroperitoneal lymph node-biopsy	2023-03-21	serosa of stomach	No
surgery	CTDC-SUBJECT-660757	CTDC-SURGERY-365566	TURP and bilateral orchiectomy	2020-01-01	wall of urinary bladder	No
surgery	CTDC-SUBJECT-895243	CTDC-SURGERY-365567	TURP and bilateral orchiectomy	2021-03-29	wall of urinary bladder	No
surgery	CTDC-SUBJECT-701270	CTDC-SURGERY-365568	TURP and bilateral orchiectomy	2022-09-16	wall of urinary bladder	No
surgery	CTDC-SUBJECT-252950	CTDC-SURGERY-365569	TURP and bilateral orchiectomy	2020-01-01	serosa of stomach	No
surgery	CTDC-SUBJECT-922456	CTDC-SURGERY-365570	TURP and bilateral orchiectomy	2022-05-21	serosa of stomach	No
surgery	CTDC-SUBJECT-144844	CTDC-SURGERY-365571	TURP and bilateral orchiectomy	2023-01-14	wall of esophagus	No
surgery	CTDC-SUBJECT-660757	CTDC-SURGERY-394899	CT guided lung biopsy	2021-10-12	serosa of intestine	No
surgery	CTDC-SUBJECT-499991	CTDC-SURGERY-396148	hepatectomy	2021-10-12	wall of esophagus	No
surgery	CTDC-SUBJECT-724373	CTDC-SURGERY-396149	hepatectomy	2023-06-24	wall of urinary bladder	No
surgery	CTDC-SUBJECT-288185	CTDC-SURGERY-403089	Resection of periumbilical mass	2023-10-31	serosa of intestine	No
surgery	CTDC-SUBJECT-687307	CTDC-SURGERY-403090	Resection of periumbilical mass	2020-12-27	wall of urinary bladder	No
surgery	CTDC-SUBJECT-506259	CTDC-SURGERY-406067	ultrasound-guided core biopsy	2021-10-12	serosa of stomach	No
surgery	CTDC-SUBJECT-273839	CTDC-SURGERY-406068	ultrasound-guided core biopsy	2019-10-04	wall of esophagus	No
surgery	CTDC-SUBJECT-328245	CTDC-SURGERY-411305	colonoscopy	2023-06-23	serosa of intestine	No
surgery	CTDC-SUBJECT-865958	CTDC-SURGERY-411306	colonoscopy	2021-08-19	wall of stomach	No
surgery	CTDC-SUBJECT-180549	CTDC-SURGERY-411307	colonoscopy	2021-12-14	wall of urinary bladder	No
surgery	CTDC-SUBJECT-946167	CTDC-SURGERY-411308	colonoscopy	2022-12-02	wall of large intestine	No
surgery	CTDC-SUBJECT-323772	CTDC-SURGERY-411309	colonoscopy	2022-09-16	serosa of stomach	No
surgery	CTDC-SUBJECT-818301	CTDC-SURGERY-411310	colonoscopy	2022-11-25	wall of urinary bladder	No
surgery	CTDC-SUBJECT-107225	CTDC-SURGERY-411311	colonoscopy	2021-10-30	wall of intestine	No
surgery	CTDC-SUBJECT-589930	CTDC-SURGERY-411312	colonoscopy	2023-10-06	wall of stomach	No
surgery	CTDC-SUBJECT-588312	CTDC-SURGERY-411313	colonoscopy	2021-07-20	wall of urinary bladder	No
surgery	CTDC-SUBJECT-506259	CTDC-SURGERY-412610	Biopsy	2021-11-29	wall of urinary bladder	No
surgery	CTDC-SUBJECT-777459	CTDC-SURGERY-412611	Biopsy	2021-10-30	wall of large intestine	No
surgery	CTDC-SUBJECT-554104	CTDC-SURGERY-412612	Biopsy	2023-06-24	wall of stomach	No
surgery	CTDC-SUBJECT-265741	CTDC-SURGERY-412613	Biopsy	2021-07-20	serosa of intestine	No
surgery	CTDC-SUBJECT-724275	CTDC-SURGERY-412614	Biopsy	2020-01-05	serosa of intestine	No
surgery	CTDC-SUBJECT-408313	CTDC-SURGERY-412615	Biopsy	2019-12-30	wall of intestine	No
surgery	CTDC-SUBJECT-668537	CTDC-SURGERY-412616	Biopsy	2023-04-18	serosa of stomach	No
surgery	CTDC-SUBJECT-362134	CTDC-SURGERY-412617	Biopsy	2021-10-30	wall of stomach	No
surgery	CTDC-SUBJECT-809540	CTDC-SURGERY-428340	Lymph node, retroperitoneal lymph node-biopsy	2021-03-29	wall of esophagus	Yes
surgery	CTDC-SUBJECT-959628	CTDC-SURGERY-428341	Lymph node, retroperitoneal lymph node-biopsy	2022-06-30	serosa of intestine	Yes
surgery	CTDC-SUBJECT-702420	CTDC-SURGERY-428342	Lymph node, retroperitoneal lymph node-biopsy	2022-11-25	serosa of intestine	Yes
surgery	CTDC-SUBJECT-211748	CTDC-SURGERY-428343	Lymph node, retroperitoneal lymph node-biopsy	2019-10-04	serosa of intestine	Yes
surgery	CTDC-SUBJECT-519269	CTDC-SURGERY-436307	sigmoid resection	2021-07-20	serosa of stomach	Yes
surgery	CTDC-SUBJECT-489761	CTDC-SURGERY-436308	sigmoid resection	2020-12-27	wall of intestine	Yes
surgery	CTDC-SUBJECT-926826	CTDC-SURGERY-436309	sigmoid resection	2022-06-30	wall of stomach	Yes
surgery	CTDC-SUBJECT-636260	CTDC-SURGERY-449179	CT guided left iliac biopsy	2023-03-21	wall of stomach	Yes
surgery	CTDC-SUBJECT-180549	CTDC-SURGERY-449180	CT guided left iliac biopsy	2020-01-05	serosa of stomach	Yes
surgery	CTDC-SUBJECT-681212	CTDC-SURGERY-449181	CT guided left iliac biopsy	2021-07-20	wall of intestine	Yes
surgery	CTDC-SUBJECT-221942	CTDC-SURGERY-449182	CT guided left iliac biopsy	2021-10-12	wall of large intestine	Yes
surgery	CTDC-SUBJECT-741080	CTDC-SURGERY-449183	CT guided left iliac biopsy	2021-08-19	wall of large intestine	Yes
surgery	CTDC-SUBJECT-123051	CTDC-SURGERY-449184	CT guided left iliac biopsy	2020-06-16	wall of urinary bladder	Yes
surgery	CTDC-SUBJECT-527319	CTDC-SURGERY-464401	Lymph node dissection	2021-11-06	wall of intestine	Yes
surgery	CTDC-SUBJECT-375632	CTDC-SURGERY-464402	Lymph node dissection	2022-11-25	wall of stomach	Yes
surgery	CTDC-SUBJECT-328245	CTDC-SURGERY-473660	subtotal colectomy, end ileostomy, liver biopsy and wedge (segment 8)	2022-06-09	serosa of intestine	No
surgery	CTDC-SUBJECT-489761	CTDC-SURGERY-473661	subtotal colectomy, end ileostomy, liver biopsy and wedge (segment 8)	2023-06-23	wall of intestine	No
surgery	CTDC-SUBJECT-906674	CTDC-SURGERY-507653	Thoracic Decompression - Removal of Tumor	2020-01-01	serosa of stomach	Yes
surgery	CTDC-SUBJECT-836180	CTDC-SURGERY-507654	Thoracic Decompression - Removal of Tumor	2022-05-21	serosa of intestine	Yes
surgery	CTDC-SUBJECT-105359	CTDC-SURGERY-507655	Thoracic Decompression - Removal of Tumor	2023-04-04	wall of stomach	Yes
surgery	CTDC-SUBJECT-323772	CTDC-SURGERY-507656	Thoracic Decompression - Removal of Tumor	2021-03-29	serosa of stomach	Yes
surgery	CTDC-SUBJECT-821817	CTDC-SURGERY-507657	Thoracic Decompression - Removal of Tumor	2023-06-23	wall of stomach	Yes
surgery	CTDC-SUBJECT-489761	CTDC-SURGERY-507658	Thoracic Decompression - Removal of Tumor	2022-06-09	wall of esophagus	Yes
surgery	CTDC-SUBJECT-484915	CTDC-SURGERY-507659	Thoracic Decompression - Removal of Tumor	2021-07-16	wall of esophagus	Yes
surgery	CTDC-SUBJECT-850225	CTDC-SURGERY-508721	Colon resection and ovary removal	2020-12-27	wall of large intestine	Yes
surgery	CTDC-SUBJECT-718374	CTDC-SURGERY-508722	Colon resection and ovary removal	2021-07-20	wall of urinary bladder	Yes
surgery	CTDC-SUBJECT-254053	CTDC-SURGERY-508723	Colon resection and ovary removal	2023-06-24	wall of esophagus	Yes
surgery	CTDC-SUBJECT-826378	CTDC-SURGERY-508724	Colon resection and ovary removal	2023-06-23	wall of stomach	Yes
surgery	CTDC-SUBJECT-265741	CTDC-SURGERY-508725	Colon resection and ovary removal	2020-01-05	wall of intestine	Yes
surgery	CTDC-SUBJECT-161315	CTDC-SURGERY-508726	Colon resection and ovary removal	2022-05-21	wall of urinary bladder	Yes
surgery	CTDC-SUBJECT-408313	CTDC-SURGERY-508727	Colon resection and ovary removal	2021-11-06	serosa of intestine	Yes
surgery	CTDC-SUBJECT-839702	CTDC-SURGERY-508728	Colon resection and ovary removal	2021-07-31	wall of intestine	Yes
surgery	CTDC-SUBJECT-447893	CTDC-SURGERY-508729	Colon resection and ovary removal	2023-06-23	wall of urinary bladder	Yes
surgery	CTDC-SUBJECT-433750	CTDC-SURGERY-508730	Colon resection and ovary removal	2019-04-26	wall of large intestine	Yes
surgery	CTDC-SUBJECT-956257	CTDC-SURGERY-508731	Colon resection and ovary removal	2022-01-24	wall of stomach	Yes
surgery	CTDC-SUBJECT-880100	CTDC-SURGERY-508732	Colon resection and ovary removal	2020-01-01	serosa of stomach	Yes
surgery	CTDC-SUBJECT-580164	CTDC-SURGERY-508733	Colon resection and ovary removal	2022-06-30	wall of esophagus	Yes
surgery	CTDC-SUBJECT-328307	CTDC-SURGERY-512708	cytoreductive surgery with HIPEC	2020-06-16	wall of large intestine	No
surgery	CTDC-SUBJECT-476464	CTDC-SURGERY-512709	cytoreductive surgery with HIPEC	2021-07-20	wall of stomach	No
surgery	CTDC-SUBJECT-628752	CTDC-SURGERY-513447	Laparoscopic Diverting Colostomy	2021-07-16	wall of intestine	No
surgery	CTDC-SUBJECT-880446	CTDC-SURGERY-513448	Laparoscopic Diverting Colostomy	2021-07-20	serosa of intestine	No
surgery	CTDC-SUBJECT-640943	CTDC-SURGERY-519580	Stomach, antral ulcer-biopsy	2019-12-20	wall of large intestine	No
surgery	CTDC-SUBJECT-254053	CTDC-SURGERY-519581	Stomach, antral ulcer-biopsy	2022-01-24	serosa of stomach	No
surgery	CTDC-SUBJECT-180549	CTDC-SURGERY-519582	Stomach, antral ulcer-biopsy	2021-07-20	wall of urinary bladder	No
surgery	CTDC-SUBJECT-202893	CTDC-SURGERY-519583	Stomach, antral ulcer-biopsy	2019-11-30	wall of intestine	No
surgery	CTDC-SUBJECT-681212	CTDC-SURGERY-519584	Stomach, antral ulcer-biopsy	2019-10-12	wall of urinary bladder	No
surgery	CTDC-SUBJECT-668537	CTDC-SURGERY-519585	Stomach, antral ulcer-biopsy	2023-06-24	wall of intestine	No
surgery	CTDC-SUBJECT-433750	CTDC-SURGERY-519586	Stomach, antral ulcer-biopsy	2023-06-24	serosa of stomach	No
surgery	CTDC-SUBJECT-433750	CTDC-SURGERY-519587	Stomach, antral ulcer-biopsy	2020-09-28	wall of urinary bladder	No
surgery	CTDC-SUBJECT-969430	CTDC-SURGERY-519588	Stomach, antral ulcer-biopsy	2022-12-02	serosa of intestine	No
surgery	CTDC-SUBJECT-390087	CTDC-SURGERY-519589	Stomach, antral ulcer-biopsy	2023-10-31	wall of esophagus	No
surgery	CTDC-SUBJECT-926826	CTDC-SURGERY-519590	Stomach, antral ulcer-biopsy	2019-01-03	wall of urinary bladder	No
surgery	CTDC-SUBJECT-848158	CTDC-SURGERY-519591	Stomach, antral ulcer-biopsy	2021-11-29	wall of urinary bladder	No
surgery	CTDC-SUBJECT-453504	CTDC-SURGERY-519592	Stomach, antral ulcer-biopsy	2022-11-25	wall of stomach	No
surgery	CTDC-SUBJECT-341676	CTDC-SURGERY-519593	Stomach, antral ulcer-biopsy	2022-11-25	wall of esophagus	No
surgery	CTDC-SUBJECT-165330	CTDC-SURGERY-534206	abdominoperineal resection	2021-10-04	wall of large intestine	Yes
surgery	CTDC-SUBJECT-777459	CTDC-SURGERY-534207	abdominoperineal resection	2021-11-29	wall of stomach	Yes
surgery	CTDC-SUBJECT-865958	CTDC-SURGERY-534208	abdominoperineal resection	2021-11-29	wall of intestine	Yes
surgery	CTDC-SUBJECT-550851	CTDC-SURGERY-534209	abdominoperineal resection	2023-06-24	wall of stomach	Yes
surgery	CTDC-SUBJECT-161315	CTDC-SURGERY-534210	abdominoperineal resection	2023-04-04	serosa of stomach	Yes
surgery	CTDC-SUBJECT-144313	CTDC-SURGERY-534211	abdominoperineal resection	2023-06-24	wall of intestine	Yes
surgery	CTDC-SUBJECT-480486	CTDC-SURGERY-534212	abdominoperineal resection	2021-07-20	wall of urinary bladder	Yes
surgery	CTDC-SUBJECT-144844	CTDC-SURGERY-534213	abdominoperineal resection	2021-07-20	wall of urinary bladder	Yes
surgery	CTDC-SUBJECT-484915	CTDC-SURGERY-534214	abdominoperineal resection	2023-06-23	serosa of stomach	Yes
surgery	CTDC-SUBJECT-947001	CTDC-SURGERY-534215	abdominoperineal resection	2021-10-12	serosa of stomach	Yes
surgery	CTDC-SUBJECT-147802	CTDC-SURGERY-534216	abdominoperineal resection	2021-07-20	wall of intestine	Yes
surgery	CTDC-SUBJECT-443429	CTDC-SURGERY-538495	fine needle biopsy	2021-07-20	serosa of stomach	No
surgery	CTDC-SUBJECT-777459	CTDC-SURGERY-538496	fine needle biopsy	2020-06-16	wall of intestine	No
surgery	CTDC-SUBJECT-724373	CTDC-SURGERY-538497	fine needle biopsy	2022-03-04	wall of stomach	No
surgery	CTDC-SUBJECT-839702	CTDC-SURGERY-538498	fine needle biopsy	2021-03-29	wall of intestine	No
surgery	CTDC-SUBJECT-301806	CTDC-SURGERY-538499	fine needle biopsy	2022-05-21	wall of urinary bladder	No
surgery	CTDC-SUBJECT-447893	CTDC-SURGERY-538500	fine needle biopsy	2023-06-23	wall of esophagus	No
surgery	CTDC-SUBJECT-959503	CTDC-SURGERY-538501	fine needle biopsy	2021-11-29	wall of large intestine	No
surgery	CTDC-SUBJECT-924034	CTDC-SURGERY-538502	fine needle biopsy	2020-06-16	wall of large intestine	No
surgery	CTDC-SUBJECT-144844	CTDC-SURGERY-538503	fine needle biopsy	2021-10-30	wall of intestine	No
surgery	CTDC-SUBJECT-589930	CTDC-SURGERY-538504	fine needle biopsy	2021-11-06	serosa of intestine	No
surgery	CTDC-SUBJECT-575176	CTDC-SURGERY-554104	needle core biopsy	2020-06-16	wall of esophagus	No
surgery	CTDC-SUBJECT-701270	CTDC-SURGERY-554105	needle core biopsy	2023-06-24	wall of intestine	No
surgery	CTDC-SUBJECT-880446	CTDC-SURGERY-554106	needle core biopsy	2020-11-30	wall of stomach	No
surgery	CTDC-SUBJECT-480486	CTDC-SURGERY-554107	needle core biopsy	2020-11-30	wall of esophagus	No
surgery	CTDC-SUBJECT-954089	CTDC-SURGERY-564294	left lung wedge resection	2019-12-20	wall of intestine	No
surgery	CTDC-SUBJECT-301806	CTDC-SURGERY-564295	left lung wedge resection	2021-03-29	serosa of intestine	No
surgery	CTDC-SUBJECT-323772	CTDC-SURGERY-564296	left lung wedge resection	2020-01-01	wall of urinary bladder	No
surgery	CTDC-SUBJECT-123051	CTDC-SURGERY-564297	left lung wedge resection	2023-06-23	wall of urinary bladder	No
surgery	CTDC-SUBJECT-506259	CTDC-SURGERY-575557	colonoscopy	2023-06-23	wall of large intestine	Yes
surgery	CTDC-SUBJECT-476464	CTDC-SURGERY-575558	colonoscopy	2021-08-19	wall of stomach	Yes
surgery	CTDC-SUBJECT-660757	CTDC-SURGERY-580865	needle core biopsy	2020-04-10	wall of large intestine	Yes
surgery	CTDC-SUBJECT-316498	CTDC-SURGERY-580866	needle core biopsy	2023-06-23	serosa of stomach	Yes
surgery	CTDC-SUBJECT-837376	CTDC-SURGERY-613697	Open partial hepatectomy	2020-06-16	wall of esophagus	No
surgery	CTDC-SUBJECT-328307	CTDC-SURGERY-616009	Laparoscopic, hand assisted low anterior resection with end descending colostomy and Laparoscopic complete mobilization of the splenic flexure	2023-03-21	serosa of stomach	No
surgery	CTDC-SUBJECT-508659	CTDC-SURGERY-616010	Laparoscopic, hand assisted low anterior resection with end descending colostomy and Laparoscopic complete mobilization of the splenic flexure	2020-06-16	wall of large intestine	No
surgery	CTDC-SUBJECT-180549	CTDC-SURGERY-616011	Laparoscopic, hand assisted low anterior resection with end descending colostomy and Laparoscopic complete mobilization of the splenic flexure	2021-07-20	wall of esophagus	No
surgery	CTDC-SUBJECT-221047	CTDC-SURGERY-616012	Laparoscopic, hand assisted low anterior resection with end descending colostomy and Laparoscopic complete mobilization of the splenic flexure	2022-06-30	wall of intestine	No
surgery	CTDC-SUBJECT-480486	CTDC-SURGERY-616013	Laparoscopic, hand assisted low anterior resection with end descending colostomy and Laparoscopic complete mobilization of the splenic flexure	2021-10-12	wall of urinary bladder	No
surgery	CTDC-SUBJECT-147802	CTDC-SURGERY-616014	Laparoscopic, hand assisted low anterior resection with end descending colostomy and Laparoscopic complete mobilization of the splenic flexure	2021-10-30	wall of urinary bladder	No
surgery	CTDC-SUBJECT-908831	CTDC-SURGERY-646234	IR Kyphoplasty	2020-01-01	serosa of intestine	Yes
surgery	CTDC-SUBJECT-249982	CTDC-SURGERY-646235	IR Kyphoplasty	2021-07-20	wall of urinary bladder	Yes
surgery	CTDC-SUBJECT-498683	CTDC-SURGERY-646236	IR Kyphoplasty	2021-03-29	wall of intestine	Yes
surgery	CTDC-SUBJECT-589930	CTDC-SURGERY-646237	IR Kyphoplasty	2021-10-12	wall of urinary bladder	Yes
surgery	CTDC-SUBJECT-786247	CTDC-SURGERY-651053	Lymph node, left axillary, needle core biopsy	2019-04-26	wall of urinary bladder	Yes
surgery	CTDC-SUBJECT-180549	CTDC-SURGERY-651054	Lymph node, left axillary, needle core biopsy	2021-11-29	wall of urinary bladder	Yes
surgery	CTDC-SUBJECT-252950	CTDC-SURGERY-651055	Lymph node, left axillary, needle core biopsy	2023-01-14	wall of stomach	Yes
surgery	CTDC-SUBJECT-116372	CTDC-SURGERY-651056	Lymph node, left axillary, needle core biopsy	2021-07-16	wall of esophagus	Yes
surgery	CTDC-SUBJECT-906674	CTDC-SURGERY-685155	Laparoscopic mobilization o fleft colon and splenic flexure, open rectosigmoid resection with anastamosis	2020-09-12	wall of stomach	No
surgery	CTDC-SUBJECT-508659	CTDC-SURGERY-701278	Colon resection and ovary removal	2021-07-16	wall of intestine	Yes
surgery	CTDC-SUBJECT-436957	CTDC-SURGERY-701279	Colon resection and ovary removal	2021-07-31	serosa of intestine	Yes
surgery	CTDC-SUBJECT-714422	CTDC-SURGERY-702498	Biopsy	2023-06-24	wall of large intestine	Yes
surgery	CTDC-SUBJECT-336076	CTDC-SURGERY-702499	Biopsy	2022-06-09	serosa of stomach	Yes
surgery	CTDC-SUBJECT-387207	CTDC-SURGERY-702500	Biopsy	2019-10-04	wall of large intestine	Yes
surgery	CTDC-SUBJECT-860750	CTDC-SURGERY-768338	Bronchoscopy, endobronchial ultrasound	2020-09-12	wall of stomach	No
surgery	CTDC-SUBJECT-296184	CTDC-SURGERY-768339	Bronchoscopy, endobronchial ultrasound	2021-08-19	serosa of intestine	No
surgery	CTDC-SUBJECT-668537	CTDC-SURGERY-768340	Bronchoscopy, endobronchial ultrasound	2021-10-12	wall of esophagus	No
surgery	CTDC-SUBJECT-375632	CTDC-SURGERY-768341	Bronchoscopy, endobronchial ultrasound	2021-10-12	wall of intestine	No
surgery	CTDC-SUBJECT-811589	CTDC-SURGERY-768342	Bronchoscopy, endobronchial ultrasound	2019-04-26	wall of urinary bladder	No
surgery	CTDC-SUBJECT-852840	CTDC-SURGERY-784311	cytoreductive surgery with HIPEC	2023-06-23	serosa of stomach	No
surgery	CTDC-SUBJECT-296184	CTDC-SURGERY-784312	cytoreductive surgery with HIPEC	2020-04-10	wall of intestine	No
surgery	CTDC-SUBJECT-343157	CTDC-SURGERY-804651	Portion of mass from right foot, biopsy	2021-10-12	wall of large intestine	Yes
surgery	CTDC-SUBJECT-660757	CTDC-SURGERY-812695	Open partial hepatectomy	2023-03-21	serosa of stomach	No
surgery	CTDC-SUBJECT-508659	CTDC-SURGERY-812779	abdominoperineal resection	2021-07-16	wall of esophagus	No
surgery	CTDC-SUBJECT-254303	CTDC-SURGERY-812780	abdominoperineal resection	2021-07-20	wall of esophagus	No
surgery	CTDC-SUBJECT-946167	CTDC-SURGERY-812781	abdominoperineal resection	2023-04-04	wall of urinary bladder	No
surgery	CTDC-SUBJECT-648259	CTDC-SURGERY-812782	abdominoperineal resection	2021-10-30	serosa of intestine	No
surgery	CTDC-SUBJECT-165330	CTDC-SURGERY-820689	Right sub trochanteric fracture ORIF w/ TFN	2021-07-16	wall of esophagus	No
surgery	CTDC-SUBJECT-640748	CTDC-SURGERY-831927	Laparoscopic, hand assisted low anterior resection with end descending colostomy and Laparoscopic complete mobilization of the splenic flexure	2023-10-31	wall of large intestine	Yes
surgery	CTDC-SUBJECT-506858	CTDC-SURGERY-831928	Laparoscopic, hand assisted low anterior resection with end descending colostomy and Laparoscopic complete mobilization of the splenic flexure	2020-12-27	serosa of stomach	Yes
surgery	CTDC-SUBJECT-959628	CTDC-SURGERY-831929	Laparoscopic, hand assisted low anterior resection with end descending colostomy and Laparoscopic complete mobilization of the splenic flexure	2023-06-23	wall of stomach	Yes
surgery	CTDC-SUBJECT-496827	CTDC-SURGERY-831930	Laparoscopic, hand assisted low anterior resection with end descending colostomy and Laparoscopic complete mobilization of the splenic flexure	2023-10-06	wall of large intestine	Yes
surgery	CTDC-SUBJECT-169598	CTDC-SURGERY-831931	Laparoscopic, hand assisted low anterior resection with end descending colostomy and Laparoscopic complete mobilization of the splenic flexure	2022-11-25	wall of large intestine	Yes
surgery	CTDC-SUBJECT-328307	CTDC-SURGERY-833841	Lymph node, left axillary, needle core biopsy	2023-06-23	wall of intestine	No
surgery	CTDC-SUBJECT-348141	CTDC-SURGERY-833842	Lymph node, left axillary, needle core biopsy	2021-10-12	serosa of intestine	No
surgery	CTDC-SUBJECT-328307	CTDC-SURGERY-847039	Resection of periumbilical mass	2021-03-29	wall of stomach	No
surgery	CTDC-SUBJECT-725631	CTDC-SURGERY-862838	Lymph node, fine-needle aspirate (aspirate smears and cell block	2021-07-20	wall of intestine	Yes
surgery	CTDC-SUBJECT-639280	CTDC-SURGERY-862839	Lymph node, fine-needle aspirate (aspirate smears and cell block	2023-01-14	wall of stomach	Yes
surgery	CTDC-SUBJECT-646347	CTDC-SURGERY-862840	Lymph node, fine-needle aspirate (aspirate smears and cell block	2023-06-24	wall of urinary bladder	Yes
surgery	CTDC-SUBJECT-447893	CTDC-SURGERY-862841	Lymph node, fine-needle aspirate (aspirate smears and cell block	2021-07-20	wall of urinary bladder	Yes
surgery	CTDC-SUBJECT-668537	CTDC-SURGERY-862842	Lymph node, fine-needle aspirate (aspirate smears and cell block	2022-11-25	wall of large intestine	Yes
surgery	CTDC-SUBJECT-894501	CTDC-SURGERY-862843	Lymph node, fine-needle aspirate (aspirate smears and cell block	2021-07-16	wall of stomach	Yes
surgery	CTDC-SUBJECT-436957	CTDC-SURGERY-862844	Lymph node, fine-needle aspirate (aspirate smears and cell block	2021-07-20	wall of stomach	Yes
surgery	CTDC-SUBJECT-316498	CTDC-SURGERY-862845	Lymph node, fine-needle aspirate (aspirate smears and cell block	2020-01-05	wall of urinary bladder	Yes
surgery	CTDC-SUBJECT-375632	CTDC-SURGERY-862846	Lymph node, fine-needle aspirate (aspirate smears and cell block	2021-07-20	wall of stomach	Yes
surgery	CTDC-SUBJECT-837376	CTDC-SURGERY-871069	IR Kyphoplasty	2021-07-20	serosa of intestine	Yes
surgery	CTDC-SUBJECT-405624	CTDC-SURGERY-871070	IR Kyphoplasty	2021-07-20	wall of large intestine	Yes
surgery	CTDC-SUBJECT-718374	CTDC-SURGERY-871071	IR Kyphoplasty	2023-06-24	wall of stomach	Yes
surgery	CTDC-SUBJECT-687307	CTDC-SURGERY-871072	IR Kyphoplasty	2019-12-30	serosa of stomach	Yes
surgery	CTDC-SUBJECT-880446	CTDC-SURGERY-871073	IR Kyphoplasty	2021-03-29	wall of urinary bladder	Yes
surgery	CTDC-SUBJECT-379968	CTDC-SURGERY-871074	IR Kyphoplasty	2022-06-30	serosa of intestine	Yes
surgery	CTDC-SUBJECT-959503	CTDC-SURGERY-871075	IR Kyphoplasty	2019-12-20	serosa of stomach	Yes
surgery	CTDC-SUBJECT-115563	CTDC-SURGERY-871076	IR Kyphoplasty	2023-10-31	wall of urinary bladder	Yes
surgery	CTDC-SUBJECT-144313	CTDC-SURGERY-871077	IR Kyphoplasty	2023-06-23	serosa of stomach	Yes
surgery	CTDC-SUBJECT-107225	CTDC-SURGERY-871078	IR Kyphoplasty	2019-10-27	serosa of stomach	Yes
surgery	CTDC-SUBJECT-581720	CTDC-SURGERY-871079	IR Kyphoplasty	2023-06-23	wall of stomach	Yes
surgery	CTDC-SUBJECT-445414	CTDC-SURGERY-877163	Lymph node, fine-needle aspirate (aspirate smears and cell block	2019-01-03	serosa of stomach	No
surgery	CTDC-SUBJECT-456210	CTDC-SURGERY-907815	Lymph node dissection	2019-01-03	serosa of intestine	No
surgery	CTDC-SUBJECT-506259	CTDC-SURGERY-910459	Open Reduction and Internal Fixation (ORIF) of the right proximal humerus fracture and curettage and cementing of right proximal humerus	2021-07-31	wall of large intestine	Yes
surgery	CTDC-SUBJECT-408313	CTDC-SURGERY-910460	Open Reduction and Internal Fixation (ORIF) of the right proximal humerus fracture and curettage and cementing of right proximal humerus	2023-06-24	serosa of intestine	Yes
surgery	CTDC-SUBJECT-527319	CTDC-SURGERY-914716	left lung wedge resection	2023-03-21	wall of urinary bladder	Yes
surgery	CTDC-SUBJECT-724373	CTDC-SURGERY-914717	left lung wedge resection	2020-01-01	wall of stomach	Yes
surgery	CTDC-SUBJECT-196654	CTDC-SURGERY-914718	left lung wedge resection	2023-06-23	wall of stomach	Yes
surgery	CTDC-SUBJECT-660757	CTDC-SURGERY-925996	Thoracic Laminectomy - Removal of Lesion	2021-08-19	wall of large intestine	Yes
surgery	CTDC-SUBJECT-777459	CTDC-SURGERY-925997	Thoracic Laminectomy - Removal of Lesion	2021-07-16	serosa of intestine	Yes
surgery	CTDC-SUBJECT-456180	CTDC-SURGERY-925998	Thoracic Laminectomy - Removal of Lesion	2020-01-05	wall of stomach	Yes
surgery	CTDC-SUBJECT-273839	CTDC-SURGERY-925999	Thoracic Laminectomy - Removal of Lesion	2020-09-12	serosa of stomach	Yes
surgery	CTDC-SUBJECT-995809	CTDC-SURGERY-926000	Thoracic Laminectomy - Removal of Lesion	2020-01-01	wall of large intestine	Yes
surgery	CTDC-SUBJECT-386686	CTDC-SURGERY-926001	Thoracic Laminectomy - Removal of Lesion	2023-06-24	wall of stomach	Yes
surgery	CTDC-SUBJECT-323772	CTDC-SURGERY-926002	Thoracic Laminectomy - Removal of Lesion	2023-03-21	serosa of intestine	Yes
surgery	CTDC-SUBJECT-189635	CTDC-SURGERY-926003	Thoracic Laminectomy - Removal of Lesion	2021-10-12	wall of urinary bladder	Yes
surgery	CTDC-SUBJECT-375632	CTDC-SURGERY-926004	Thoracic Laminectomy - Removal of Lesion	2023-03-21	wall of stomach	Yes
surgery	CTDC-SUBJECT-527319	CTDC-SURGERY-961871	Liver, RUQ-biopsy	2021-10-12	wall of stomach	Yes
surgery	CTDC-SUBJECT-622335	CTDC-SURGERY-961872	Liver, RUQ-biopsy	2023-06-23	serosa of stomach	Yes
surgery	CTDC-SUBJECT-640748	CTDC-SURGERY-982392	robotic assisted left lung upper lobe wedge	2021-10-12	wall of intestine	Yes
surgery	CTDC-SUBJECT-839702	CTDC-SURGERY-982393	robotic assisted left lung upper lobe wedge	2021-10-01	wall of urinary bladder	Yes
surgery	CTDC-SUBJECT-105359	CTDC-SURGERY-982394	robotic assisted left lung upper lobe wedge	2023-06-23	serosa of stomach	Yes
surgery	CTDC-SUBJECT-144313	CTDC-SURGERY-982395	robotic assisted left lung upper lobe wedge	2021-07-20	wall of stomach	Yes
surgery	CTDC-SUBJECT-660757	CTDC-SURGERY-982396	right lung mass CT guided FNA (cytology)	2022-05-21	wall of stomach	Yes
surgery	CTDC-SUBJECT-777459	CTDC-SURGERY-982397	right lung mass CT guided FNA (cytology)	2021-10-01	serosa of intestine	Yes
surgery	CTDC-SUBJECT-959628	CTDC-SURGERY-982398	right lung mass CT guided FNA (cytology)	2023-06-23	wall of stomach	Yes
surgery	CTDC-SUBJECT-189635	CTDC-SURGERY-982399	right lung mass CT guided FNA (cytology)	2023-01-14	serosa of stomach	Yes
						
