diagnosis_id	primary_diagnosis	type	study_diagnosis_id	participant.study_participant_id	age_at_diagnosis	primary_diagnosis	disease_type	primary_site	tumor_grade	tumor_stage_clinical_m	tumor_stage_clinical_n	tumor_stage_clinical_t	incidence_type	last_known_disease_status
PBBNL_164	Unknown	diagnosis	phs000000_CDS1164_PBBNL_164	phs000000_CDS1164	628	Undifferentiated Malignant Neoplasm with Rhabdoid Morphology And INI1 Loss	Hodgkin Lymphoma	Lymph Node	G2	M1	N3b	T2	progression	Biochemical evidence of disease without structural correlate
PBBNL_7	Unknown	diagnosis	phs000000_CDS1007_PBBNL_7	phs000000_CDS1007	81	Well To Moderately Differentiated Colonic Adenocarcinoma	Basal Cell Neoplasm	Vagina	G2	Not Reported	Not Reported	Tis	no_disease	Distant met recurrence/progression
PBBNL_45	Unknown	diagnosis	phs000000_CDS1045_PBBNL_45	phs000000_CDS1045	609	Low Grade Glioneuronal Neoplasm	Mesothelial Neoplasm	Other Endocrine Glands and Related Structures ICD-O-3	G3	M1b	N2c	Not Reported	recurrence	Tumor free
PBBNL_10	Unknown	diagnosis	phs000000_CDS1010_PBBNL_10	phs000000_CDS1010	971	"Retinoblastoma, moderately differentiated"	Wolffian Tumor	Breast	Low Grade	Unknown	NX	T2b	progression	Metastasis
PBBNL_95	Unknown	diagnosis	phs000000_CDS1095_PBBNL_95	phs000000_CDS1095	309	Follicular Hyperplasia/Metastatic Papillary Thyroid Cancer	Bone Neoplasm	Gingiva	Unknown	cM0 (i+)	N3a	T3c	metastasis	Remission
PBBNL_137	Unknown	diagnosis	phs000000_CDS1137_PBBNL_137	phs000000_CDS1137	442	Cellular Neoplasm	Glioma	Other and Unspecified Parts of Biliary Tract ICD-O-3	GX	Not Reported	N3	T4a	progression	Metastasis
PBBNL_145	Unknown	diagnosis	phs000000_CDS1145_PBBNL_145	phs000000_CDS1145	399	Granulosa cell tumor	Wolffian Tumor	Nasopharynx	G2	M1	N1mi	T1a1	progression	Primary
PBBNL_56	Unknown	diagnosis	phs000000_CDS1056_PBBNL_56	phs000000_CDS1056	953	Residual Dermatofibrosarcoma Protuberans	Myelodysplastic Syndrome	Meninges	G3	Unknown	N1a	T1a1	recurrence	Distant met recurrence/progression
PBBNL_108	Unknown	diagnosis	phs000000_CDS1108_PBBNL_108	phs000000_CDS1108	20	Acute Promyelocytic Leukemia	Lymphoid Leukemia	Esophagus	Intermediate Grade	M1a	N1	T4a	recurrence	Distant met recurrence/progression
PBBNL_132	Unknown	diagnosis	phs000000_CDS1132_PBBNL_132	phs000000_CDS1132	19	Malignant myoepithelial of pediatric type	Bone Neoplasm	Esophagus	G3	M1a	N2a	T1c	primary	Biochemical evidence of disease without structural correlate
PBBNL_31	Unknown	diagnosis	phs000000_CDS1031_PBBNL_31	phs000000_CDS1031	421	Primitive malignant neoplasm with mesenchymal features	Odontogenic Neoplasm	Floor of Mouth	Unknown	Not Reported	N4	T3	no_disease	Remission
PBBNL_38	Unknown	diagnosis	phs000000_CDS1038_PBBNL_38	phs000000_CDS1038	995	Low Grade Glial Tumor	Lymphoid Leukemia	Other and Unspecified Parts of Tongue ICD-O-3	Low Grade	M1	N2	TX	progression	Distant met recurrence/progression
PBBNL_156	Unknown	diagnosis	phs000000_CDS1156_PBBNL_156	phs000000_CDS1156	913	Chondroblastic Osteosarcoma	Myomatous Neoplasm	Thyroid Gland	G1	M1a	N2c	T1a2	remission	Tumor free
PBBNL_194	Unknown	diagnosis	phs000000_CDS1194_PBBNL_194	phs000000_CDS1194	876	High-grade spindle cell sarcoma compatible with high grade malignant peripheral nerve sheath tumor	Not Reported	Lymph Node	G3	M0	N0 (i-)	T0	no_disease	Recurrence
PBBNL_126	Unknown	diagnosis	phs000000_CDS1126_PBBNL_126	phs000000_CDS1126	751	Undifferential Small Round Blue Cell Tumor	Trophoblastic Tumor	Other and Unspecified Male Genital Organs ICD-O-3	High Grade	Unknown	N2c	T3d	recurrence	Remission
PBBNL_52	Unknown	diagnosis	phs000000_CDS1052_PBBNL_52	phs000000_CDS1052	769	Ovarian Sclerosing Stromal Tumor	Lymphatic Vessel Neoplasm	Corpus Uteri	G2	Not Reported	N4	T2d	recurrence	Loco-regional recurrence/progression
PBBNL_136	Unknown	diagnosis	phs000000_CDS1136_PBBNL_136	phs000000_CDS1136	871	Glioneuronal Tumor	Fibroepithelial Neoplasm	Paranasal Sinus	G4	cM0 (i+)	Not Reported	T2b	metastasis	Remission
PBBNL_162	Unknown	diagnosis	phs000000_CDS1162_PBBNL_162	phs000000_CDS1162	312	High-grade glioma with DICER1 and other mutations	Thymoma	Floor of Mouth	High Grade	Unknown	Unknown	T4b	metastasis	Biochemical evidence of disease without structural correlate
PBBNL_41	Unknown	diagnosis	phs000000_CDS1041_PBBNL_41	phs000000_CDS1041	797	"Glioma, histologically consistent with pilocytic astrocytoma, CNS WHO grade 1"	Epithelial Neoplasm	Adrenal Gland	Not Reported	cM0 (i+)	N2	T3	primary	Biochemical evidence of disease without structural correlate
PBBNL_89	Unknown	diagnosis	phs000000_CDS1089_PBBNL_89	phs000000_CDS1089	502	Rhabdomyosarcoma strongly suspected	Epithelial Neoplasm	Peritoneum and Retroperitoneum	GB	M1c	Not Reported	Ta	primary	Primary
PBBNL_188	Unknown	diagnosis	phs000000_CDS1188_PBBNL_188	phs000000_CDS1188	841	"Rhabdoid Tumor, Malignant"	Lymphoid Leukemia	Prostate Gland	G2	Unknown	N1	Tis (LCIS)	progression	Biochemical evidence of disease without structural correlate
PBBNL_115	Unknown	diagnosis	phs000000_CDS1115_PBBNL_115	phs000000_CDS1115	709	Ependymoma NOS	Myomatous Neoplasm	Placenta	Low Grade	Not Reported	N1mi	T1b	recurrence	Metastasis
PBBNL_140	Unknown	diagnosis	phs000000_CDS1140_PBBNL_140	phs000000_CDS1140	942	Acinar Cell Carcinoma	Bone Neoplasm	Other and Unspecified Urinary Organs ICD-O-3	GB	M1a	N0	T1a1	primary	Loco-regional recurrence/progression
PBBNL_151	Unknown	diagnosis	phs000000_CDS1151_PBBNL_151	phs000000_CDS1151	265	Embryonal Rhabdomyosarcoma	Neuroepithelial Neoplasm	Other and Unspecified Parts of Mouth ICD-O-3	High Grade	M1c	N0	T2a1	primary	Primary
PBBNL_72	Unknown	diagnosis	phs000000_CDS1072_PBBNL_72	phs000000_CDS1072	184	High Grade Neoplasm	Not Reported	Uterus	Intermediate Grade	M1b	N3a	T4a	metastasis	Remission
PBBNL_63	Unknown	diagnosis	phs000000_CDS1063_PBBNL_63	phs000000_CDS1063	819	Malignant neuroepithelial tumor	Lymphoma	Skin	GB	Unknown	N2b	T1b	recurrence	Progression
PBBNL_43	Unknown	diagnosis	phs000000_CDS1043_PBBNL_43	phs000000_CDS1043	70	"Embryonal rhabdomyosarcoma, minimal focal anaplasia"	Acinar Cell Neoplasm	Cervix Uteri	Intermediate Grade	M1	N0 (i+)	T2	remission	Tumor free
PBBNL_85	Unknown	diagnosis	phs000000_CDS1085_PBBNL_85	phs000000_CDS1085	649	Fibromatosis	Squamous Cell Neoplasm	Larynx	Not Reported	M1	Not Reported	T4c	remission	Metastasis
PBBNL_91	Unknown	diagnosis	phs000000_CDS1091_PBBNL_91	phs000000_CDS1091	189	"Intradural tumor with marked atypia c/w malignant lesion, Marked atypia c/w malignant lesion, Marked atypia consistent with malignant lesion"	Plasma Cell Neoplasm	Gallbladder	G2	Not Reported	N4	T2a1	progression	Remission
PBBNL_12	Unknown	diagnosis	phs000000_CDS1012_PBBNL_12	phs000000_CDS1012	330	Low grade neuroepithelial tumor (preliminary path report)	Lymphatic Vessel Neoplasm	Other and Ill-Defined Sites ICD-O-3	GX	M1	N1	T2b	primary	Primary
PBBNL_114	Unknown	diagnosis	phs000000_CDS1114_PBBNL_114	phs000000_CDS1114	869	Pheochromocytoma	Neuroepithelial Neoplasm	Ovary	GB	M1b	N3c	T2a1	metastasis	Distant met recurrence/progression
PBBNL_28	Unknown	diagnosis	phs000000_CDS1028_PBBNL_28	phs000000_CDS1028	835	Spinal Ependymoma Myxopapillary	Squamous Cell Neoplasm	Other and Unspecified Urinary Organs ICD-O-3	G2	Unknown	N1bII	T4d	primary	Progression
PBBNL_9	Unknown	diagnosis	phs000000_CDS1009_PBBNL_9	phs000000_CDS1009	616	Alveolar Rhabdomyosarcoma	Myeloproliferative Neoplasm	Peritoneum and Retroperitoneum	G3	Unknown	N1bI	Tis (Paget's)	primary	Remission
PBBNL_129	Unknown	diagnosis	phs000000_CDS1129_PBBNL_129	phs000000_CDS1129	287	Small Cell Neuroendocrine Carcinoma	Thymoma	Tonsil	GX	Unknown	N0 (mol-)	T1a1	remission	Biochemical evidence of disease without structural correlate
PBBNL_158	Unknown	diagnosis	phs000000_CDS1158_PBBNL_158	phs000000_CDS1158	324	B lymphoblastic leukemia/lymphoma with hyperdiploidy	Mature T-Cell and NK-Cell Non-Hodgkin Lymphoma	Lymph Node	Not Reported	M1	N2a	T4d	no_disease	Metastasis
PBBNL_40	Unknown	diagnosis	phs000000_CDS1040_PBBNL_40	phs000000_CDS1040	91	Round To Spindle Cell Sarcoma	Myomatous Neoplasm	Other and Unspecified Parts of Tongue ICD-O-3	G2	M1c	N2c	T4b	remission	Distant met recurrence/progression
PBBNL_37	Unknown	diagnosis	phs000000_CDS1037_PBBNL_37	phs000000_CDS1037	265	Anaplastic Ependymoma	Bone Neoplasm	Renal Pelvis	Low Grade	Not Reported	N2	T4d	no_disease	No_disease
PBBNL_20	Unknown	diagnosis	phs000000_CDS1020_PBBNL_20	phs000000_CDS1020	23	Primitive/embryonal tumor with high-grade features; compatible with medulloblastoma	Plasma Cell Neoplasm	Uterus	Unknown	M0	N1bIII	T1b	recurrence	Primary
PBBNL_35	Unknown	diagnosis	phs000000_CDS1035_PBBNL_35	phs000000_CDS1035	997	Posterior Fossa Tumor	Lymphoid Leukemia	Ureter	High Grade	M1	N3a	Not Reported	recurrence	Metastasis
PBBNL_80	Unknown	diagnosis	phs000000_CDS1080_PBBNL_80	phs000000_CDS1080	764	Ependymoma NOS	Mature T-Cell and NK-Cell Non-Hodgkin Lymphoma	Base of the Tongue	Intermediate Grade	M1b	N1c	T1a1	progression	Recurrence
PBBNL_106	Unknown	diagnosis	phs000000_CDS1106_PBBNL_106	phs000000_CDS1106	628	Undifferentiated Malignant Neoplasm with Rhabdoid Morphology And INI1 Loss		Lymph Node	G2	M2	N3b	T3	progression	Biochemical evidence of disease without structural correlate
PBBNL_79	Unknown	diagnosis	phs000000_CDS1079_PBBNL_79	phs000000_CDS1079	81	Well To Moderately Differentiated Colonic Adenocarcinoma		Vagina	G2	Not Reported	Not Reported	Tis	no_disease	Distant met recurrence/progression
PBBNL_19	Unknown	diagnosis	phs000000_CDS1019_PBBNL_19	phs000000_CDS1019	609	Low Grade Glioneuronal Neoplasm		Other Endocrine Glands and Related Structures ICD-O-4	G3	M1b	N2c	Not Reported	recurrence	Tumor free
PBBNL_123	Unknown	diagnosis	phs000000_CDS1123_PBBNL_123	phs000000_CDS1123	971	"Retinoblastoma, moderately differentiated"		Breast	Low Grade	Unknown	NX	T2b	progression	Metastasis
PBBNL_128	Unknown	diagnosis	phs000000_CDS1128_PBBNL_128	phs000000_CDS1128	309	Follicular Hyperplasia/Metastatic Papillary Thyroid Cancer		Gingiva	Unknown	cM0 (i+)	N3a	T3c	metastasis	Remission
PBBNL_131	Unknown	diagnosis	phs000000_CDS1131_PBBNL_131	phs000000_CDS1131	442	Cellular Neoplasm		Other and Unspecified Parts of Biliary Tract ICD-O-4	GX	Not Reported	N4	T4a	progression	Metastasis
PBBNL_200	Unknown	diagnosis	phs000000_CDS1200_PBBNL_200	phs000000_CDS1200	399	Granulosa cell tumor		Nasopharynx	G4	M2	N1mi	T1a1	progression	Primary
PBBNL_175	Unknown	diagnosis	phs000000_CDS1175_PBBNL_175	phs000000_CDS1175	953	Residual Dermatofibrosarcoma Protuberans		Meninges	G5	Unknown	N1a	T1a1	recurrence	Distant met recurrence/progression
PBBNL_163	Unknown	diagnosis	phs000000_CDS1163_PBBNL_163	phs000000_CDS1163	20	Acute Promyelocytic Leukemia		Esophagus	Intermediate Grade	M1a	N2	T4a	recurrence	Distant met recurrence/progression
PBBNL_150	Unknown	diagnosis	phs000000_CDS1150_PBBNL_150	phs000000_CDS1150	19	Malignant myoepithelial of pediatric type		Esophagus	G4	M1a	N2a	T1c	primary	Biochemical evidence of disease without structural correlate
PBBNL_155	Unknown	diagnosis	phs000000_CDS1155_PBBNL_155	phs000000_CDS1155	421	Primitive malignant neoplasm with mesenchymal features		Floor of Mouth	Unknown	Not Reported	N0	T4	no_disease	Remission
PBBNL_22	Unknown	diagnosis	phs000000_CDS1022_PBBNL_22	phs000000_CDS1022	995	Low Grade Glial Tumor		Other and Unspecified Parts of Tongue ICD-O-4	Low Grade	M2	N2	TX	progression	Distant met recurrence/progression
PBBNL_62	Unknown	diagnosis	phs000000_CDS1062_PBBNL_62	phs000000_CDS1062	913	Chondroblastic Osteosarcoma		Thyroid Gland	G5	M1a	N2c	T1a3	remission	Tumor free
PBBNL_60	Unknown	diagnosis	phs000000_CDS1060_PBBNL_60	phs000000_CDS1060	876	High-grade spindle cell sarcoma compatible with high grade malignant peripheral nerve sheath tumor		Lymph Node	G7	M1	N0 (i-)	T1	no_disease	Recurrence
PBBNL_157	Unknown	diagnosis	phs000000_CDS1157_PBBNL_157	phs000000_CDS1157	751	Undifferential Small Round Blue Cell Tumor		Other and Unspecified Male Genital Organs ICD-O-4	High Grade	Unknown	N2c	T3d	recurrence	Remission
PBBNL_179	Unknown	diagnosis	phs000000_CDS1179_PBBNL_179	phs000000_CDS1179	769	Ovarian Sclerosing Stromal Tumor		Corpus Uteri	G6	Not Reported	N5	T2d	recurrence	Loco-regional recurrence/progression
PBBNL_193	Unknown	diagnosis	phs000000_CDS1193_PBBNL_193	phs000000_CDS1193	871	Glioneuronal Tumor		Paranasal Sinus	G8	cM0 (i+)	Not Reported	T2b	metastasis	Remission
PBBNL_185	Unknown	diagnosis	phs000000_CDS1185_PBBNL_185	phs000000_CDS1185	312	High-grade glioma with DICER1 and other mutations		Floor of Mouth	High Grade	Unknown	Unknown	T4b	metastasis	Biochemical evidence of disease without structural correlate
PBBNL_17	Unknown	diagnosis	phs000000_CDS1017_PBBNL_17	phs000000_CDS1017	797	"Glioma, histologically consistent with pilocytic astrocytoma, CNS WHO grade 2"		Adrenal Gland	Not Reported	cM0 (i+)	N3	T4	primary	Biochemical evidence of disease without structural correlate
PBBNL_73	Unknown	diagnosis	phs000000_CDS1073_PBBNL_73	phs000000_CDS1073	502	Rhabdomyosarcoma strongly suspected		Peritoneum and Retroperitoneum	GB	M1c	Not Reported	Ta	primary	Primary
PBBNL_153	Unknown	diagnosis	phs000000_CDS1153_PBBNL_153	phs000000_CDS1153	841	"Rhabdoid Tumor, Malignant"		Prostate Gland	G3	Unknown	N2	Tis (LCIS)	progression	Biochemical evidence of disease without structural correlate
PBBNL_68	Unknown	diagnosis	phs000000_CDS1068_PBBNL_68	phs000000_CDS1068	709	Ependymoma NOS		Placenta	Low Grade	Not Reported	N1mi	T1b	recurrence	Metastasis
PBBNL_149	Unknown	diagnosis	phs000000_CDS1149_PBBNL_149	phs000000_CDS1149	942	Acinar Cell Carcinoma		Other and Unspecified Urinary Organs ICD-O-4	GB	M1a	N0	T1a2	primary	Loco-regional recurrence/progression
PBBNL_133	Unknown	diagnosis	phs000000_CDS1133_PBBNL_133	phs000000_CDS1133	265	Embryonal Rhabdomyosarcoma		Other and Unspecified Parts of Mouth ICD-O-4	High Grade	M1c	N0	T2a2	primary	Primary
PBBNL_8	Unknown	diagnosis	phs000000_CDS1008_PBBNL_8	phs000000_CDS1008	184	High Grade Neoplasm		Uterus	Intermediate Grade	M1b	N3a	T4a	metastasis	Remission
PBBNL_154	Unknown	diagnosis	phs000000_CDS1154_PBBNL_154	phs000000_CDS1154	819	Malignant neuroepithelial tumor		Skin	GB	Unknown	N2b	T1b	recurrence	Progression
PBBNL_122	Unknown	diagnosis	phs000000_CDS1122_PBBNL_122	phs000000_CDS1122	70	"Embryonal rhabdomyosarcoma, minimal focal anaplasia"		Cervix Uteri	Intermediate Grade	M1	N0 (i+)	T3	remission	Tumor free
PBBNL_172	Unknown	diagnosis	phs000000_CDS1172_PBBNL_172	phs000000_CDS1172	649	Fibromatosis		Larynx	Not Reported	M1	Not Reported	T4c	remission	Metastasis
PBBNL_199	Unknown	diagnosis	phs000000_CDS1199_PBBNL_199	phs000000_CDS1199	189	"Intradural tumor with marked atypia c/w malignant lesion, Marked atypia c/w malignant lesion, Marked atypia consistent with malignant lesion"		Gallbladder	G3	Not Reported	N2	T2a2	progression	Remission
PBBNL_11	Unknown	diagnosis	phs000000_CDS1011_PBBNL_11	phs000000_CDS1011	330	Low grade neuroepithelial tumor (preliminary path report)		Other and Ill-Defined Sites ICD-O-4	GX	M2	N5	T2b	primary	Primary
PBBNL_1	Unknown	diagnosis	phs000000_CDS1001_PBBNL_1	phs000000_CDS1001	869	Pheochromocytoma		Ovary	GB	M1b	N3c	T2a2	metastasis	Distant met recurrence/progression
PBBNL_167	Unknown	diagnosis	phs000000_CDS1167_PBBNL_167	phs000000_CDS1167	835	Spinal Ependymoma Myxopapillary		Other and Unspecified Urinary Organs ICD-O-4	G4	Unknown	N1bII	T4d	primary	Progression
PBBNL_50	Unknown	diagnosis	phs000000_CDS1050_PBBNL_50	phs000000_CDS1050	616	Alveolar Rhabdomyosarcoma		Peritoneum and Retroperitoneum	G5	Unknown	N1bI	Tis (Paget's)	primary	Remission
PBBNL_109	Unknown	diagnosis	phs000000_CDS1109_PBBNL_109	phs000000_CDS1109	287	Small Cell Neuroendocrine Carcinoma		Tonsil	GX	Unknown	N0 (mol-)	T1a2	remission	Biochemical evidence of disease without structural correlate
PBBNL_144	Unknown	diagnosis	phs000000_CDS1144_PBBNL_144	phs000000_CDS1144	324	B lymphoblastic leukemia/lymphoma with hyperdiploidy		Lymph Node	Not Reported	M2	N2a	T4d	no_disease	Metastasis
PBBNL_152	Unknown	diagnosis	phs000000_CDS1152_PBBNL_152	phs000000_CDS1152	91	Round To Spindle Cell Sarcoma		Other and Unspecified Parts of Tongue ICD-O-4	G3	M1c	N2c	T4b	remission	Distant met recurrence/progression
PBBNL_96	Unknown	diagnosis	phs000000_CDS1096_PBBNL_96	phs000000_CDS1096	265	Anaplastic Ependymoma		Renal Pelvis	Low Grade	Not Reported	N3	T4d	no_disease	No_disease
PBBNL_197	Unknown	diagnosis	phs000000_CDS1197_PBBNL_197	phs000000_CDS1197	23	Primitive/embryonal tumor with high-grade features; compatible with medulloblastoma		Uterus	Unknown	M2	N1bIII	T1b	recurrence	Primary
PBBNL_44	Unknown	diagnosis	phs000000_CDS1044_PBBNL_44	phs000000_CDS1044	997	Posterior Fossa Tumor		Ureter	High Grade	M3	N3a	Not Reported	recurrence	Metastasis
PBBNL_88	Unknown	diagnosis	phs000000_CDS1088_PBBNL_88	phs000000_CDS1088	764	Ependymoma NOS		Base of the Tongue	Intermediate Grade	M1b	N1c	T1a2	progression	Recurrence
PBBNL_93	Unknown	diagnosis	phs000000_CDS1093_PBBNL_93	phs000000_CDS1093	628	Undifferentiated Malignant Neoplasm with Rhabdoid Morphology And INI1 Loss		Lymph Node	G2	M3	N3b	T4	progression	Biochemical evidence of disease without structural correlate
PBBNL_51	Unknown	diagnosis	phs000000_CDS1051_PBBNL_51	phs000000_CDS1051	81	Well To Moderately Differentiated Colonic Adenocarcinoma		Vagina	G2	Not Reported	Not Reported	Tis	no_disease	Distant met recurrence/progression
PBBNL_127	Unknown	diagnosis	phs000000_CDS1127_PBBNL_127	phs000000_CDS1127	609	Low Grade Glioneuronal Neoplasm		Other Endocrine Glands and Related Structures ICD-O-5	G3	M1b	N2c	Not Reported	recurrence	Tumor free
PBBNL_146	Unknown	diagnosis	phs000000_CDS1146_PBBNL_146	phs000000_CDS1146	971	"Retinoblastoma, moderately differentiated"		Breast	Low Grade	Unknown	NX	T2b	progression	Metastasis
PBBNL_183	Unknown	diagnosis	phs000000_CDS1183_PBBNL_183	phs000000_CDS1183	309	Follicular Hyperplasia/Metastatic Papillary Thyroid Cancer		Gingiva	Unknown	cM0 (i+)	N3a	T3c	metastasis	Remission
PBBNL_119	Unknown	diagnosis	phs000000_CDS1119_PBBNL_119	phs000000_CDS1119	442	Cellular Neoplasm		Other and Unspecified Parts of Biliary Tract ICD-O-5	GX	Not Reported	N5	T4a	progression	Metastasis
PBBNL_83	Unknown	diagnosis	phs000000_CDS1083_PBBNL_83	phs000000_CDS1083	399	Granulosa cell tumor		Nasopharynx	G6	M3	N1mi	T1a1	progression	Primary
PBBNL_97	Unknown	diagnosis	phs000000_CDS1097_PBBNL_97	phs000000_CDS1097	953	Residual Dermatofibrosarcoma Protuberans		Meninges	G7	Unknown	N1a	T1a1	recurrence	Distant met recurrence/progression
PBBNL_186	Unknown	diagnosis	phs000000_CDS1186_PBBNL_186	phs000000_CDS1186	20	Acute Promyelocytic Leukemia		Esophagus	Intermediate Grade	M1a	N3	T4a	recurrence	Distant met recurrence/progression
PBBNL_147	Unknown	diagnosis	phs000000_CDS1147_PBBNL_147	phs000000_CDS1147	19	Malignant myoepithelial of pediatric type		Esophagus	G5	M1a	N2a	T1c	primary	Biochemical evidence of disease without structural correlate
PBBNL_181	Unknown	diagnosis	phs000000_CDS1181_PBBNL_181	phs000000_CDS1181	421	Primitive malignant neoplasm with mesenchymal features		Floor of Mouth	Unknown	Not Reported	N4	T5	no_disease	Remission
PBBNL_130	Unknown	diagnosis	phs000000_CDS1130_PBBNL_130	phs000000_CDS1130	995	Low Grade Glial Tumor		Other and Unspecified Parts of Tongue ICD-O-5	Low Grade	M3	N6	TX	progression	Distant met recurrence/progression
PBBNL_184	Unknown	diagnosis	phs000000_CDS1184_PBBNL_184	phs000000_CDS1184	913	Chondroblastic Osteosarcoma		Thyroid Gland	G9	M1a	N2c	T1a4	remission	Tumor free
PBBNL_120	Unknown	diagnosis	phs000000_CDS1120_PBBNL_120	phs000000_CDS1120	876	High-grade spindle cell sarcoma compatible with high grade malignant peripheral nerve sheath tumor		Lymph Node	G11	M2	N0 (i-)	T2	no_disease	Recurrence
PBBNL_180	Unknown	diagnosis	phs000000_CDS1180_PBBNL_180	phs000000_CDS1180	751	Undifferential Small Round Blue Cell Tumor		Other and Unspecified Male Genital Organs ICD-O-5	High Grade	Unknown	N2c	T3d	recurrence	Remission
PBBNL_36	Unknown	diagnosis	phs000000_CDS1036_PBBNL_36	phs000000_CDS1036	769	Ovarian Sclerosing Stromal Tumor		Corpus Uteri	G10	Not Reported	N6	T2d	recurrence	Loco-regional recurrence/progression
PBBNL_198	Unknown	diagnosis	phs000000_CDS1198_PBBNL_198	phs000000_CDS1198	871	Glioneuronal Tumor		Paranasal Sinus	G12	cM0 (i+)	Not Reported	T2b	metastasis	Remission
PBBNL_53	Unknown	diagnosis	phs000000_CDS1053_PBBNL_53	phs000000_CDS1053	312	High-grade glioma with DICER1 and other mutations		Floor of Mouth	High Grade	Unknown	Unknown	T4b	metastasis	Biochemical evidence of disease without structural correlate
PBBNL_87	Unknown	diagnosis	phs000000_CDS1087_PBBNL_87	phs000000_CDS1087	797	"Glioma, histologically consistent with pilocytic astrocytoma, CNS WHO grade 3"		Adrenal Gland	Not Reported	cM0 (i+)	N4	T5	primary	Biochemical evidence of disease without structural correlate
PBBNL_90	Unknown	diagnosis	phs000000_CDS1090_PBBNL_90	phs000000_CDS1090	502	Rhabdomyosarcoma strongly suspected		Peritoneum and Retroperitoneum	GB	M1c	Not Reported	Ta	primary	Primary
PBBNL_94	Unknown	diagnosis	phs000000_CDS1094_PBBNL_94	phs000000_CDS1094	841	"Rhabdoid Tumor, Malignant"		Prostate Gland	G4	Unknown	N3	Tis (LCIS)	progression	Biochemical evidence of disease without structural correlate
PBBNL_103	Unknown	diagnosis	phs000000_CDS1103_PBBNL_103	phs000000_CDS1103	709	Ependymoma NOS		Placenta	Low Grade	Not Reported	N1mi	T1b	recurrence	Metastasis
PBBNL_135	Unknown	diagnosis	phs000000_CDS1135_PBBNL_135	phs000000_CDS1135	942	Acinar Cell Carcinoma		Other and Unspecified Urinary Organs ICD-O-5	GB	M1a	N0	T1a3	primary	Loco-regional recurrence/progression
PBBNL_102	Unknown	diagnosis	phs000000_CDS1102_PBBNL_102	phs000000_CDS1102	265	Embryonal Rhabdomyosarcoma		Other and Unspecified Parts of Mouth ICD-O-5	High Grade	M1c	N0	T2a3	primary	Primary
PBBNL_59	Unknown	diagnosis	phs000000_CDS1059_PBBNL_59	phs000000_CDS1059	184	High Grade Neoplasm		Uterus	Intermediate Grade	M1b	N3a	T4a	metastasis	Remission
PBBNL_134	Unknown	diagnosis	phs000000_CDS1134_PBBNL_134	phs000000_CDS1134	819	Malignant neuroepithelial tumor		Skin	GB	Unknown	N2b	T1b	recurrence	Progression
PBBNL_3	Unknown	diagnosis	phs000000_CDS1003_PBBNL_3	phs000000_CDS1003	70	"Embryonal rhabdomyosarcoma, minimal focal anaplasia"		Cervix Uteri	Intermediate Grade	M1	N0 (i+)	T4	remission	Tumor free
PBBNL_61	Unknown	diagnosis	phs000000_CDS1061_PBBNL_61	phs000000_CDS1061	649	Fibromatosis		Larynx	Not Reported	M1	Not Reported	T4c	remission	Metastasis
PBBNL_124	Unknown	diagnosis	phs000000_CDS1124_PBBNL_124	phs000000_CDS1124	189	"Intradural tumor with marked atypia c/w malignant lesion, Marked atypia c/w malignant lesion, Marked atypia consistent with malignant lesion"		Gallbladder	G4	Not Reported	N8	T2a3	progression	Remission
PBBNL_107	Unknown	diagnosis	phs000000_CDS1107_PBBNL_107	phs000000_CDS1107	330	Low grade neuroepithelial tumor (preliminary path report)		Other and Ill-Defined Sites ICD-O-5	GX	M3	N11	T2b	primary	Primary
PBBNL_2	Unknown	diagnosis	phs000000_CDS1002_PBBNL_2	phs000000_CDS1002	869	Pheochromocytoma		Ovary	GB	M1b	N3c	T2a3	metastasis	Distant met recurrence/progression
PBBNL_139	Unknown	diagnosis	phs000000_CDS1139_PBBNL_139	phs000000_CDS1139	835	Spinal Ependymoma Myxopapillary		Other and Unspecified Urinary Organs ICD-O-5	G6	Unknown	N1bII	T4d	primary	Progression
PBBNL_70	Unknown	diagnosis	phs000000_CDS1070_PBBNL_70	phs000000_CDS1070	616	Alveolar Rhabdomyosarcoma		Peritoneum and Retroperitoneum	G7	Unknown	N1bI	Tis (Paget's)	primary	Remission
PBBNL_39	Unknown	diagnosis	phs000000_CDS1039_PBBNL_39	phs000000_CDS1039	287	Small Cell Neuroendocrine Carcinoma		Tonsil	GX	Unknown	N0 (mol-)	T1a3	remission	Biochemical evidence of disease without structural correlate
PBBNL_21	Unknown	diagnosis	phs000000_CDS1021_PBBNL_21	phs000000_CDS1021	324	B lymphoblastic leukemia/lymphoma with hyperdiploidy		Lymph Node	Not Reported	M3	N2a	T4d	no_disease	Metastasis
PBBNL_195	Unknown	diagnosis	phs000000_CDS1195_PBBNL_195	phs000000_CDS1195	91	Round To Spindle Cell Sarcoma		Other and Unspecified Parts of Tongue ICD-O-5	G4	M1c	N2c	T4b	remission	Distant met recurrence/progression
PBBNL_118	Unknown	diagnosis	phs000000_CDS1118_PBBNL_118	phs000000_CDS1118	265	Anaplastic Ependymoma		Renal Pelvis	Low Grade	Not Reported	N4	T4d	no_disease	No_disease
PBBNL_182	Unknown	diagnosis	phs000000_CDS1182_PBBNL_182	phs000000_CDS1182	23	Primitive/embryonal tumor with high-grade features; compatible with medulloblastoma		Uterus	Unknown	M4	N1bIII	T1b	recurrence	Primary
PBBNL_192	Unknown	diagnosis	phs000000_CDS1192_PBBNL_192	phs000000_CDS1192	997	Posterior Fossa Tumor		Ureter	High Grade	M5	N3a	Not Reported	recurrence	Metastasis
PBBNL_159	Unknown	diagnosis	phs000000_CDS1159_PBBNL_159	phs000000_CDS1159	764	Ependymoma NOS		Base of the Tongue	Intermediate Grade	M1b	N1c	T1a3	progression	Recurrence
PBBNL_16	Unknown	diagnosis	phs000000_CDS1016_PBBNL_16	phs000000_CDS1016	628	Undifferentiated Malignant Neoplasm with Rhabdoid Morphology And INI1 Loss		Lymph Node	G2	M4	N3b	T5	progression	Biochemical evidence of disease without structural correlate
PBBNL_33	Unknown	diagnosis	phs000000_CDS1033_PBBNL_33	phs000000_CDS1033	81	Well To Moderately Differentiated Colonic Adenocarcinoma		Vagina	G2	Not Reported	Not Reported	Tis	no_disease	Distant met recurrence/progression
PBBNL_84	Unknown	diagnosis	phs000000_CDS1084_PBBNL_84	phs000000_CDS1084	609	Low Grade Glioneuronal Neoplasm		Other Endocrine Glands and Related Structures ICD-O-6	G3	M1b	N2c	Not Reported	recurrence	Tumor free
PBBNL_14	Unknown	diagnosis	phs000000_CDS1014_PBBNL_14	phs000000_CDS1014	971	"Retinoblastoma, moderately differentiated"		Breast	Low Grade	Unknown	NX	T2b	progression	Metastasis
PBBNL_161	Unknown	diagnosis	phs000000_CDS1161_PBBNL_161	phs000000_CDS1161	309	Follicular Hyperplasia/Metastatic Papillary Thyroid Cancer		Gingiva	Unknown	cM0 (i+)	N3a	T3c	metastasis	Remission
PBBNL_165	Unknown	diagnosis	phs000000_CDS1165_PBBNL_165	phs000000_CDS1165	442	Cellular Neoplasm		Other and Unspecified Parts of Biliary Tract ICD-O-6	GX	Not Reported	N6	T4a	progression	Metastasis
PBBNL_27	Unknown	diagnosis	phs000000_CDS1027_PBBNL_27	phs000000_CDS1027	399	Granulosa cell tumor		Nasopharynx	G8	M4	N1mi	T1a1	progression	Primary
PBBNL_101	Unknown	diagnosis	phs000000_CDS1101_PBBNL_101	phs000000_CDS1101	953	Residual Dermatofibrosarcoma Protuberans		Meninges	G9	Unknown	N1a	T1a1	recurrence	Distant met recurrence/progression
PBBNL_75	Unknown	diagnosis	phs000000_CDS1075_PBBNL_75	phs000000_CDS1075	20	Acute Promyelocytic Leukemia		Esophagus	Intermediate Grade	M1a	N4	T4a	recurrence	Distant met recurrence/progression
PBBNL_138	Unknown	diagnosis	phs000000_CDS1138_PBBNL_138	phs000000_CDS1138	19	Malignant myoepithelial of pediatric type		Esophagus	G6	M1a	N2a	T1c	primary	Biochemical evidence of disease without structural correlate
PBBNL_110	Unknown	diagnosis	phs000000_CDS1110_PBBNL_110	phs000000_CDS1110	421	Primitive malignant neoplasm with mesenchymal features		Floor of Mouth	Unknown	Not Reported	N8	T6	no_disease	Remission
PBBNL_169	Unknown	diagnosis	phs000000_CDS1169_PBBNL_169	phs000000_CDS1169	995	Low Grade Glial Tumor		Other and Unspecified Parts of Tongue ICD-O-6	Low Grade	M4	N10	TX	progression	Distant met recurrence/progression
PBBNL_46	Unknown	diagnosis	phs000000_CDS1046_PBBNL_46	phs000000_CDS1046	913	Chondroblastic Osteosarcoma		Thyroid Gland	G13	M1a	N2c	T1a5	remission	Tumor free
PBBNL_171	Unknown	diagnosis	phs000000_CDS1171_PBBNL_171	phs000000_CDS1171	876	High-grade spindle cell sarcoma compatible with high grade malignant peripheral nerve sheath tumor		Lymph Node	G15	M3	N0 (i-)	T3	no_disease	Recurrence
PBBNL_98	Unknown	diagnosis	phs000000_CDS1098_PBBNL_98	phs000000_CDS1098	751	Undifferential Small Round Blue Cell Tumor		Other and Unspecified Male Genital Organs ICD-O-6	High Grade	Unknown	N2c	T3d	recurrence	Remission
PBBNL_148	Unknown	diagnosis	phs000000_CDS1148_PBBNL_148	phs000000_CDS1148	769	Ovarian Sclerosing Stromal Tumor		Corpus Uteri	G14	Not Reported	N7	T2d	recurrence	Loco-regional recurrence/progression
PBBNL_99	Unknown	diagnosis	phs000000_CDS1099_PBBNL_99	phs000000_CDS1099	871	Glioneuronal Tumor		Paranasal Sinus	G16	cM0 (i+)	Not Reported	T2b	metastasis	Remission
PBBNL_105	Unknown	diagnosis	phs000000_CDS1105_PBBNL_105	phs000000_CDS1105	312	High-grade glioma with DICER1 and other mutations		Floor of Mouth	High Grade	Unknown	Unknown	T4b	metastasis	Biochemical evidence of disease without structural correlate
PBBNL_189	Unknown	diagnosis	phs000000_CDS1189_PBBNL_189	phs000000_CDS1189	797	"Glioma, histologically consistent with pilocytic astrocytoma, CNS WHO grade 4"		Adrenal Gland	Not Reported	cM0 (i+)	N5	T6	primary	Biochemical evidence of disease without structural correlate
PBBNL_111	Unknown	diagnosis	phs000000_CDS1111_PBBNL_111	phs000000_CDS1111	502	Rhabdomyosarcoma strongly suspected		Peritoneum and Retroperitoneum	GB	M1c	Not Reported	Ta	primary	Primary
PBBNL_141	Unknown	diagnosis	phs000000_CDS1141_PBBNL_141	phs000000_CDS1141	841	"Rhabdoid Tumor, Malignant"		Prostate Gland	G5	Unknown	N4	Tis (LCIS)	progression	Biochemical evidence of disease without structural correlate
PBBNL_142	Unknown	diagnosis	phs000000_CDS1142_PBBNL_142	phs000000_CDS1142	709	Ependymoma NOS		Placenta	Low Grade	Not Reported	N1mi	T1b	recurrence	Metastasis
PBBNL_196	Unknown	diagnosis	phs000000_CDS1196_PBBNL_196	phs000000_CDS1196	942	Acinar Cell Carcinoma		Other and Unspecified Urinary Organs ICD-O-6	GB	M1a	N0	T1a4	primary	Loco-regional recurrence/progression
PBBNL_76	Unknown	diagnosis	phs000000_CDS1076_PBBNL_76	phs000000_CDS1076	265	Embryonal Rhabdomyosarcoma		Other and Unspecified Parts of Mouth ICD-O-6	High Grade	M1c	N0	T2a4	primary	Primary
PBBNL_66	Unknown	diagnosis	phs000000_CDS1066_PBBNL_66	phs000000_CDS1066	184	High Grade Neoplasm		Uterus	Intermediate Grade	M1b	N3a	T4a	metastasis	Remission
PBBNL_86	Unknown	diagnosis	phs000000_CDS1086_PBBNL_86	phs000000_CDS1086	819	Malignant neuroepithelial tumor		Skin	GB	Unknown	N2b	T1b	recurrence	Progression
PBBNL_113	Unknown	diagnosis	phs000000_CDS1113_PBBNL_113	phs000000_CDS1113	70	"Embryonal rhabdomyosarcoma, minimal focal anaplasia"		Cervix Uteri	Intermediate Grade	M1	N0 (i+)	T5	remission	Tumor free
PBBNL_178	Unknown	diagnosis	phs000000_CDS1178_PBBNL_178	phs000000_CDS1178	649	Fibromatosis		Larynx	Not Reported	M1	Not Reported	T4c	remission	Metastasis
PBBNL_71	Unknown	diagnosis	phs000000_CDS1071_PBBNL_71	phs000000_CDS1071	189	"Intradural tumor with marked atypia c/w malignant lesion, Marked atypia c/w malignant lesion, Marked atypia consistent with malignant lesion"		Gallbladder	G5	Not Reported	N14	T2a4	progression	Remission
PBBNL_69	Unknown	diagnosis	phs000000_CDS1069_PBBNL_69	phs000000_CDS1069	330	Low grade neuroepithelial tumor (preliminary path report)		Other and Ill-Defined Sites ICD-O-6	GX	M4	N17	T2b	primary	Primary
PBBNL_15	Unknown	diagnosis	phs000000_CDS1015_PBBNL_15	phs000000_CDS1015	869	Pheochromocytoma		Ovary	GB	M1b	N3c	T2a4	metastasis	Distant met recurrence/progression
PBBNL_42	Unknown	diagnosis	phs000000_CDS1042_PBBNL_42	phs000000_CDS1042	835	Spinal Ependymoma Myxopapillary		Other and Unspecified Urinary Organs ICD-O-6	G8	Unknown	N1bII	T4d	primary	Progression
PBBNL_32	Unknown	diagnosis	phs000000_CDS1032_PBBNL_32	phs000000_CDS1032	616	Alveolar Rhabdomyosarcoma		Peritoneum and Retroperitoneum	G9	Unknown	N1bI	Tis (Paget's)	primary	Remission
PBBNL_78	Unknown	diagnosis	phs000000_CDS1078_PBBNL_78	phs000000_CDS1078	287	Small Cell Neuroendocrine Carcinoma		Tonsil	GX	Unknown	N0 (mol-)	T1a4	remission	Biochemical evidence of disease without structural correlate
PBBNL_187	Unknown	diagnosis	phs000000_CDS1187_PBBNL_187	phs000000_CDS1187	324	B lymphoblastic leukemia/lymphoma with hyperdiploidy		Lymph Node	Not Reported	M4	N2a	T4d	no_disease	Metastasis
PBBNL_25	Unknown	diagnosis	phs000000_CDS1025_PBBNL_25	phs000000_CDS1025	91	Round To Spindle Cell Sarcoma		Other and Unspecified Parts of Tongue ICD-O-6	G5	M1c	N2c	T4b	remission	Distant met recurrence/progression
PBBNL_168	Unknown	diagnosis	phs000000_CDS1168_PBBNL_168	phs000000_CDS1168	265	Anaplastic Ependymoma		Renal Pelvis	Low Grade	Not Reported	N5	T4d	no_disease	No_disease
PBBNL_117	Unknown	diagnosis	phs000000_CDS1117_PBBNL_117	phs000000_CDS1117	23	Primitive/embryonal tumor with high-grade features; compatible with medulloblastoma		Uterus	Unknown	M6	N1bIII	T1b	recurrence	Primary
PBBNL_65	Unknown	diagnosis	phs000000_CDS1065_PBBNL_65	phs000000_CDS1065	997	Posterior Fossa Tumor		Ureter	High Grade	M7	N3a	Not Reported	recurrence	Metastasis
PBBNL_116	Unknown	diagnosis	phs000000_CDS1116_PBBNL_116	phs000000_CDS1116	764	Ependymoma NOS		Base of the Tongue	Intermediate Grade	M1b	N1c	T1a4	progression	Recurrence
PBBNL_174	Unknown	diagnosis	phs000000_CDS1174_PBBNL_174	phs000000_CDS1174	628	Undifferentiated Malignant Neoplasm with Rhabdoid Morphology And INI1 Loss		Lymph Node	G2	M5	N3b	T6	progression	Biochemical evidence of disease without structural correlate
PBBNL_173	Unknown	diagnosis	phs000000_CDS1173_PBBNL_173	phs000000_CDS1173	81	Well To Moderately Differentiated Colonic Adenocarcinoma		Vagina	G2	Not Reported	Not Reported	Tis	no_disease	Distant met recurrence/progression
PBBNL_29	Unknown	diagnosis	phs000000_CDS1029_PBBNL_29	phs000000_CDS1029	609	Low Grade Glioneuronal Neoplasm		Other Endocrine Glands and Related Structures ICD-O-7	G3	M1b	N2c	Not Reported	recurrence	Tumor free
PBBNL_55	Unknown	diagnosis	phs000000_CDS1055_PBBNL_55	phs000000_CDS1055	971	"Retinoblastoma, moderately differentiated"		Breast	Low Grade	Unknown	NX	T2b	progression	Metastasis
PBBNL_24	Unknown	diagnosis	phs000000_CDS1024_PBBNL_24	phs000000_CDS1024	309	Follicular Hyperplasia/Metastatic Papillary Thyroid Cancer		Gingiva	Unknown	cM0 (i+)	N3a	T3c	metastasis	Remission
PBBNL_23	Unknown	diagnosis	phs000000_CDS1023_PBBNL_23	phs000000_CDS1023	442	Cellular Neoplasm		Other and Unspecified Parts of Biliary Tract ICD-O-7	GX	Not Reported	N7	T4a	progression	Metastasis
PBBNL_34	Unknown	diagnosis	phs000000_CDS1034_PBBNL_34	phs000000_CDS1034	399	Granulosa cell tumor		Nasopharynx	G10	M5	N1mi	T1a1	progression	Primary
PBBNL_30	Unknown	diagnosis	phs000000_CDS1030_PBBNL_30	phs000000_CDS1030	953	Residual Dermatofibrosarcoma Protuberans		Meninges	G11	Unknown	N1a	T1a1	recurrence	Distant met recurrence/progression
PBBNL_58	Unknown	diagnosis	phs000000_CDS1058_PBBNL_58	phs000000_CDS1058	20	Acute Promyelocytic Leukemia		Esophagus	Intermediate Grade	M1a	N5	T4a	recurrence	Distant met recurrence/progression
PBBNL_166	Unknown	diagnosis	phs000000_CDS1166_PBBNL_166	phs000000_CDS1166	19	Malignant myoepithelial of pediatric type		Esophagus	G7	M1a	N2a	T1c	primary	Biochemical evidence of disease without structural correlate
PBBNL_5	Unknown	diagnosis	phs000000_CDS1005_PBBNL_5	phs000000_CDS1005	421	Primitive malignant neoplasm with mesenchymal features		Floor of Mouth	Unknown	Not Reported	N12	T7	no_disease	Remission
PBBNL_143	Unknown	diagnosis	phs000000_CDS1143_PBBNL_143	phs000000_CDS1143	995	Low Grade Glial Tumor		Other and Unspecified Parts of Tongue ICD-O-7	Low Grade	M5	N14	TX	progression	Distant met recurrence/progression
PBBNL_67	Unknown	diagnosis	phs000000_CDS1067_PBBNL_67	phs000000_CDS1067	913	Chondroblastic Osteosarcoma		Thyroid Gland	G17	M1a	N2c	T1a6	remission	Tumor free
PBBNL_18	Unknown	diagnosis	phs000000_CDS1018_PBBNL_18	phs000000_CDS1018	876	High-grade spindle cell sarcoma compatible with high grade malignant peripheral nerve sheath tumor		Lymph Node	G19	M4	N0 (i-)	T4	no_disease	Recurrence
PBBNL_177	Unknown	diagnosis	phs000000_CDS1177_PBBNL_177	phs000000_CDS1177	751	Undifferential Small Round Blue Cell Tumor		Other and Unspecified Male Genital Organs ICD-O-7	High Grade	Unknown	N2c	T3d	recurrence	Remission
PBBNL_49	Unknown	diagnosis	phs000000_CDS1049_PBBNL_49	phs000000_CDS1049	769	Ovarian Sclerosing Stromal Tumor		Corpus Uteri	G18	Not Reported	N8	T2d	recurrence	Loco-regional recurrence/progression
PBBNL_160	Unknown	diagnosis	phs000000_CDS1160_PBBNL_160	phs000000_CDS1160	871	Glioneuronal Tumor		Paranasal Sinus	G20	cM0 (i+)	Not Reported	T2b	metastasis	Remission
PBBNL_81	Unknown	diagnosis	phs000000_CDS1081_PBBNL_81	phs000000_CDS1081	312	High-grade glioma with DICER1 and other mutations		Floor of Mouth	High Grade	Unknown	Unknown	T4b	metastasis	Biochemical evidence of disease without structural correlate
PBBNL_48	Unknown	diagnosis	phs000000_CDS1048_PBBNL_48	phs000000_CDS1048	797	"Glioma, histologically consistent with pilocytic astrocytoma, CNS WHO grade 5"		Adrenal Gland	Not Reported	cM0 (i+)	N6	T7	primary	Biochemical evidence of disease without structural correlate
PBBNL_104	Unknown	diagnosis	phs000000_CDS1104_PBBNL_104	phs000000_CDS1104	502	Rhabdomyosarcoma strongly suspected		Peritoneum and Retroperitoneum	GB	M1c	Not Reported	Ta	primary	Primary
PBBNL_176	Unknown	diagnosis	phs000000_CDS1176_PBBNL_176	phs000000_CDS1176	841	"Rhabdoid Tumor, Malignant"		Prostate Gland	G6	Unknown	N5	Tis (LCIS)	progression	Biochemical evidence of disease without structural correlate
PBBNL_190	Unknown	diagnosis	phs000000_CDS1190_PBBNL_190	phs000000_CDS1190	709	Ependymoma NOS		Placenta	Low Grade	Not Reported	N1mi	T1b	recurrence	Metastasis
PBBNL_26	Unknown	diagnosis	phs000000_CDS1026_PBBNL_26	phs000000_CDS1026	942	Acinar Cell Carcinoma		Other and Unspecified Urinary Organs ICD-O-7	GB	M1a	N0	T1a5	primary	Loco-regional recurrence/progression
PBBNL_92	Unknown	diagnosis	phs000000_CDS1092_PBBNL_92	phs000000_CDS1092	265	Embryonal Rhabdomyosarcoma		Other and Unspecified Parts of Mouth ICD-O-7	High Grade	M1c	N0	T2a5	primary	Primary
PBBNL_64	Unknown	diagnosis	phs000000_CDS1064_PBBNL_64	phs000000_CDS1064	184	High Grade Neoplasm		Uterus	Intermediate Grade	M1b	N3a	T4a	metastasis	Remission
PBBNL_6	Unknown	diagnosis	phs000000_CDS1006_PBBNL_6	phs000000_CDS1006	819	Malignant neuroepithelial tumor		Skin	GB	Unknown	N2b	T1b	recurrence	Progression
PBBNL_4	Unknown	diagnosis	phs000000_CDS1004_PBBNL_4	phs000000_CDS1004	70	"Embryonal rhabdomyosarcoma, minimal focal anaplasia"		Cervix Uteri	Intermediate Grade	M1	N0 (i+)	T6	remission	Tumor free
PBBNL_47	Unknown	diagnosis	phs000000_CDS1047_PBBNL_47	phs000000_CDS1047	649	Fibromatosis		Larynx	Not Reported	M1	Not Reported	T4c	remission	Metastasis
PBBNL_112	Unknown	diagnosis	phs000000_CDS1112_PBBNL_112	phs000000_CDS1112	189	"Intradural tumor with marked atypia c/w malignant lesion, Marked atypia c/w malignant lesion, Marked atypia consistent with malignant lesion"		Gallbladder	G6	Not Reported	N20	T2a5	progression	Remission
PBBNL_125	Unknown	diagnosis	phs000000_CDS1125_PBBNL_125	phs000000_CDS1125	330	Low grade neuroepithelial tumor (preliminary path report)		Other and Ill-Defined Sites ICD-O-7	GX	M5	N23	T2b	primary	Primary
PBBNL_82	Unknown	diagnosis	phs000000_CDS1082_PBBNL_82	phs000000_CDS1082	869	Pheochromocytoma		Ovary	GB	M1b	N3c	T2a5	metastasis	Distant met recurrence/progression
PBBNL_13	Unknown	diagnosis	phs000000_CDS1013_PBBNL_13	phs000000_CDS1013	835	Spinal Ependymoma Myxopapillary		Other and Unspecified Urinary Organs ICD-O-7	G10	Unknown	N1bII	T4d	primary	Progression
PBBNL_121	Unknown	diagnosis	phs000000_CDS1121_PBBNL_121	phs000000_CDS1121	616	Alveolar Rhabdomyosarcoma		Peritoneum and Retroperitoneum	G11	Unknown	N1bI	Tis (Paget's)	primary	Remission
PBBNL_191	Unknown	diagnosis	phs000000_CDS1191_PBBNL_191	phs000000_CDS1191	287	Small Cell Neuroendocrine Carcinoma		Tonsil	GX	Unknown	N0 (mol-)	T1a5	remission	Biochemical evidence of disease without structural correlate
PBBNL_77	Unknown	diagnosis	phs000000_CDS1077_PBBNL_77	phs000000_CDS1077	324	B lymphoblastic leukemia/lymphoma with hyperdiploidy		Lymph Node	Not Reported	M5	N2a	T4d	no_disease	Metastasis
PBBNL_74	Unknown	diagnosis	phs000000_CDS1074_PBBNL_74	phs000000_CDS1074	91	Round To Spindle Cell Sarcoma		Other and Unspecified Parts of Tongue ICD-O-7	G6	M1c	N2c	T4b	remission	Distant met recurrence/progression
PBBNL_54	Unknown	diagnosis	phs000000_CDS1054_PBBNL_54	phs000000_CDS1054	265	Anaplastic Ependymoma		Renal Pelvis	Low Grade	Not Reported	N6	T4d	no_disease	No_disease
PBBNL_57	Unknown	diagnosis	phs000000_CDS1057_PBBNL_57	phs000000_CDS1057	23	Primitive/embryonal tumor with high-grade features; compatible with medulloblastoma		Uterus	Unknown	M8	N1bIII	T1b	recurrence	Primary
PBBNL_170	Unknown	diagnosis	phs000000_CDS1170_PBBNL_170	phs000000_CDS1170	997	Posterior Fossa Tumor		Ureter	High Grade	M9	N3a	Not Reported	recurrence	Metastasis
PBBNL_100	Unknown	diagnosis	phs000000_CDS1100_PBBNL_100	phs000000_CDS1100	764	Ependymoma NOS		Base of the Tongue	Intermediate Grade	M1b	N1c	T1a5	progression	Recurrence