reference_genome_assembly	design_description	library_strategy	library_source	library_selection	platform	instrument_model	instrument_model	type	genomic_info_id	file.file_id
GRCh38	WXS Hybrid Selection paired-end	WXS	Genomic	Hybrid Selection	ILLUMINA	Illumina NovaSeq 6000		genomic_info	dg.4DFC/840c7e9c-8900-4d1d-96667ce99c1e_1	dg.4DFC/840c7e9c-8900-4d1d-96667ce99c1e_1
GRCh37	"Anchored Multiplex PCR (AMP(TM)) chemistry is purpose-built to accurately identify both simple and complex genetic mutations by leveraging the power of bidirectional primers and molecular barcodes, or MBCs, from low nucleic acid input in tissue or blood. AMP chemistry is also flexible, so it can be used for applications in DNA, RNA, and ctDNA sequencing across most tumor type."	OTHER	Transcriptomic	other	ILLUMINA	Illumina MiSeq		genomic_info	dg.4DFC/840c7e9c-8900-4d1d-96667ce99c1e_2	dg.4DFC/840c7e9c-8900-4d1d-96667ce99c1e_2
GRCh38	WXS Hybrid Selection paired-end	WXS	Genomic	Hybrid Selection	ILLUMINA	Illumina NovaSeq 6000		genomic_info	dg.4DFC/840c7e9c-8900-4d1d-96667ce99c1e_3	dg.4DFC/840c7e9c-8900-4d1d-96667ce99c1e_3
GRCh37	"Anchored Multiplex PCR (AMP(TM)) chemistry is purpose-built to accurately identify both simple and complex genetic mutations by leveraging the power of bidirectional primers and molecular barcodes, or MBCs, from low nucleic acid input in tissue or blood. AMP chemistry is also flexible, so it can be used for applications in DNA, RNA, and ctDNA sequencing across most tumor type."	OTHER	Transcriptomic	other	ILLUMINA	Illumina MiSeq		genomic_info	dg.4DFC/840c7e9c-8900-4d1d-96667ce99c1e_4	dg.4DFC/840c7e9c-8900-4d1d-96667ce99c1e_4
GRCh37	"Anchored Multiplex PCR (AMP(TM)) chemistry is purpose-built to accurately identify both simple and complex genetic mutations by leveraging the power of bidirectional primers and molecular barcodes, or MBCs, from low nucleic acid input in tissue or blood. AMP chemistry is also flexible, so it can be used for applications in DNA, RNA, and ctDNA sequencing across most tumor type."	Archer Fusion	Transcriptomic	other	ILLUMINA	Illumina MiSeq		genomic_info	dg.4DFC/840c7e9c-8900-4d1d-96667ce99c1e_5	dg.4DFC/840c7e9c-8900-4d1d-96667ce99c1e_5
GRCh38	WXS Hybrid Selection paired-end	WXS	Genomic	Hybrid Selection	ILLUMINA	Illumina NovaSeq 6000		genomic_info	dg.4DFC/840c7e9c-8900-4d1d-96667ce99c1e_6	dg.4DFC/840c7e9c-8900-4d1d-96667ce99c1e_6
GRCh37	"Anchored Multiplex PCR (AMP(TM)) chemistry is purpose-built to accurately identify both simple and complex genetic mutations by leveraging the power of bidirectional primers and molecular barcodes, or MBCs, from low nucleic acid input in tissue or blood. AMP chemistry is also flexible, so it can be used for applications in DNA, RNA, and ctDNA sequencing across most tumor type."	Archer Fusion	Transcriptomic	other	ILLUMINA	Illumina MiSeq		genomic_info	dg.4DFC/840c7e9c-8900-4d1d-96667ce99c1e_7	dg.4DFC/840c7e9c-8900-4d1d-96667ce99c1e_7
GRCh38	WXS Hybrid Selection paired-end	WXS	Genomic	Hybrid Selection	ILLUMINA	Illumina NovaSeq 6000		genomic_info	dg.4DFC/840c7e9c-8900-4d1d-96667ce99c1e_8	dg.4DFC/840c7e9c-8900-4d1d-96667ce99c1e_8
GRCh38	WXS Hybrid Selection paired-end	WXS	Genomic	Hybrid Selection	ILLUMINA	Illumina NovaSeq 6000		genomic_info	dg.4DFC/840c7e9c-8900-4d1d-96667ce99c1e_9	dg.4DFC/840c7e9c-8900-4d1d-96667ce99c1e_9
GRCh38	WXS Hybrid Selection paired-end	WXS	Genomic	Hybrid Selection	ILLUMINA	Illumina NovaSeq 6000		genomic_info	dg.4DFC/840c7e9c-8900-4d1d-96667ce99c1e_10	dg.4DFC/840c7e9c-8900-4d1d-96667ce99c1e_10
GRCh37	"Anchored Multiplex PCR (AMP(TM)) chemistry is purpose-built to accurately identify both simple and complex genetic mutations by leveraging the power of bidirectional primers and molecular barcodes, or MBCs, from low nucleic acid input in tissue or blood. AMP chemistry is also flexible, so it can be used for applications in DNA, RNA, and ctDNA sequencing across most tumor type."	Archer Fusion	Transcriptomic	other	ILLUMINA	Illumina MiSeq		genomic_info	dg.4DFC/840c7e9c-8900-4d1d-96667ce99c1e_11	dg.4DFC/840c7e9c-8900-4d1d-96667ce99c1e_11
GRCh38	WXS Hybrid Selection paired-end	WXS	Genomic	Hybrid Selection	ILLUMINA	Illumina NovaSeq 6000		genomic_info	dg.4DFC/840c7e9c-8900-4d1d-96667ce99c1e_12	dg.4DFC/840c7e9c-8900-4d1d-96667ce99c1e_12
GRCh38	WXS Hybrid Selection paired-end	WXS	Genomic	Hybrid Selection	ILLUMINA	Illumina NovaSeq 6000		genomic_info	dg.4DFC/840c7e9c-8900-4d1d-96667ce99c1e_13	dg.4DFC/840c7e9c-8900-4d1d-96667ce99c1e_13
GRCh38	WXS Hybrid Selection paired-end	WXS	Genomic	Hybrid Selection	ILLUMINA	Illumina NovaSeq 6000		genomic_info	dg.4DFC/840c7e9c-8900-4d1d-96667ce99c1e_14	dg.4DFC/840c7e9c-8900-4d1d-96667ce99c1e_14
GRCh37	"Anchored Multiplex PCR (AMP(TM)) chemistry is purpose-built to accurately identify both simple and complex genetic mutations by leveraging the power of bidirectional primers and molecular barcodes, or MBCs, from low nucleic acid input in tissue or blood. AMP chemistry is also flexible, so it can be used for applications in DNA, RNA, and ctDNA sequencing across most tumor type."	OTHER	Transcriptomic	other	ILLUMINA	Illumina MiSeq		genomic_info	dg.4DFC/840c7e9c-8900-4d1d-96667ce99c1e_15	dg.4DFC/840c7e9c-8900-4d1d-96667ce99c1e_15
GRCh37	"Anchored Multiplex PCR (AMP(TM)) chemistry is purpose-built to accurately identify both simple and complex genetic mutations by leveraging the power of bidirectional primers and molecular barcodes, or MBCs, from low nucleic acid input in tissue or blood. AMP chemistry is also flexible, so it can be used for applications in DNA, RNA, and ctDNA sequencing across most tumor type."	Archer Fusion	Transcriptomic	other	ILLUMINA	Illumina MiSeq		genomic_info	dg.4DFC/840c7e9c-8900-4d1d-96667ce99c1e_16	dg.4DFC/840c7e9c-8900-4d1d-96667ce99c1e_16
GRCh37	"Anchored Multiplex PCR (AMP(TM)) chemistry is purpose-built to accurately identify both simple and complex genetic mutations by leveraging the power of bidirectional primers and molecular barcodes, or MBCs, from low nucleic acid input in tissue or blood. AMP chemistry is also flexible, so it can be used for applications in DNA, RNA, and ctDNA sequencing across most tumor type."	Archer Fusion	Transcriptomic	other	ILLUMINA	Illumina MiSeq		genomic_info	dg.4DFC/840c7e9c-8900-4d1d-96667ce99c1e_17	dg.4DFC/840c7e9c-8900-4d1d-96667ce99c1e_17
GRCh37	"Anchored Multiplex PCR (AMP(TM)) chemistry is purpose-built to accurately identify both simple and complex genetic mutations by leveraging the power of bidirectional primers and molecular barcodes, or MBCs, from low nucleic acid input in tissue or blood. AMP chemistry is also flexible, so it can be used for applications in DNA, RNA, and ctDNA sequencing across most tumor type."	Archer Fusion	Transcriptomic	other	ILLUMINA	Illumina MiSeq		genomic_info	dg.4DFC/840c7e9c-8900-4d1d-96667ce99c1e_18	dg.4DFC/840c7e9c-8900-4d1d-96667ce99c1e_18
GRCh37	"Anchored Multiplex PCR (AMP(TM)) chemistry is purpose-built to accurately identify both simple and complex genetic mutations by leveraging the power of bidirectional primers and molecular barcodes, or MBCs, from low nucleic acid input in tissue or blood. AMP chemistry is also flexible, so it can be used for applications in DNA, RNA, and ctDNA sequencing across most tumor type."	OTHER	Transcriptomic	other	ILLUMINA	Illumina MiSeq		genomic_info	dg.4DFC/840c7e9c-8900-4d1d-96667ce99c1e_19	dg.4DFC/840c7e9c-8900-4d1d-96667ce99c1e_19
GRCh37	"Anchored Multiplex PCR (AMP(TM)) chemistry is purpose-built to accurately identify both simple and complex genetic mutations by leveraging the power of bidirectional primers and molecular barcodes, or MBCs, from low nucleic acid input in tissue or blood. AMP chemistry is also flexible, so it can be used for applications in DNA, RNA, and ctDNA sequencing across most tumor type."	Archer Fusion	Transcriptomic	other	ILLUMINA	Illumina MiSeq		genomic_info	dg.4DFC/840c7e9c-8900-4d1d-96667ce99c1e_20	dg.4DFC/840c7e9c-8900-4d1d-96667ce99c1e_20
GRCh37	"Anchored Multiplex PCR (AMP(TM)) chemistry is purpose-built to accurately identify both simple and complex genetic mutations by leveraging the power of bidirectional primers and molecular barcodes, or MBCs, from low nucleic acid input in tissue or blood. AMP chemistry is also flexible, so it can be used for applications in DNA, RNA, and ctDNA sequencing across most tumor type."	Archer Fusion	Transcriptomic	other	ILLUMINA	Illumina MiSeq		genomic_info	dg.4DFC/840c7e9c-8900-4d1d-96667ce99c1e_21	dg.4DFC/840c7e9c-8900-4d1d-96667ce99c1e_21
GRCh37	"Anchored Multiplex PCR (AMP(TM)) chemistry is purpose-built to accurately identify both simple and complex genetic mutations by leveraging the power of bidirectional primers and molecular barcodes, or MBCs, from low nucleic acid input in tissue or blood. AMP chemistry is also flexible, so it can be used for applications in DNA, RNA, and ctDNA sequencing across most tumor type."	Archer Fusion	Transcriptomic	other	ILLUMINA	Illumina MiSeq		genomic_info	dg.4DFC/840c7e9c-8900-4d1d-96667ce99c1e_22	dg.4DFC/840c7e9c-8900-4d1d-96667ce99c1e_22
GRCh37	"Anchored Multiplex PCR (AMP(TM)) chemistry is purpose-built to accurately identify both simple and complex genetic mutations by leveraging the power of bidirectional primers and molecular barcodes, or MBCs, from low nucleic acid input in tissue or blood. AMP chemistry is also flexible, so it can be used for applications in DNA, RNA, and ctDNA sequencing across most tumor type."	Archer Fusion	Transcriptomic	other	ILLUMINA	Illumina MiSeq		genomic_info	dg.4DFC/840c7e9c-8900-4d1d-96667ce99c1e_23	dg.4DFC/840c7e9c-8900-4d1d-96667ce99c1e_23
GRCh38	WXS Hybrid Selection paired-end	WXS	Genomic	Hybrid Selection	ILLUMINA	Illumina NovaSeq 6000		genomic_info	dg.4DFC/840c7e9c-8900-4d1d-96667ce99c1e_24	dg.4DFC/840c7e9c-8900-4d1d-96667ce99c1e_24
GRCh37	"Anchored Multiplex PCR (AMP(TM)) chemistry is purpose-built to accurately identify both simple and complex genetic mutations by leveraging the power of bidirectional primers and molecular barcodes, or MBCs, from low nucleic acid input in tissue or blood. AMP chemistry is also flexible, so it can be used for applications in DNA, RNA, and ctDNA sequencing across most tumor type."	Archer Fusion	Transcriptomic	other	ILLUMINA	Illumina MiSeq		genomic_info	dg.4DFC/840c7e9c-8900-4d1d-96667ce99c1e_25	dg.4DFC/840c7e9c-8900-4d1d-96667ce99c1e_25
GRCh38	WXS Hybrid Selection paired-end	WXS	Genomic	Hybrid Selection	ILLUMINA	Illumina NovaSeq 6000		genomic_info	dg.4DFC/840c7e9c-8900-4d1d-96667ce99c1e_26	dg.4DFC/840c7e9c-8900-4d1d-96667ce99c1e_26
GRCh38	WXS Hybrid Selection paired-end	WXS	Genomic	Hybrid Selection	ILLUMINA	Illumina NovaSeq 6000		genomic_info	dg.4DFC/840c7e9c-8900-4d1d-96667ce99c1e_27	dg.4DFC/840c7e9c-8900-4d1d-96667ce99c1e_27
GRCh37	"Anchored Multiplex PCR (AMP(TM)) chemistry is purpose-built to accurately identify both simple and complex genetic mutations by leveraging the power of bidirectional primers and molecular barcodes, or MBCs, from low nucleic acid input in tissue or blood. AMP chemistry is also flexible, so it can be used for applications in DNA, RNA, and ctDNA sequencing across most tumor type."	Archer Fusion	Transcriptomic	other	ILLUMINA	Illumina MiSeq		genomic_info	dg.4DFC/840c7e9c-8900-4d1d-96667ce99c1e_28	dg.4DFC/840c7e9c-8900-4d1d-96667ce99c1e_28
GRCh37	"Anchored Multiplex PCR (AMP(TM)) chemistry is purpose-built to accurately identify both simple and complex genetic mutations by leveraging the power of bidirectional primers and molecular barcodes, or MBCs, from low nucleic acid input in tissue or blood. AMP chemistry is also flexible, so it can be used for applications in DNA, RNA, and ctDNA sequencing across most tumor type."	Archer Fusion	Transcriptomic	other	ILLUMINA	Illumina MiSeq		genomic_info	dg.4DFC/840c7e9c-8900-4d1d-96667ce99c1e_29	dg.4DFC/840c7e9c-8900-4d1d-96667ce99c1e_29
GRCh38	WXS Hybrid Selection paired-end	WXS	Genomic	Hybrid Selection	ILLUMINA	Illumina NovaSeq 6000		genomic_info	dg.4DFC/840c7e9c-8900-4d1d-96667ce99c1e_30	dg.4DFC/840c7e9c-8900-4d1d-96667ce99c1e_30
GRCh37	"Anchored Multiplex PCR (AMP(TM)) chemistry is purpose-built to accurately identify both simple and complex genetic mutations by leveraging the power of bidirectional primers and molecular barcodes, or MBCs, from low nucleic acid input in tissue or blood. AMP chemistry is also flexible, so it can be used for applications in DNA, RNA, and ctDNA sequencing across most tumor type."	Archer Fusion	Transcriptomic	other	ILLUMINA	Illumina MiSeq		genomic_info	dg.4DFC/840c7e9c-8900-4d1d-96667ce99c1e_31	dg.4DFC/840c7e9c-8900-4d1d-96667ce99c1e_31
GRCh38	WXS Hybrid Selection paired-end	WXS	Genomic	Hybrid Selection	ILLUMINA	Illumina NovaSeq 6000		genomic_info	dg.4DFC/840c7e9c-8900-4d1d-96667ce99c1e_32	dg.4DFC/840c7e9c-8900-4d1d-96667ce99c1e_32
GRCh38	WXS Hybrid Selection paired-end	WXS	Genomic	Hybrid Selection	ILLUMINA	Illumina NovaSeq 6000		genomic_info	dg.4DFC/840c7e9c-8900-4d1d-96667ce99c1e_33	dg.4DFC/840c7e9c-8900-4d1d-96667ce99c1e_33
GRCh37	"Anchored Multiplex PCR (AMP(TM)) chemistry is purpose-built to accurately identify both simple and complex genetic mutations by leveraging the power of bidirectional primers and molecular barcodes, or MBCs, from low nucleic acid input in tissue or blood. AMP chemistry is also flexible, so it can be used for applications in DNA, RNA, and ctDNA sequencing across most tumor type."	OTHER	Transcriptomic	other	ILLUMINA	Illumina MiSeq		genomic_info	dg.4DFC/840c7e9c-8900-4d1d-96667ce99c1e_34	dg.4DFC/840c7e9c-8900-4d1d-96667ce99c1e_34
GRCh37	"Anchored Multiplex PCR (AMP(TM)) chemistry is purpose-built to accurately identify both simple and complex genetic mutations by leveraging the power of bidirectional primers and molecular barcodes, or MBCs, from low nucleic acid input in tissue or blood. AMP chemistry is also flexible, so it can be used for applications in DNA, RNA, and ctDNA sequencing across most tumor type."	Archer Fusion	Transcriptomic	other	ILLUMINA	Illumina MiSeq		genomic_info	dg.4DFC/840c7e9c-8900-4d1d-96667ce99c1e_35	dg.4DFC/840c7e9c-8900-4d1d-96667ce99c1e_35
GRCh37	"Anchored Multiplex PCR (AMP(TM)) chemistry is purpose-built to accurately identify both simple and complex genetic mutations by leveraging the power of bidirectional primers and molecular barcodes, or MBCs, from low nucleic acid input in tissue or blood. AMP chemistry is also flexible, so it can be used for applications in DNA, RNA, and ctDNA sequencing across most tumor type."	Archer Fusion	Transcriptomic	other	ILLUMINA	Illumina MiSeq		genomic_info	dg.4DFC/840c7e9c-8900-4d1d-96667ce99c1e_36	dg.4DFC/840c7e9c-8900-4d1d-96667ce99c1e_36
GRCh38	WXS Hybrid Selection paired-end	WXS	Genomic	Hybrid Selection	ILLUMINA	Illumina NovaSeq 6000		genomic_info	dg.4DFC/840c7e9c-8900-4d1d-96667ce99c1e_37	dg.4DFC/840c7e9c-8900-4d1d-96667ce99c1e_37
GRCh37	"Anchored Multiplex PCR (AMP(TM)) chemistry is purpose-built to accurately identify both simple and complex genetic mutations by leveraging the power of bidirectional primers and molecular barcodes, or MBCs, from low nucleic acid input in tissue or blood. AMP chemistry is also flexible, so it can be used for applications in DNA, RNA, and ctDNA sequencing across most tumor type."	Archer Fusion	Transcriptomic	other	ILLUMINA	Illumina MiSeq		genomic_info	dg.4DFC/840c7e9c-8900-4d1d-96667ce99c1e_38	dg.4DFC/840c7e9c-8900-4d1d-96667ce99c1e_38
GRCh38	WXS Hybrid Selection paired-end	WXS	Genomic	Hybrid Selection	ILLUMINA	Illumina NovaSeq 6000		genomic_info	dg.4DFC/840c7e9c-8900-4d1d-96667ce99c1e_39	dg.4DFC/840c7e9c-8900-4d1d-96667ce99c1e_39
GRCh38	WXS Hybrid Selection paired-end	WXS	Genomic	Hybrid Selection	ILLUMINA	Illumina NovaSeq 6000		genomic_info	dg.4DFC/840c7e9c-8900-4d1d-96667ce99c1e_40	dg.4DFC/840c7e9c-8900-4d1d-96667ce99c1e_40
GRCh37	"Anchored Multiplex PCR (AMP(TM)) chemistry is purpose-built to accurately identify both simple and complex genetic mutations by leveraging the power of bidirectional primers and molecular barcodes, or MBCs, from low nucleic acid input in tissue or blood. AMP chemistry is also flexible, so it can be used for applications in DNA, RNA, and ctDNA sequencing across most tumor type."	Archer Fusion	Transcriptomic	other	ILLUMINA	Illumina MiSeq		genomic_info	dg.4DFC/840c7e9c-8900-4d1d-96667ce99c1e_41	dg.4DFC/840c7e9c-8900-4d1d-96667ce99c1e_41
GRCh38	WXS Hybrid Selection paired-end	WXS	Genomic	Hybrid Selection	ILLUMINA	Illumina NovaSeq 6000		genomic_info	dg.4DFC/840c7e9c-8900-4d1d-96667ce99c1e_42	dg.4DFC/840c7e9c-8900-4d1d-96667ce99c1e_42
GRCh38	WXS Hybrid Selection paired-end	WXS	Genomic	Hybrid Selection	ILLUMINA	Illumina NovaSeq 6000		genomic_info	dg.4DFC/840c7e9c-8900-4d1d-96667ce99c1e_43	dg.4DFC/840c7e9c-8900-4d1d-96667ce99c1e_43
GRCh38	WXS Hybrid Selection paired-end	WXS	Genomic	Hybrid Selection	ILLUMINA	Illumina NovaSeq 6000		genomic_info	dg.4DFC/840c7e9c-8900-4d1d-96667ce99c1e_44	dg.4DFC/840c7e9c-8900-4d1d-96667ce99c1e_44
GRCh37	"Anchored Multiplex PCR (AMP(TM)) chemistry is purpose-built to accurately identify both simple and complex genetic mutations by leveraging the power of bidirectional primers and molecular barcodes, or MBCs, from low nucleic acid input in tissue or blood. AMP chemistry is also flexible, so it can be used for applications in DNA, RNA, and ctDNA sequencing across most tumor type."	OTHER	Transcriptomic	other	ILLUMINA	Illumina MiSeq		genomic_info	dg.4DFC/840c7e9c-8900-4d1d-96667ce99c1e_45	dg.4DFC/840c7e9c-8900-4d1d-96667ce99c1e_45
GRCh38	WXS Hybrid Selection paired-end	WXS	Genomic	Hybrid Selection	ILLUMINA	Illumina NovaSeq 6000		genomic_info	dg.4DFC/840c7e9c-8900-4d1d-96667ce99c1e_46	dg.4DFC/840c7e9c-8900-4d1d-96667ce99c1e_46
GRCh37	"Anchored Multiplex PCR (AMP(TM)) chemistry is purpose-built to accurately identify both simple and complex genetic mutations by leveraging the power of bidirectional primers and molecular barcodes, or MBCs, from low nucleic acid input in tissue or blood. AMP chemistry is also flexible, so it can be used for applications in DNA, RNA, and ctDNA sequencing across most tumor type."	OTHER	Transcriptomic	other	ILLUMINA	Illumina MiSeq		genomic_info	dg.4DFC/840c7e9c-8900-4d1d-96667ce99c1e_47	dg.4DFC/840c7e9c-8900-4d1d-96667ce99c1e_47
GRCh37	"Anchored Multiplex PCR (AMP(TM)) chemistry is purpose-built to accurately identify both simple and complex genetic mutations by leveraging the power of bidirectional primers and molecular barcodes, or MBCs, from low nucleic acid input in tissue or blood. AMP chemistry is also flexible, so it can be used for applications in DNA, RNA, and ctDNA sequencing across most tumor type."	Archer Fusion	Transcriptomic	other	ILLUMINA	Illumina MiSeq		genomic_info	dg.4DFC/840c7e9c-8900-4d1d-96667ce99c1e_48	dg.4DFC/840c7e9c-8900-4d1d-96667ce99c1e_48
GRCh38	WXS Hybrid Selection paired-end	WXS	Genomic	Hybrid Selection	ILLUMINA	Illumina NovaSeq 6000		genomic_info	dg.4DFC/840c7e9c-8900-4d1d-96667ce99c1e_49	dg.4DFC/840c7e9c-8900-4d1d-96667ce99c1e_49
GRCh37	"Anchored Multiplex PCR (AMP(TM)) chemistry is purpose-built to accurately identify both simple and complex genetic mutations by leveraging the power of bidirectional primers and molecular barcodes, or MBCs, from low nucleic acid input in tissue or blood. AMP chemistry is also flexible, so it can be used for applications in DNA, RNA, and ctDNA sequencing across most tumor type."	OTHER	Transcriptomic	other	ILLUMINA	Illumina MiSeq		genomic_info	dg.4DFC/840c7e9c-8900-4d1d-96667ce99c1e_50	dg.4DFC/840c7e9c-8900-4d1d-96667ce99c1e_50
GRCh38	WXS Hybrid Selection paired-end	WXS	Genomic	Hybrid Selection	ILLUMINA	Illumina NovaSeq 6000		genomic_info	dg.4DFC/840c7e9c-8900-4d1d-96667ce99c1e_51	dg.4DFC/840c7e9c-8900-4d1d-96667ce99c1e_51
GRCh38	WXS Hybrid Selection paired-end	WXS	Genomic	Hybrid Selection	ILLUMINA	Illumina NovaSeq 6000		genomic_info	dg.4DFC/840c7e9c-8900-4d1d-96667ce99c1e_52	dg.4DFC/840c7e9c-8900-4d1d-96667ce99c1e_52
GRCh37	"Anchored Multiplex PCR (AMP(TM)) chemistry is purpose-built to accurately identify both simple and complex genetic mutations by leveraging the power of bidirectional primers and molecular barcodes, or MBCs, from low nucleic acid input in tissue or blood. AMP chemistry is also flexible, so it can be used for applications in DNA, RNA, and ctDNA sequencing across most tumor type."	Archer Fusion	Transcriptomic	other	ILLUMINA	Illumina MiSeq		genomic_info	dg.4DFC/840c7e9c-8900-4d1d-96667ce99c1e_53	dg.4DFC/840c7e9c-8900-4d1d-96667ce99c1e_53
GRCh38	WXS Hybrid Selection paired-end	WXS	Genomic	Hybrid Selection	ILLUMINA	Illumina NovaSeq 6000		genomic_info	dg.4DFC/840c7e9c-8900-4d1d-96667ce99c1e_54	dg.4DFC/840c7e9c-8900-4d1d-96667ce99c1e_54
GRCh37	"Anchored Multiplex PCR (AMP(TM)) chemistry is purpose-built to accurately identify both simple and complex genetic mutations by leveraging the power of bidirectional primers and molecular barcodes, or MBCs, from low nucleic acid input in tissue or blood. AMP chemistry is also flexible, so it can be used for applications in DNA, RNA, and ctDNA sequencing across most tumor type."	Archer Fusion	Transcriptomic	other	ILLUMINA	Illumina MiSeq		genomic_info	dg.4DFC/840c7e9c-8900-4d1d-96667ce99c1e_55	dg.4DFC/840c7e9c-8900-4d1d-96667ce99c1e_55
GRCh37	"Anchored Multiplex PCR (AMP(TM)) chemistry is purpose-built to accurately identify both simple and complex genetic mutations by leveraging the power of bidirectional primers and molecular barcodes, or MBCs, from low nucleic acid input in tissue or blood. AMP chemistry is also flexible, so it can be used for applications in DNA, RNA, and ctDNA sequencing across most tumor type."	Archer Fusion	Transcriptomic	other	ILLUMINA	Illumina MiSeq		genomic_info	dg.4DFC/840c7e9c-8900-4d1d-96667ce99c1e_56	dg.4DFC/840c7e9c-8900-4d1d-96667ce99c1e_56
GRCh38	WXS Hybrid Selection paired-end	WXS	Genomic	Hybrid Selection	ILLUMINA	Illumina NovaSeq 6000		genomic_info	dg.4DFC/840c7e9c-8900-4d1d-96667ce99c1e_57	dg.4DFC/840c7e9c-8900-4d1d-96667ce99c1e_57
GRCh38	WXS Hybrid Selection paired-end	WXS	Genomic	Hybrid Selection	ILLUMINA	Illumina NovaSeq 6000		genomic_info	dg.4DFC/840c7e9c-8900-4d1d-96667ce99c1e_58	dg.4DFC/840c7e9c-8900-4d1d-96667ce99c1e_58
GRCh38	WXS Hybrid Selection paired-end	WXS	Genomic	Hybrid Selection	ILLUMINA	Illumina NovaSeq 6000		genomic_info	dg.4DFC/840c7e9c-8900-4d1d-96667ce99c1e_59	dg.4DFC/840c7e9c-8900-4d1d-96667ce99c1e_59
GRCh38	WXS Hybrid Selection paired-end	WXS	Genomic	Hybrid Selection	ILLUMINA	Illumina NovaSeq 6000		genomic_info	dg.4DFC/840c7e9c-8900-4d1d-96667ce99c1e_60	dg.4DFC/840c7e9c-8900-4d1d-96667ce99c1e_60
GRCh38	WXS Hybrid Selection paired-end	WXS	Genomic	Hybrid Selection	ILLUMINA	Illumina NovaSeq 6000		genomic_info	dg.4DFC/840c7e9c-8900-4d1d-96667ce99c1e_61	dg.4DFC/840c7e9c-8900-4d1d-96667ce99c1e_61
GRCh38	WXS Hybrid Selection paired-end	WXS	Genomic	Hybrid Selection	ILLUMINA	Illumina NovaSeq 6000		genomic_info	dg.4DFC/840c7e9c-8900-4d1d-96667ce99c1e_62	dg.4DFC/840c7e9c-8900-4d1d-96667ce99c1e_62
GRCh37	"Anchored Multiplex PCR (AMP(TM)) chemistry is purpose-built to accurately identify both simple and complex genetic mutations by leveraging the power of bidirectional primers and molecular barcodes, or MBCs, from low nucleic acid input in tissue or blood. AMP chemistry is also flexible, so it can be used for applications in DNA, RNA, and ctDNA sequencing across most tumor type."	Archer Fusion	Transcriptomic	other	ILLUMINA	Illumina MiSeq		genomic_info	dg.4DFC/840c7e9c-8900-4d1d-96667ce99c1e_63	dg.4DFC/840c7e9c-8900-4d1d-96667ce99c1e_63
GRCh37	"Anchored Multiplex PCR (AMP(TM)) chemistry is purpose-built to accurately identify both simple and complex genetic mutations by leveraging the power of bidirectional primers and molecular barcodes, or MBCs, from low nucleic acid input in tissue or blood. AMP chemistry is also flexible, so it can be used for applications in DNA, RNA, and ctDNA sequencing across most tumor type."	Archer Fusion	Transcriptomic	other	ILLUMINA	Illumina MiSeq		genomic_info	dg.4DFC/840c7e9c-8900-4d1d-96667ce99c1e_64	dg.4DFC/840c7e9c-8900-4d1d-96667ce99c1e_64
GRCh37	"Anchored Multiplex PCR (AMP(TM)) chemistry is purpose-built to accurately identify both simple and complex genetic mutations by leveraging the power of bidirectional primers and molecular barcodes, or MBCs, from low nucleic acid input in tissue or blood. AMP chemistry is also flexible, so it can be used for applications in DNA, RNA, and ctDNA sequencing across most tumor type."	Archer Fusion	Transcriptomic	other	ILLUMINA	Illumina MiSeq		genomic_info	dg.4DFC/840c7e9c-8900-4d1d-96667ce99c1e_65	dg.4DFC/840c7e9c-8900-4d1d-96667ce99c1e_65
GRCh38	WXS Hybrid Selection paired-end	WXS	Genomic	Hybrid Selection	ILLUMINA	Illumina NovaSeq 6000		genomic_info	dg.4DFC/840c7e9c-8900-4d1d-96667ce99c1e_66	dg.4DFC/840c7e9c-8900-4d1d-96667ce99c1e_66
GRCh37	"Anchored Multiplex PCR (AMP(TM)) chemistry is purpose-built to accurately identify both simple and complex genetic mutations by leveraging the power of bidirectional primers and molecular barcodes, or MBCs, from low nucleic acid input in tissue or blood. AMP chemistry is also flexible, so it can be used for applications in DNA, RNA, and ctDNA sequencing across most tumor type."	OTHER	Transcriptomic	other	ILLUMINA	Illumina MiSeq		genomic_info	dg.4DFC/840c7e9c-8900-4d1d-96667ce99c1e_67	dg.4DFC/840c7e9c-8900-4d1d-96667ce99c1e_67
GRCh37	"Anchored Multiplex PCR (AMP(TM)) chemistry is purpose-built to accurately identify both simple and complex genetic mutations by leveraging the power of bidirectional primers and molecular barcodes, or MBCs, from low nucleic acid input in tissue or blood. AMP chemistry is also flexible, so it can be used for applications in DNA, RNA, and ctDNA sequencing across most tumor type."	OTHER	Transcriptomic	other	ILLUMINA	Illumina MiSeq		genomic_info	dg.4DFC/840c7e9c-8900-4d1d-96667ce99c1e_68	dg.4DFC/840c7e9c-8900-4d1d-96667ce99c1e_68
GRCh37	"Anchored Multiplex PCR (AMP(TM)) chemistry is purpose-built to accurately identify both simple and complex genetic mutations by leveraging the power of bidirectional primers and molecular barcodes, or MBCs, from low nucleic acid input in tissue or blood. AMP chemistry is also flexible, so it can be used for applications in DNA, RNA, and ctDNA sequencing across most tumor type."	Archer Fusion	Transcriptomic	other	ILLUMINA	Illumina MiSeq		genomic_info	dg.4DFC/840c7e9c-8900-4d1d-96667ce99c1e_69	dg.4DFC/840c7e9c-8900-4d1d-96667ce99c1e_69
GRCh38	WXS Hybrid Selection paired-end	WXS	Genomic	Hybrid Selection	ILLUMINA	Illumina NovaSeq 6000		genomic_info	dg.4DFC/840c7e9c-8900-4d1d-96667ce99c1e_70	dg.4DFC/840c7e9c-8900-4d1d-96667ce99c1e_70
GRCh37	"Anchored Multiplex PCR (AMP(TM)) chemistry is purpose-built to accurately identify both simple and complex genetic mutations by leveraging the power of bidirectional primers and molecular barcodes, or MBCs, from low nucleic acid input in tissue or blood. AMP chemistry is also flexible, so it can be used for applications in DNA, RNA, and ctDNA sequencing across most tumor type."	Archer Fusion	Transcriptomic	other	ILLUMINA	Illumina MiSeq		genomic_info	dg.4DFC/840c7e9c-8900-4d1d-96667ce99c1e_71	dg.4DFC/840c7e9c-8900-4d1d-96667ce99c1e_71
GRCh38	WXS Hybrid Selection paired-end	WXS	Genomic	Hybrid Selection	ILLUMINA	Illumina NovaSeq 6000		genomic_info	dg.4DFC/840c7e9c-8900-4d1d-96667ce99c1e_72	dg.4DFC/840c7e9c-8900-4d1d-96667ce99c1e_72
GRCh37	"Anchored Multiplex PCR (AMP(TM)) chemistry is purpose-built to accurately identify both simple and complex genetic mutations by leveraging the power of bidirectional primers and molecular barcodes, or MBCs, from low nucleic acid input in tissue or blood. AMP chemistry is also flexible, so it can be used for applications in DNA, RNA, and ctDNA sequencing across most tumor type."	Archer Fusion	Transcriptomic	other	ILLUMINA	Illumina MiSeq		genomic_info	dg.4DFC/840c7e9c-8900-4d1d-96667ce99c1e_73	dg.4DFC/840c7e9c-8900-4d1d-96667ce99c1e_73
GRCh38	WXS Hybrid Selection paired-end	WXS	Genomic	Hybrid Selection	ILLUMINA	Illumina NovaSeq 6000		genomic_info	dg.4DFC/840c7e9c-8900-4d1d-96667ce99c1e_74	dg.4DFC/840c7e9c-8900-4d1d-96667ce99c1e_74
GRCh38	WXS Hybrid Selection paired-end	WXS	Genomic	Hybrid Selection	ILLUMINA	Illumina NovaSeq 6000		genomic_info	dg.4DFC/840c7e9c-8900-4d1d-96667ce99c1e_75	dg.4DFC/840c7e9c-8900-4d1d-96667ce99c1e_75
GRCh38	WXS Hybrid Selection paired-end	WXS	Genomic	Hybrid Selection	ILLUMINA	Illumina NovaSeq 6000		genomic_info	dg.4DFC/840c7e9c-8900-4d1d-96667ce99c1e_76	dg.4DFC/840c7e9c-8900-4d1d-96667ce99c1e_76
GRCh37	"Anchored Multiplex PCR (AMP(TM)) chemistry is purpose-built to accurately identify both simple and complex genetic mutations by leveraging the power of bidirectional primers and molecular barcodes, or MBCs, from low nucleic acid input in tissue or blood. AMP chemistry is also flexible, so it can be used for applications in DNA, RNA, and ctDNA sequencing across most tumor type."	Archer Fusion	Transcriptomic	other	ILLUMINA	Illumina MiSeq		genomic_info	dg.4DFC/840c7e9c-8900-4d1d-96667ce99c1e_77	dg.4DFC/840c7e9c-8900-4d1d-96667ce99c1e_77
GRCh38	WXS Hybrid Selection paired-end	WXS	Genomic	Hybrid Selection	ILLUMINA	Illumina NovaSeq 6000		genomic_info	dg.4DFC/840c7e9c-8900-4d1d-96667ce99c1e_78	dg.4DFC/840c7e9c-8900-4d1d-96667ce99c1e_78
GRCh37	"Anchored Multiplex PCR (AMP(TM)) chemistry is purpose-built to accurately identify both simple and complex genetic mutations by leveraging the power of bidirectional primers and molecular barcodes, or MBCs, from low nucleic acid input in tissue or blood. AMP chemistry is also flexible, so it can be used for applications in DNA, RNA, and ctDNA sequencing across most tumor type."	Archer Fusion	Transcriptomic	other	ILLUMINA	Illumina MiSeq		genomic_info	dg.4DFC/840c7e9c-8900-4d1d-96667ce99c1e_79	dg.4DFC/840c7e9c-8900-4d1d-96667ce99c1e_79
GRCh37	"Anchored Multiplex PCR (AMP(TM)) chemistry is purpose-built to accurately identify both simple and complex genetic mutations by leveraging the power of bidirectional primers and molecular barcodes, or MBCs, from low nucleic acid input in tissue or blood. AMP chemistry is also flexible, so it can be used for applications in DNA, RNA, and ctDNA sequencing across most tumor type."	OTHER	Transcriptomic	other	ILLUMINA	Illumina MiSeq		genomic_info	dg.4DFC/840c7e9c-8900-4d1d-96667ce99c1e_80	dg.4DFC/840c7e9c-8900-4d1d-96667ce99c1e_80
GRCh38	WXS Hybrid Selection paired-end	WXS	Genomic	Hybrid Selection	ILLUMINA	Illumina NovaSeq 6000		genomic_info	dg.4DFC/840c7e9c-8900-4d1d-96667ce99c1e_81	dg.4DFC/840c7e9c-8900-4d1d-96667ce99c1e_81
GRCh38	WXS Hybrid Selection paired-end	WXS	Genomic	Hybrid Selection	ILLUMINA	Illumina NovaSeq 6000		genomic_info	dg.4DFC/840c7e9c-8900-4d1d-96667ce99c1e_82	dg.4DFC/840c7e9c-8900-4d1d-96667ce99c1e_82
GRCh38	WXS Hybrid Selection paired-end	WXS	Genomic	Hybrid Selection	ILLUMINA	Illumina NovaSeq 6000		genomic_info	dg.4DFC/840c7e9c-8900-4d1d-96667ce99c1e_83	dg.4DFC/840c7e9c-8900-4d1d-96667ce99c1e_83
GRCh38	WXS Hybrid Selection paired-end	WXS	Genomic	Hybrid Selection	ILLUMINA	Illumina NovaSeq 6000		genomic_info	dg.4DFC/840c7e9c-8900-4d1d-96667ce99c1e_84	dg.4DFC/840c7e9c-8900-4d1d-96667ce99c1e_84
GRCh37	"Anchored Multiplex PCR (AMP(TM)) chemistry is purpose-built to accurately identify both simple and complex genetic mutations by leveraging the power of bidirectional primers and molecular barcodes, or MBCs, from low nucleic acid input in tissue or blood. AMP chemistry is also flexible, so it can be used for applications in DNA, RNA, and ctDNA sequencing across most tumor type."	Archer Fusion	Transcriptomic	other	ILLUMINA	Illumina MiSeq		genomic_info	dg.4DFC/840c7e9c-8900-4d1d-96667ce99c1e_85	dg.4DFC/840c7e9c-8900-4d1d-96667ce99c1e_85
GRCh38	WXS Hybrid Selection paired-end	WXS	Genomic	Hybrid Selection	ILLUMINA	Illumina NovaSeq 6000		genomic_info	dg.4DFC/840c7e9c-8900-4d1d-96667ce99c1e_86	dg.4DFC/840c7e9c-8900-4d1d-96667ce99c1e_86
GRCh38	WXS Hybrid Selection paired-end	WXS	Genomic	Hybrid Selection	ILLUMINA	Illumina NovaSeq 6000		genomic_info	dg.4DFC/840c7e9c-8900-4d1d-96667ce99c1e_87	dg.4DFC/840c7e9c-8900-4d1d-96667ce99c1e_87
GRCh38	WXS Hybrid Selection paired-end	WXS	Genomic	Hybrid Selection	ILLUMINA	Illumina NovaSeq 6000		genomic_info	dg.4DFC/840c7e9c-8900-4d1d-96667ce99c1e_88	dg.4DFC/840c7e9c-8900-4d1d-96667ce99c1e_88
GRCh38	WXS Hybrid Selection paired-end	WXS	Genomic	Hybrid Selection	ILLUMINA	Illumina NovaSeq 6000		genomic_info	dg.4DFC/840c7e9c-8900-4d1d-96667ce99c1e_89	dg.4DFC/840c7e9c-8900-4d1d-96667ce99c1e_89
GRCh38	WXS Hybrid Selection paired-end	WXS	Genomic	Hybrid Selection	ILLUMINA	Illumina NovaSeq 6000		genomic_info	dg.4DFC/840c7e9c-8900-4d1d-96667ce99c1e_90	dg.4DFC/840c7e9c-8900-4d1d-96667ce99c1e_90
GRCh38	WXS Hybrid Selection paired-end	WXS	Genomic	Hybrid Selection	ILLUMINA	Illumina NovaSeq 6000		genomic_info	dg.4DFC/840c7e9c-8900-4d1d-96667ce99c1e_91	dg.4DFC/840c7e9c-8900-4d1d-96667ce99c1e_91
GRCh38	WXS Hybrid Selection paired-end	WXS	Genomic	Hybrid Selection	ILLUMINA	Illumina NovaSeq 6000		genomic_info	dg.4DFC/840c7e9c-8900-4d1d-96667ce99c1e_92	dg.4DFC/840c7e9c-8900-4d1d-96667ce99c1e_92
GRCh37	"Anchored Multiplex PCR (AMP(TM)) chemistry is purpose-built to accurately identify both simple and complex genetic mutations by leveraging the power of bidirectional primers and molecular barcodes, or MBCs, from low nucleic acid input in tissue or blood. AMP chemistry is also flexible, so it can be used for applications in DNA, RNA, and ctDNA sequencing across most tumor type."	Archer Fusion	Transcriptomic	other	ILLUMINA	Illumina MiSeq		genomic_info	dg.4DFC/840c7e9c-8900-4d1d-96667ce99c1e_93	dg.4DFC/840c7e9c-8900-4d1d-96667ce99c1e_93
GRCh37	"Anchored Multiplex PCR (AMP(TM)) chemistry is purpose-built to accurately identify both simple and complex genetic mutations by leveraging the power of bidirectional primers and molecular barcodes, or MBCs, from low nucleic acid input in tissue or blood. AMP chemistry is also flexible, so it can be used for applications in DNA, RNA, and ctDNA sequencing across most tumor type."	OTHER	Transcriptomic	other	ILLUMINA	Illumina MiSeq		genomic_info	dg.4DFC/840c7e9c-8900-4d1d-96667ce99c1e_94	dg.4DFC/840c7e9c-8900-4d1d-96667ce99c1e_94
GRCh37	"Anchored Multiplex PCR (AMP(TM)) chemistry is purpose-built to accurately identify both simple and complex genetic mutations by leveraging the power of bidirectional primers and molecular barcodes, or MBCs, from low nucleic acid input in tissue or blood. AMP chemistry is also flexible, so it can be used for applications in DNA, RNA, and ctDNA sequencing across most tumor type."	OTHER	Transcriptomic	other	ILLUMINA	Illumina MiSeq		genomic_info	dg.4DFC/840c7e9c-8900-4d1d-96667ce99c1e_95	dg.4DFC/840c7e9c-8900-4d1d-96667ce99c1e_95
GRCh38	WXS Hybrid Selection paired-end	WXS	Genomic	Hybrid Selection	ILLUMINA	Illumina NovaSeq 6000		genomic_info	dg.4DFC/840c7e9c-8900-4d1d-96667ce99c1e_96	dg.4DFC/840c7e9c-8900-4d1d-96667ce99c1e_96
GRCh37	"Anchored Multiplex PCR (AMP(TM)) chemistry is purpose-built to accurately identify both simple and complex genetic mutations by leveraging the power of bidirectional primers and molecular barcodes, or MBCs, from low nucleic acid input in tissue or blood. AMP chemistry is also flexible, so it can be used for applications in DNA, RNA, and ctDNA sequencing across most tumor type."	Archer Fusion	Transcriptomic	other	ILLUMINA	Illumina MiSeq		genomic_info	dg.4DFC/840c7e9c-8900-4d1d-96667ce99c1e_97	dg.4DFC/840c7e9c-8900-4d1d-96667ce99c1e_97
GRCh38	WXS Hybrid Selection paired-end	WXS	Genomic	Hybrid Selection	ILLUMINA	Illumina NovaSeq 6000		genomic_info	dg.4DFC/840c7e9c-8900-4d1d-96667ce99c1e_98	dg.4DFC/840c7e9c-8900-4d1d-96667ce99c1e_98
GRCh38	WXS Hybrid Selection paired-end	WXS	Genomic	Hybrid Selection	ILLUMINA	Illumina NovaSeq 6000		genomic_info	dg.4DFC/840c7e9c-8900-4d1d-96667ce99c1e_99	dg.4DFC/840c7e9c-8900-4d1d-96667ce99c1e_99
GRCh37	"Anchored Multiplex PCR (AMP(TM)) chemistry is purpose-built to accurately identify both simple and complex genetic mutations by leveraging the power of bidirectional primers and molecular barcodes, or MBCs, from low nucleic acid input in tissue or blood. AMP chemistry is also flexible, so it can be used for applications in DNA, RNA, and ctDNA sequencing across most tumor type."	Archer Fusion	Transcriptomic	other	ILLUMINA	Illumina MiSeq		genomic_info	dg.4DFC/840c7e9c-8900-4d1d-96667ce99c1e_100	dg.4DFC/840c7e9c-8900-4d1d-96667ce99c1e_100
GRCh38	WXS Hybrid Selection paired-end	WXS	Genomic	Hybrid Selection	ILLUMINA	Illumina NovaSeq 6000		genomic_info	dg.4DFC/840c7e9c-8900-4d1d-96667ce99c1e_101	dg.4DFC/840c7e9c-8900-4d1d-96667ce99c1e_101
GRCh37	"Anchored Multiplex PCR (AMP(TM)) chemistry is purpose-built to accurately identify both simple and complex genetic mutations by leveraging the power of bidirectional primers and molecular barcodes, or MBCs, from low nucleic acid input in tissue or blood. AMP chemistry is also flexible, so it can be used for applications in DNA, RNA, and ctDNA sequencing across most tumor type."	OTHER	Transcriptomic	other	ILLUMINA	Illumina MiSeq		genomic_info	dg.4DFC/840c7e9c-8900-4d1d-96667ce99c1e_102	dg.4DFC/840c7e9c-8900-4d1d-96667ce99c1e_102
GRCh38	WXS Hybrid Selection paired-end	WXS	Genomic	Hybrid Selection	ILLUMINA	Illumina NovaSeq 6000		genomic_info	dg.4DFC/840c7e9c-8900-4d1d-96667ce99c1e_103	dg.4DFC/840c7e9c-8900-4d1d-96667ce99c1e_103
GRCh37	"Anchored Multiplex PCR (AMP(TM)) chemistry is purpose-built to accurately identify both simple and complex genetic mutations by leveraging the power of bidirectional primers and molecular barcodes, or MBCs, from low nucleic acid input in tissue or blood. AMP chemistry is also flexible, so it can be used for applications in DNA, RNA, and ctDNA sequencing across most tumor type."	Archer Fusion	Transcriptomic	other	ILLUMINA	Illumina MiSeq		genomic_info	dg.4DFC/840c7e9c-8900-4d1d-96667ce99c1e_104	dg.4DFC/840c7e9c-8900-4d1d-96667ce99c1e_104
GRCh38	WXS Hybrid Selection paired-end	WXS	Genomic	Hybrid Selection	ILLUMINA	Illumina NovaSeq 6000		genomic_info	dg.4DFC/840c7e9c-8900-4d1d-96667ce99c1e_105	dg.4DFC/840c7e9c-8900-4d1d-96667ce99c1e_105
GRCh37	"Anchored Multiplex PCR (AMP(TM)) chemistry is purpose-built to accurately identify both simple and complex genetic mutations by leveraging the power of bidirectional primers and molecular barcodes, or MBCs, from low nucleic acid input in tissue or blood. AMP chemistry is also flexible, so it can be used for applications in DNA, RNA, and ctDNA sequencing across most tumor type."	Archer Fusion	Transcriptomic	other	ILLUMINA	Illumina MiSeq		genomic_info	dg.4DFC/840c7e9c-8900-4d1d-96667ce99c1e_106	dg.4DFC/840c7e9c-8900-4d1d-96667ce99c1e_106
GRCh37	"Anchored Multiplex PCR (AMP(TM)) chemistry is purpose-built to accurately identify both simple and complex genetic mutations by leveraging the power of bidirectional primers and molecular barcodes, or MBCs, from low nucleic acid input in tissue or blood. AMP chemistry is also flexible, so it can be used for applications in DNA, RNA, and ctDNA sequencing across most tumor type."	OTHER	Transcriptomic	other	ILLUMINA	Illumina MiSeq		genomic_info	dg.4DFC/840c7e9c-8900-4d1d-96667ce99c1e_107	dg.4DFC/840c7e9c-8900-4d1d-96667ce99c1e_107
GRCh38	WXS Hybrid Selection paired-end	WXS	Genomic	Hybrid Selection	ILLUMINA	Illumina NovaSeq 6000		genomic_info	dg.4DFC/840c7e9c-8900-4d1d-96667ce99c1e_108	dg.4DFC/840c7e9c-8900-4d1d-96667ce99c1e_108
GRCh37	"Anchored Multiplex PCR (AMP(TM)) chemistry is purpose-built to accurately identify both simple and complex genetic mutations by leveraging the power of bidirectional primers and molecular barcodes, or MBCs, from low nucleic acid input in tissue or blood. AMP chemistry is also flexible, so it can be used for applications in DNA, RNA, and ctDNA sequencing across most tumor type."	OTHER	Transcriptomic	other	ILLUMINA	Illumina MiSeq		genomic_info	dg.4DFC/840c7e9c-8900-4d1d-96667ce99c1e_109	dg.4DFC/840c7e9c-8900-4d1d-96667ce99c1e_109
GRCh38	WXS Hybrid Selection paired-end	WXS	Genomic	Hybrid Selection	ILLUMINA	Illumina NovaSeq 6000		genomic_info	dg.4DFC/840c7e9c-8900-4d1d-96667ce99c1e_110	dg.4DFC/840c7e9c-8900-4d1d-96667ce99c1e_110
GRCh38	WXS Hybrid Selection paired-end	WXS	Genomic	Hybrid Selection	ILLUMINA	Illumina NovaSeq 6000		genomic_info	dg.4DFC/840c7e9c-8900-4d1d-96667ce99c1e_111	dg.4DFC/840c7e9c-8900-4d1d-96667ce99c1e_111
GRCh37	"Anchored Multiplex PCR (AMP(TM)) chemistry is purpose-built to accurately identify both simple and complex genetic mutations by leveraging the power of bidirectional primers and molecular barcodes, or MBCs, from low nucleic acid input in tissue or blood. AMP chemistry is also flexible, so it can be used for applications in DNA, RNA, and ctDNA sequencing across most tumor type."	Archer Fusion	Transcriptomic	other	ILLUMINA	Illumina MiSeq		genomic_info	dg.4DFC/840c7e9c-8900-4d1d-96667ce99c1e_112	dg.4DFC/840c7e9c-8900-4d1d-96667ce99c1e_112
GRCh38	WXS Hybrid Selection paired-end	WXS	Genomic	Hybrid Selection	ILLUMINA	Illumina NovaSeq 6000		genomic_info	dg.4DFC/840c7e9c-8900-4d1d-96667ce99c1e_113	dg.4DFC/840c7e9c-8900-4d1d-96667ce99c1e_113
GRCh37	"Anchored Multiplex PCR (AMP(TM)) chemistry is purpose-built to accurately identify both simple and complex genetic mutations by leveraging the power of bidirectional primers and molecular barcodes, or MBCs, from low nucleic acid input in tissue or blood. AMP chemistry is also flexible, so it can be used for applications in DNA, RNA, and ctDNA sequencing across most tumor type."	Archer Fusion	Transcriptomic	other	ILLUMINA	Illumina MiSeq		genomic_info	dg.4DFC/840c7e9c-8900-4d1d-96667ce99c1e_114	dg.4DFC/840c7e9c-8900-4d1d-96667ce99c1e_114
GRCh37	"Anchored Multiplex PCR (AMP(TM)) chemistry is purpose-built to accurately identify both simple and complex genetic mutations by leveraging the power of bidirectional primers and molecular barcodes, or MBCs, from low nucleic acid input in tissue or blood. AMP chemistry is also flexible, so it can be used for applications in DNA, RNA, and ctDNA sequencing across most tumor type."	Archer Fusion	Transcriptomic	other	ILLUMINA	Illumina MiSeq		genomic_info	dg.4DFC/840c7e9c-8900-4d1d-96667ce99c1e_115	dg.4DFC/840c7e9c-8900-4d1d-96667ce99c1e_115
GRCh37	"Anchored Multiplex PCR (AMP(TM)) chemistry is purpose-built to accurately identify both simple and complex genetic mutations by leveraging the power of bidirectional primers and molecular barcodes, or MBCs, from low nucleic acid input in tissue or blood. AMP chemistry is also flexible, so it can be used for applications in DNA, RNA, and ctDNA sequencing across most tumor type."	Archer Fusion	Transcriptomic	other	ILLUMINA	Illumina MiSeq		genomic_info	dg.4DFC/840c7e9c-8900-4d1d-96667ce99c1e_116	dg.4DFC/840c7e9c-8900-4d1d-96667ce99c1e_116
GRCh38	WXS Hybrid Selection paired-end	WXS	Genomic	Hybrid Selection	ILLUMINA	Illumina NovaSeq 6000		genomic_info	dg.4DFC/840c7e9c-8900-4d1d-96667ce99c1e_117	dg.4DFC/840c7e9c-8900-4d1d-96667ce99c1e_117
GRCh37	"Anchored Multiplex PCR (AMP(TM)) chemistry is purpose-built to accurately identify both simple and complex genetic mutations by leveraging the power of bidirectional primers and molecular barcodes, or MBCs, from low nucleic acid input in tissue or blood. AMP chemistry is also flexible, so it can be used for applications in DNA, RNA, and ctDNA sequencing across most tumor type."	Archer Fusion	Transcriptomic	other	ILLUMINA	Illumina MiSeq		genomic_info	dg.4DFC/840c7e9c-8900-4d1d-96667ce99c1e_118	dg.4DFC/840c7e9c-8900-4d1d-96667ce99c1e_118
GRCh38	WXS Hybrid Selection paired-end	WXS	Genomic	Hybrid Selection	ILLUMINA	Illumina NovaSeq 6000		genomic_info	dg.4DFC/840c7e9c-8900-4d1d-96667ce99c1e_119	dg.4DFC/840c7e9c-8900-4d1d-96667ce99c1e_119
GRCh37	"Anchored Multiplex PCR (AMP(TM)) chemistry is purpose-built to accurately identify both simple and complex genetic mutations by leveraging the power of bidirectional primers and molecular barcodes, or MBCs, from low nucleic acid input in tissue or blood. AMP chemistry is also flexible, so it can be used for applications in DNA, RNA, and ctDNA sequencing across most tumor type."	Archer Fusion	Transcriptomic	other	ILLUMINA	Illumina MiSeq		genomic_info	dg.4DFC/840c7e9c-8900-4d1d-96667ce99c1e_120	dg.4DFC/840c7e9c-8900-4d1d-96667ce99c1e_120
GRCh38	WXS Hybrid Selection paired-end	WXS	Genomic	Hybrid Selection	ILLUMINA	Illumina NovaSeq 6000		genomic_info	dg.4DFC/840c7e9c-8900-4d1d-96667ce99c1e_121	dg.4DFC/840c7e9c-8900-4d1d-96667ce99c1e_121
GRCh38	WXS Hybrid Selection paired-end	WXS	Genomic	Hybrid Selection	ILLUMINA	Illumina NovaSeq 6000		genomic_info	dg.4DFC/840c7e9c-8900-4d1d-96667ce99c1e_122	dg.4DFC/840c7e9c-8900-4d1d-96667ce99c1e_122
GRCh38	WXS Hybrid Selection paired-end	WXS	Genomic	Hybrid Selection	ILLUMINA	Illumina NovaSeq 6000		genomic_info	dg.4DFC/840c7e9c-8900-4d1d-96667ce99c1e_123	dg.4DFC/840c7e9c-8900-4d1d-96667ce99c1e_123
GRCh37	"Anchored Multiplex PCR (AMP(TM)) chemistry is purpose-built to accurately identify both simple and complex genetic mutations by leveraging the power of bidirectional primers and molecular barcodes, or MBCs, from low nucleic acid input in tissue or blood. AMP chemistry is also flexible, so it can be used for applications in DNA, RNA, and ctDNA sequencing across most tumor type."	Archer Fusion	Transcriptomic	other	ILLUMINA	Illumina MiSeq		genomic_info	dg.4DFC/840c7e9c-8900-4d1d-96667ce99c1e_124	dg.4DFC/840c7e9c-8900-4d1d-96667ce99c1e_124
GRCh38	WXS Hybrid Selection paired-end	WXS	Genomic	Hybrid Selection	ILLUMINA	Illumina NovaSeq 6000		genomic_info	dg.4DFC/840c7e9c-8900-4d1d-96667ce99c1e_125	dg.4DFC/840c7e9c-8900-4d1d-96667ce99c1e_125
GRCh38	WXS Hybrid Selection paired-end	WXS	Genomic	Hybrid Selection	ILLUMINA	Illumina NovaSeq 6000		genomic_info	dg.4DFC/840c7e9c-8900-4d1d-96667ce99c1e_126	dg.4DFC/840c7e9c-8900-4d1d-96667ce99c1e_126
GRCh38	WXS Hybrid Selection paired-end	WXS	Genomic	Hybrid Selection	ILLUMINA	Illumina NovaSeq 6000		genomic_info	dg.4DFC/840c7e9c-8900-4d1d-96667ce99c1e_127	dg.4DFC/840c7e9c-8900-4d1d-96667ce99c1e_127
GRCh37	"Anchored Multiplex PCR (AMP(TM)) chemistry is purpose-built to accurately identify both simple and complex genetic mutations by leveraging the power of bidirectional primers and molecular barcodes, or MBCs, from low nucleic acid input in tissue or blood. AMP chemistry is also flexible, so it can be used for applications in DNA, RNA, and ctDNA sequencing across most tumor type."	Archer Fusion	Transcriptomic	other	ILLUMINA	Illumina MiSeq		genomic_info	dg.4DFC/840c7e9c-8900-4d1d-96667ce99c1e_128	dg.4DFC/840c7e9c-8900-4d1d-96667ce99c1e_128
GRCh38	WXS Hybrid Selection paired-end	WXS	Genomic	Hybrid Selection	ILLUMINA	Illumina NovaSeq 6000		genomic_info	dg.4DFC/840c7e9c-8900-4d1d-96667ce99c1e_129	dg.4DFC/840c7e9c-8900-4d1d-96667ce99c1e_129
GRCh38	WXS Hybrid Selection paired-end	WXS	Genomic	Hybrid Selection	ILLUMINA	Illumina NovaSeq 6000		genomic_info	dg.4DFC/840c7e9c-8900-4d1d-96667ce99c1e_130	dg.4DFC/840c7e9c-8900-4d1d-96667ce99c1e_130
GRCh37	"Anchored Multiplex PCR (AMP(TM)) chemistry is purpose-built to accurately identify both simple and complex genetic mutations by leveraging the power of bidirectional primers and molecular barcodes, or MBCs, from low nucleic acid input in tissue or blood. AMP chemistry is also flexible, so it can be used for applications in DNA, RNA, and ctDNA sequencing across most tumor type."	Archer Fusion	Transcriptomic	other	ILLUMINA	Illumina MiSeq		genomic_info	dg.4DFC/840c7e9c-8900-4d1d-96667ce99c1e_131	dg.4DFC/840c7e9c-8900-4d1d-96667ce99c1e_131
GRCh38	WXS Hybrid Selection paired-end	WXS	Genomic	Hybrid Selection	ILLUMINA	Illumina NovaSeq 6000		genomic_info	dg.4DFC/840c7e9c-8900-4d1d-96667ce99c1e_132	dg.4DFC/840c7e9c-8900-4d1d-96667ce99c1e_132
GRCh38	WXS Hybrid Selection paired-end	WXS	Genomic	Hybrid Selection	ILLUMINA	Illumina NovaSeq 6000		genomic_info	dg.4DFC/840c7e9c-8900-4d1d-96667ce99c1e_133	dg.4DFC/840c7e9c-8900-4d1d-96667ce99c1e_133
GRCh38	WXS Hybrid Selection paired-end	WXS	Genomic	Hybrid Selection	ILLUMINA	Illumina NovaSeq 6000		genomic_info	dg.4DFC/840c7e9c-8900-4d1d-96667ce99c1e_134	dg.4DFC/840c7e9c-8900-4d1d-96667ce99c1e_134
GRCh38	WXS Hybrid Selection paired-end	WXS	Genomic	Hybrid Selection	ILLUMINA	Illumina NovaSeq 6000		genomic_info	dg.4DFC/840c7e9c-8900-4d1d-96667ce99c1e_135	dg.4DFC/840c7e9c-8900-4d1d-96667ce99c1e_135
GRCh37	"Anchored Multiplex PCR (AMP(TM)) chemistry is purpose-built to accurately identify both simple and complex genetic mutations by leveraging the power of bidirectional primers and molecular barcodes, or MBCs, from low nucleic acid input in tissue or blood. AMP chemistry is also flexible, so it can be used for applications in DNA, RNA, and ctDNA sequencing across most tumor type."	Archer Fusion	Transcriptomic	other	ILLUMINA	Illumina MiSeq		genomic_info	dg.4DFC/840c7e9c-8900-4d1d-96667ce99c1e_136	dg.4DFC/840c7e9c-8900-4d1d-96667ce99c1e_136
GRCh38	WXS Hybrid Selection paired-end	WXS	Genomic	Hybrid Selection	ILLUMINA	Illumina NovaSeq 6000		genomic_info	dg.4DFC/840c7e9c-8900-4d1d-96667ce99c1e_137	dg.4DFC/840c7e9c-8900-4d1d-96667ce99c1e_137
GRCh38	WXS Hybrid Selection paired-end	WXS	Genomic	Hybrid Selection	ILLUMINA	Illumina NovaSeq 6000		genomic_info	dg.4DFC/840c7e9c-8900-4d1d-96667ce99c1e_138	dg.4DFC/840c7e9c-8900-4d1d-96667ce99c1e_138
GRCh37	"Anchored Multiplex PCR (AMP(TM)) chemistry is purpose-built to accurately identify both simple and complex genetic mutations by leveraging the power of bidirectional primers and molecular barcodes, or MBCs, from low nucleic acid input in tissue or blood. AMP chemistry is also flexible, so it can be used for applications in DNA, RNA, and ctDNA sequencing across most tumor type."	Archer Fusion	Transcriptomic	other	ILLUMINA	Illumina MiSeq		genomic_info	dg.4DFC/840c7e9c-8900-4d1d-96667ce99c1e_139	dg.4DFC/840c7e9c-8900-4d1d-96667ce99c1e_139
GRCh38	WXS Hybrid Selection paired-end	WXS	Genomic	Hybrid Selection	ILLUMINA	Illumina NovaSeq 6000		genomic_info	dg.4DFC/840c7e9c-8900-4d1d-96667ce99c1e_140	dg.4DFC/840c7e9c-8900-4d1d-96667ce99c1e_140
GRCh37	"Anchored Multiplex PCR (AMP(TM)) chemistry is purpose-built to accurately identify both simple and complex genetic mutations by leveraging the power of bidirectional primers and molecular barcodes, or MBCs, from low nucleic acid input in tissue or blood. AMP chemistry is also flexible, so it can be used for applications in DNA, RNA, and ctDNA sequencing across most tumor type."	Archer Fusion	Transcriptomic	other	ILLUMINA	Illumina MiSeq		genomic_info	dg.4DFC/840c7e9c-8900-4d1d-96667ce99c1e_141	dg.4DFC/840c7e9c-8900-4d1d-96667ce99c1e_141
GRCh37	"Anchored Multiplex PCR (AMP(TM)) chemistry is purpose-built to accurately identify both simple and complex genetic mutations by leveraging the power of bidirectional primers and molecular barcodes, or MBCs, from low nucleic acid input in tissue or blood. AMP chemistry is also flexible, so it can be used for applications in DNA, RNA, and ctDNA sequencing across most tumor type."	Archer Fusion	Transcriptomic	other	ILLUMINA	Illumina MiSeq		genomic_info	dg.4DFC/840c7e9c-8900-4d1d-96667ce99c1e_142	dg.4DFC/840c7e9c-8900-4d1d-96667ce99c1e_142
GRCh37	"Anchored Multiplex PCR (AMP(TM)) chemistry is purpose-built to accurately identify both simple and complex genetic mutations by leveraging the power of bidirectional primers and molecular barcodes, or MBCs, from low nucleic acid input in tissue or blood. AMP chemistry is also flexible, so it can be used for applications in DNA, RNA, and ctDNA sequencing across most tumor type."	OTHER	Transcriptomic	other	ILLUMINA	Illumina MiSeq		genomic_info	dg.4DFC/840c7e9c-8900-4d1d-96667ce99c1e_143	dg.4DFC/840c7e9c-8900-4d1d-96667ce99c1e_143
GRCh37	"Anchored Multiplex PCR (AMP(TM)) chemistry is purpose-built to accurately identify both simple and complex genetic mutations by leveraging the power of bidirectional primers and molecular barcodes, or MBCs, from low nucleic acid input in tissue or blood. AMP chemistry is also flexible, so it can be used for applications in DNA, RNA, and ctDNA sequencing across most tumor type."	Archer Fusion	Transcriptomic	other	ILLUMINA	Illumina MiSeq		genomic_info	dg.4DFC/840c7e9c-8900-4d1d-96667ce99c1e_144	dg.4DFC/840c7e9c-8900-4d1d-96667ce99c1e_144
GRCh38	WXS Hybrid Selection paired-end	WXS	Genomic	Hybrid Selection	ILLUMINA	Illumina NovaSeq 6000		genomic_info	dg.4DFC/840c7e9c-8900-4d1d-96667ce99c1e_145	dg.4DFC/840c7e9c-8900-4d1d-96667ce99c1e_145
GRCh38	WXS Hybrid Selection paired-end	WXS	Genomic	Hybrid Selection	ILLUMINA	Illumina NovaSeq 6000		genomic_info	dg.4DFC/840c7e9c-8900-4d1d-96667ce99c1e_146	dg.4DFC/840c7e9c-8900-4d1d-96667ce99c1e_146
GRCh38	WXS Hybrid Selection paired-end	WXS	Genomic	Hybrid Selection	ILLUMINA	Illumina NovaSeq 6000		genomic_info	dg.4DFC/840c7e9c-8900-4d1d-96667ce99c1e_147	dg.4DFC/840c7e9c-8900-4d1d-96667ce99c1e_147
GRCh38	WXS Hybrid Selection paired-end	WXS	Genomic	Hybrid Selection	ILLUMINA	Illumina NovaSeq 6000		genomic_info	dg.4DFC/840c7e9c-8900-4d1d-96667ce99c1e_148	dg.4DFC/840c7e9c-8900-4d1d-96667ce99c1e_148
GRCh38	WXS Hybrid Selection paired-end	WXS	Genomic	Hybrid Selection	ILLUMINA	Illumina NovaSeq 6000		genomic_info	dg.4DFC/840c7e9c-8900-4d1d-96667ce99c1e_149	dg.4DFC/840c7e9c-8900-4d1d-96667ce99c1e_149
GRCh37	"Anchored Multiplex PCR (AMP(TM)) chemistry is purpose-built to accurately identify both simple and complex genetic mutations by leveraging the power of bidirectional primers and molecular barcodes, or MBCs, from low nucleic acid input in tissue or blood. AMP chemistry is also flexible, so it can be used for applications in DNA, RNA, and ctDNA sequencing across most tumor type."	Archer Fusion	Transcriptomic	other	ILLUMINA	Illumina MiSeq		genomic_info	dg.4DFC/840c7e9c-8900-4d1d-96667ce99c1e_150	dg.4DFC/840c7e9c-8900-4d1d-96667ce99c1e_150
GRCh38	WXS Hybrid Selection paired-end	WXS	Genomic	Hybrid Selection	ILLUMINA	Illumina NovaSeq 6000		genomic_info	dg.4DFC/840c7e9c-8900-4d1d-96667ce99c1e_151	dg.4DFC/840c7e9c-8900-4d1d-96667ce99c1e_151
GRCh37	"Anchored Multiplex PCR (AMP(TM)) chemistry is purpose-built to accurately identify both simple and complex genetic mutations by leveraging the power of bidirectional primers and molecular barcodes, or MBCs, from low nucleic acid input in tissue or blood. AMP chemistry is also flexible, so it can be used for applications in DNA, RNA, and ctDNA sequencing across most tumor type."	Archer Fusion	Transcriptomic	other	ILLUMINA	Illumina MiSeq		genomic_info	dg.4DFC/840c7e9c-8900-4d1d-96667ce99c1e_152	dg.4DFC/840c7e9c-8900-4d1d-96667ce99c1e_152
GRCh38	WXS Hybrid Selection paired-end	WXS	Genomic	Hybrid Selection	ILLUMINA	Illumina NovaSeq 6000		genomic_info	dg.4DFC/840c7e9c-8900-4d1d-96667ce99c1e_153	dg.4DFC/840c7e9c-8900-4d1d-96667ce99c1e_153
GRCh37	"Anchored Multiplex PCR (AMP(TM)) chemistry is purpose-built to accurately identify both simple and complex genetic mutations by leveraging the power of bidirectional primers and molecular barcodes, or MBCs, from low nucleic acid input in tissue or blood. AMP chemistry is also flexible, so it can be used for applications in DNA, RNA, and ctDNA sequencing across most tumor type."	Archer Fusion	Transcriptomic	other	ILLUMINA	Illumina MiSeq		genomic_info	dg.4DFC/840c7e9c-8900-4d1d-96667ce99c1e_154	dg.4DFC/840c7e9c-8900-4d1d-96667ce99c1e_154
GRCh38	WXS Hybrid Selection paired-end	WXS	Genomic	Hybrid Selection	ILLUMINA	Illumina NovaSeq 6000		genomic_info	dg.4DFC/840c7e9c-8900-4d1d-96667ce99c1e_155	dg.4DFC/840c7e9c-8900-4d1d-96667ce99c1e_155
GRCh37	"Anchored Multiplex PCR (AMP(TM)) chemistry is purpose-built to accurately identify both simple and complex genetic mutations by leveraging the power of bidirectional primers and molecular barcodes, or MBCs, from low nucleic acid input in tissue or blood. AMP chemistry is also flexible, so it can be used for applications in DNA, RNA, and ctDNA sequencing across most tumor type."	Archer Fusion	Transcriptomic	other	ILLUMINA	Illumina MiSeq		genomic_info	dg.4DFC/840c7e9c-8900-4d1d-96667ce99c1e_156	dg.4DFC/840c7e9c-8900-4d1d-96667ce99c1e_156
GRCh38	WXS Hybrid Selection paired-end	WXS	Genomic	Hybrid Selection	ILLUMINA	Illumina NovaSeq 6000		genomic_info	dg.4DFC/840c7e9c-8900-4d1d-96667ce99c1e_157	dg.4DFC/840c7e9c-8900-4d1d-96667ce99c1e_157
GRCh37	"Anchored Multiplex PCR (AMP(TM)) chemistry is purpose-built to accurately identify both simple and complex genetic mutations by leveraging the power of bidirectional primers and molecular barcodes, or MBCs, from low nucleic acid input in tissue or blood. AMP chemistry is also flexible, so it can be used for applications in DNA, RNA, and ctDNA sequencing across most tumor type."	Archer Fusion	Transcriptomic	other	ILLUMINA	Illumina MiSeq		genomic_info	dg.4DFC/840c7e9c-8900-4d1d-96667ce99c1e_158	dg.4DFC/840c7e9c-8900-4d1d-96667ce99c1e_158
GRCh37	"Anchored Multiplex PCR (AMP(TM)) chemistry is purpose-built to accurately identify both simple and complex genetic mutations by leveraging the power of bidirectional primers and molecular barcodes, or MBCs, from low nucleic acid input in tissue or blood. AMP chemistry is also flexible, so it can be used for applications in DNA, RNA, and ctDNA sequencing across most tumor type."	Archer Fusion	Transcriptomic	other	ILLUMINA	Illumina MiSeq		genomic_info	dg.4DFC/840c7e9c-8900-4d1d-96667ce99c1e_159	dg.4DFC/840c7e9c-8900-4d1d-96667ce99c1e_159
GRCh37	"Anchored Multiplex PCR (AMP(TM)) chemistry is purpose-built to accurately identify both simple and complex genetic mutations by leveraging the power of bidirectional primers and molecular barcodes, or MBCs, from low nucleic acid input in tissue or blood. AMP chemistry is also flexible, so it can be used for applications in DNA, RNA, and ctDNA sequencing across most tumor type."	Archer Fusion	Transcriptomic	other	ILLUMINA	Illumina MiSeq		genomic_info	dg.4DFC/840c7e9c-8900-4d1d-96667ce99c1e_160	dg.4DFC/840c7e9c-8900-4d1d-96667ce99c1e_160
GRCh37	"Anchored Multiplex PCR (AMP(TM)) chemistry is purpose-built to accurately identify both simple and complex genetic mutations by leveraging the power of bidirectional primers and molecular barcodes, or MBCs, from low nucleic acid input in tissue or blood. AMP chemistry is also flexible, so it can be used for applications in DNA, RNA, and ctDNA sequencing across most tumor type."	Archer Fusion	Transcriptomic	other	ILLUMINA	Illumina MiSeq		genomic_info	dg.4DFC/840c7e9c-8900-4d1d-96667ce99c1e_161	dg.4DFC/840c7e9c-8900-4d1d-96667ce99c1e_161
GRCh37	"Anchored Multiplex PCR (AMP(TM)) chemistry is purpose-built to accurately identify both simple and complex genetic mutations by leveraging the power of bidirectional primers and molecular barcodes, or MBCs, from low nucleic acid input in tissue or blood. AMP chemistry is also flexible, so it can be used for applications in DNA, RNA, and ctDNA sequencing across most tumor type."	OTHER	Transcriptomic	other	ILLUMINA	Illumina MiSeq		genomic_info	dg.4DFC/840c7e9c-8900-4d1d-96667ce99c1e_162	dg.4DFC/840c7e9c-8900-4d1d-96667ce99c1e_162
GRCh37	"Anchored Multiplex PCR (AMP(TM)) chemistry is purpose-built to accurately identify both simple and complex genetic mutations by leveraging the power of bidirectional primers and molecular barcodes, or MBCs, from low nucleic acid input in tissue or blood. AMP chemistry is also flexible, so it can be used for applications in DNA, RNA, and ctDNA sequencing across most tumor type."	Archer Fusion	Transcriptomic	other	ILLUMINA	Illumina MiSeq		genomic_info	dg.4DFC/840c7e9c-8900-4d1d-96667ce99c1e_163	dg.4DFC/840c7e9c-8900-4d1d-96667ce99c1e_163
GRCh38	WXS Hybrid Selection paired-end	WXS	Genomic	Hybrid Selection	ILLUMINA	Illumina NovaSeq 6000		genomic_info	dg.4DFC/840c7e9c-8900-4d1d-96667ce99c1e_164	dg.4DFC/840c7e9c-8900-4d1d-96667ce99c1e_164
GRCh38	WXS Hybrid Selection paired-end	WXS	Genomic	Hybrid Selection	ILLUMINA	Illumina NovaSeq 6000		genomic_info	dg.4DFC/840c7e9c-8900-4d1d-96667ce99c1e_165	dg.4DFC/840c7e9c-8900-4d1d-96667ce99c1e_165
GRCh38	WXS Hybrid Selection paired-end	WXS	Genomic	Hybrid Selection	ILLUMINA	Illumina NovaSeq 6000		genomic_info	dg.4DFC/840c7e9c-8900-4d1d-96667ce99c1e_166	dg.4DFC/840c7e9c-8900-4d1d-96667ce99c1e_166
GRCh37	"Anchored Multiplex PCR (AMP(TM)) chemistry is purpose-built to accurately identify both simple and complex genetic mutations by leveraging the power of bidirectional primers and molecular barcodes, or MBCs, from low nucleic acid input in tissue or blood. AMP chemistry is also flexible, so it can be used for applications in DNA, RNA, and ctDNA sequencing across most tumor type."	Archer Fusion	Transcriptomic	other	ILLUMINA	Illumina MiSeq		genomic_info	dg.4DFC/840c7e9c-8900-4d1d-96667ce99c1e_167	dg.4DFC/840c7e9c-8900-4d1d-96667ce99c1e_167
GRCh38	WXS Hybrid Selection paired-end	WXS	Genomic	Hybrid Selection	ILLUMINA	Illumina NovaSeq 6000		genomic_info	dg.4DFC/840c7e9c-8900-4d1d-96667ce99c1e_168	dg.4DFC/840c7e9c-8900-4d1d-96667ce99c1e_168
GRCh37	"Anchored Multiplex PCR (AMP(TM)) chemistry is purpose-built to accurately identify both simple and complex genetic mutations by leveraging the power of bidirectional primers and molecular barcodes, or MBCs, from low nucleic acid input in tissue or blood. AMP chemistry is also flexible, so it can be used for applications in DNA, RNA, and ctDNA sequencing across most tumor type."	Archer Fusion	Transcriptomic	other	ILLUMINA	Illumina MiSeq		genomic_info	dg.4DFC/840c7e9c-8900-4d1d-96667ce99c1e_169	dg.4DFC/840c7e9c-8900-4d1d-96667ce99c1e_169
GRCh37	"Anchored Multiplex PCR (AMP(TM)) chemistry is purpose-built to accurately identify both simple and complex genetic mutations by leveraging the power of bidirectional primers and molecular barcodes, or MBCs, from low nucleic acid input in tissue or blood. AMP chemistry is also flexible, so it can be used for applications in DNA, RNA, and ctDNA sequencing across most tumor type."	Archer Fusion	Transcriptomic	other	ILLUMINA	Illumina MiSeq		genomic_info	dg.4DFC/840c7e9c-8900-4d1d-96667ce99c1e_170	dg.4DFC/840c7e9c-8900-4d1d-96667ce99c1e_170
GRCh37	"Anchored Multiplex PCR (AMP(TM)) chemistry is purpose-built to accurately identify both simple and complex genetic mutations by leveraging the power of bidirectional primers and molecular barcodes, or MBCs, from low nucleic acid input in tissue or blood. AMP chemistry is also flexible, so it can be used for applications in DNA, RNA, and ctDNA sequencing across most tumor type."	Archer Fusion	Transcriptomic	other	ILLUMINA	Illumina MiSeq		genomic_info	dg.4DFC/840c7e9c-8900-4d1d-96667ce99c1e_171	dg.4DFC/840c7e9c-8900-4d1d-96667ce99c1e_171
GRCh38	WXS Hybrid Selection paired-end	WXS	Genomic	Hybrid Selection	ILLUMINA	Illumina NovaSeq 6000		genomic_info	dg.4DFC/840c7e9c-8900-4d1d-96667ce99c1e_172	dg.4DFC/840c7e9c-8900-4d1d-96667ce99c1e_172
GRCh38	WXS Hybrid Selection paired-end	WXS	Genomic	Hybrid Selection	ILLUMINA	Illumina NovaSeq 6000		genomic_info	dg.4DFC/840c7e9c-8900-4d1d-96667ce99c1e_173	dg.4DFC/840c7e9c-8900-4d1d-96667ce99c1e_173
GRCh38	WXS Hybrid Selection paired-end	WXS	Genomic	Hybrid Selection	ILLUMINA	Illumina NovaSeq 6000		genomic_info	dg.4DFC/840c7e9c-8900-4d1d-96667ce99c1e_174	dg.4DFC/840c7e9c-8900-4d1d-96667ce99c1e_174
GRCh38	WXS Hybrid Selection paired-end	WXS	Genomic	Hybrid Selection	ILLUMINA	Illumina NovaSeq 6000		genomic_info	dg.4DFC/840c7e9c-8900-4d1d-96667ce99c1e_175	dg.4DFC/840c7e9c-8900-4d1d-96667ce99c1e_175
GRCh38	WXS Hybrid Selection paired-end	WXS	Genomic	Hybrid Selection	ILLUMINA	Illumina NovaSeq 6000		genomic_info	dg.4DFC/840c7e9c-8900-4d1d-96667ce99c1e_176	dg.4DFC/840c7e9c-8900-4d1d-96667ce99c1e_176
GRCh37	"Anchored Multiplex PCR (AMP(TM)) chemistry is purpose-built to accurately identify both simple and complex genetic mutations by leveraging the power of bidirectional primers and molecular barcodes, or MBCs, from low nucleic acid input in tissue or blood. AMP chemistry is also flexible, so it can be used for applications in DNA, RNA, and ctDNA sequencing across most tumor type."	Archer Fusion	Transcriptomic	other	ILLUMINA	Illumina MiSeq		genomic_info	dg.4DFC/840c7e9c-8900-4d1d-96667ce99c1e_177	dg.4DFC/840c7e9c-8900-4d1d-96667ce99c1e_177
GRCh38	WXS Hybrid Selection paired-end	WXS	Genomic	Hybrid Selection	ILLUMINA	Illumina NovaSeq 6000		genomic_info	dg.4DFC/840c7e9c-8900-4d1d-96667ce99c1e_178	dg.4DFC/840c7e9c-8900-4d1d-96667ce99c1e_178
GRCh37	"Anchored Multiplex PCR (AMP(TM)) chemistry is purpose-built to accurately identify both simple and complex genetic mutations by leveraging the power of bidirectional primers and molecular barcodes, or MBCs, from low nucleic acid input in tissue or blood. AMP chemistry is also flexible, so it can be used for applications in DNA, RNA, and ctDNA sequencing across most tumor type."	Archer Fusion	Transcriptomic	other	ILLUMINA	Illumina MiSeq		genomic_info	dg.4DFC/840c7e9c-8900-4d1d-96667ce99c1e_179	dg.4DFC/840c7e9c-8900-4d1d-96667ce99c1e_179
GRCh37	"Anchored Multiplex PCR (AMP(TM)) chemistry is purpose-built to accurately identify both simple and complex genetic mutations by leveraging the power of bidirectional primers and molecular barcodes, or MBCs, from low nucleic acid input in tissue or blood. AMP chemistry is also flexible, so it can be used for applications in DNA, RNA, and ctDNA sequencing across most tumor type."	Archer Fusion	Transcriptomic	other	ILLUMINA	Illumina MiSeq		genomic_info	dg.4DFC/840c7e9c-8900-4d1d-96667ce99c1e_180	dg.4DFC/840c7e9c-8900-4d1d-96667ce99c1e_180
GRCh37	"Anchored Multiplex PCR (AMP(TM)) chemistry is purpose-built to accurately identify both simple and complex genetic mutations by leveraging the power of bidirectional primers and molecular barcodes, or MBCs, from low nucleic acid input in tissue or blood. AMP chemistry is also flexible, so it can be used for applications in DNA, RNA, and ctDNA sequencing across most tumor type."	Archer Fusion	Transcriptomic	other	ILLUMINA	Illumina MiSeq		genomic_info	dg.4DFC/840c7e9c-8900-4d1d-96667ce99c1e_181	dg.4DFC/840c7e9c-8900-4d1d-96667ce99c1e_181
GRCh38	WXS Hybrid Selection paired-end	WXS	Genomic	Hybrid Selection	ILLUMINA	Illumina NovaSeq 6000		genomic_info	dg.4DFC/840c7e9c-8900-4d1d-96667ce99c1e_182	dg.4DFC/840c7e9c-8900-4d1d-96667ce99c1e_182
GRCh38	WXS Hybrid Selection paired-end	WXS	Genomic	Hybrid Selection	ILLUMINA	Illumina NovaSeq 6000		genomic_info	dg.4DFC/840c7e9c-8900-4d1d-96667ce99c1e_183	dg.4DFC/840c7e9c-8900-4d1d-96667ce99c1e_183
GRCh38	WXS Hybrid Selection paired-end	WXS	Genomic	Hybrid Selection	ILLUMINA	Illumina NovaSeq 6000		genomic_info	dg.4DFC/840c7e9c-8900-4d1d-96667ce99c1e_184	dg.4DFC/840c7e9c-8900-4d1d-96667ce99c1e_184
GRCh38	WXS Hybrid Selection paired-end	WXS	Genomic	Hybrid Selection	ILLUMINA	Illumina NovaSeq 6000		genomic_info	dg.4DFC/840c7e9c-8900-4d1d-96667ce99c1e_185	dg.4DFC/840c7e9c-8900-4d1d-96667ce99c1e_185
GRCh37	"Anchored Multiplex PCR (AMP(TM)) chemistry is purpose-built to accurately identify both simple and complex genetic mutations by leveraging the power of bidirectional primers and molecular barcodes, or MBCs, from low nucleic acid input in tissue or blood. AMP chemistry is also flexible, so it can be used for applications in DNA, RNA, and ctDNA sequencing across most tumor type."	Archer Fusion	Transcriptomic	other	ILLUMINA	Illumina MiSeq		genomic_info	dg.4DFC/840c7e9c-8900-4d1d-96667ce99c1e_186	dg.4DFC/840c7e9c-8900-4d1d-96667ce99c1e_186
GRCh37	"Anchored Multiplex PCR (AMP(TM)) chemistry is purpose-built to accurately identify both simple and complex genetic mutations by leveraging the power of bidirectional primers and molecular barcodes, or MBCs, from low nucleic acid input in tissue or blood. AMP chemistry is also flexible, so it can be used for applications in DNA, RNA, and ctDNA sequencing across most tumor type."	Archer Fusion	Transcriptomic	other	ILLUMINA	Illumina MiSeq		genomic_info	dg.4DFC/840c7e9c-8900-4d1d-96667ce99c1e_187	dg.4DFC/840c7e9c-8900-4d1d-96667ce99c1e_187
GRCh38	WXS Hybrid Selection paired-end	WXS	Genomic	Hybrid Selection	ILLUMINA	Illumina NovaSeq 6000		genomic_info	dg.4DFC/840c7e9c-8900-4d1d-96667ce99c1e_188	dg.4DFC/840c7e9c-8900-4d1d-96667ce99c1e_188
GRCh37	"Anchored Multiplex PCR (AMP(TM)) chemistry is purpose-built to accurately identify both simple and complex genetic mutations by leveraging the power of bidirectional primers and molecular barcodes, or MBCs, from low nucleic acid input in tissue or blood. AMP chemistry is also flexible, so it can be used for applications in DNA, RNA, and ctDNA sequencing across most tumor type."	Archer Fusion	Transcriptomic	other	ILLUMINA	Illumina MiSeq		genomic_info	dg.4DFC/840c7e9c-8900-4d1d-96667ce99c1e_189	dg.4DFC/840c7e9c-8900-4d1d-96667ce99c1e_189
GRCh37	"Anchored Multiplex PCR (AMP(TM)) chemistry is purpose-built to accurately identify both simple and complex genetic mutations by leveraging the power of bidirectional primers and molecular barcodes, or MBCs, from low nucleic acid input in tissue or blood. AMP chemistry is also flexible, so it can be used for applications in DNA, RNA, and ctDNA sequencing across most tumor type."	Archer Fusion	Transcriptomic	other	ILLUMINA	Illumina MiSeq		genomic_info	dg.4DFC/840c7e9c-8900-4d1d-96667ce99c1e_190	dg.4DFC/840c7e9c-8900-4d1d-96667ce99c1e_190
GRCh37	"Anchored Multiplex PCR (AMP(TM)) chemistry is purpose-built to accurately identify both simple and complex genetic mutations by leveraging the power of bidirectional primers and molecular barcodes, or MBCs, from low nucleic acid input in tissue or blood. AMP chemistry is also flexible, so it can be used for applications in DNA, RNA, and ctDNA sequencing across most tumor type."	Archer Fusion	Transcriptomic	other	ILLUMINA	Illumina MiSeq		genomic_info	dg.4DFC/840c7e9c-8900-4d1d-96667ce99c1e_191	dg.4DFC/840c7e9c-8900-4d1d-96667ce99c1e_191
GRCh38	WXS Hybrid Selection paired-end	WXS	Genomic	Hybrid Selection	ILLUMINA	Illumina NovaSeq 6000		genomic_info	dg.4DFC/840c7e9c-8900-4d1d-96667ce99c1e_192	dg.4DFC/840c7e9c-8900-4d1d-96667ce99c1e_192
GRCh38	WXS Hybrid Selection paired-end	WXS	Genomic	Hybrid Selection	ILLUMINA	Illumina NovaSeq 6000		genomic_info	dg.4DFC/840c7e9c-8900-4d1d-96667ce99c1e_193	dg.4DFC/840c7e9c-8900-4d1d-96667ce99c1e_193
GRCh37	"Anchored Multiplex PCR (AMP(TM)) chemistry is purpose-built to accurately identify both simple and complex genetic mutations by leveraging the power of bidirectional primers and molecular barcodes, or MBCs, from low nucleic acid input in tissue or blood. AMP chemistry is also flexible, so it can be used for applications in DNA, RNA, and ctDNA sequencing across most tumor type."	Archer Fusion	Transcriptomic	other	ILLUMINA	Illumina MiSeq		genomic_info	dg.4DFC/840c7e9c-8900-4d1d-96667ce99c1e_194	dg.4DFC/840c7e9c-8900-4d1d-96667ce99c1e_194
GRCh37	"Anchored Multiplex PCR (AMP(TM)) chemistry is purpose-built to accurately identify both simple and complex genetic mutations by leveraging the power of bidirectional primers and molecular barcodes, or MBCs, from low nucleic acid input in tissue or blood. AMP chemistry is also flexible, so it can be used for applications in DNA, RNA, and ctDNA sequencing across most tumor type."	Archer Fusion	Transcriptomic	other	ILLUMINA	Illumina MiSeq		genomic_info	dg.4DFC/840c7e9c-8900-4d1d-96667ce99c1e_195	dg.4DFC/840c7e9c-8900-4d1d-96667ce99c1e_195
GRCh37	"Anchored Multiplex PCR (AMP(TM)) chemistry is purpose-built to accurately identify both simple and complex genetic mutations by leveraging the power of bidirectional primers and molecular barcodes, or MBCs, from low nucleic acid input in tissue or blood. AMP chemistry is also flexible, so it can be used for applications in DNA, RNA, and ctDNA sequencing across most tumor type."	Archer Fusion	Transcriptomic	other	ILLUMINA	Illumina MiSeq		genomic_info	dg.4DFC/840c7e9c-8900-4d1d-96667ce99c1e_196	dg.4DFC/840c7e9c-8900-4d1d-96667ce99c1e_196
GRCh37	"Anchored Multiplex PCR (AMP(TM)) chemistry is purpose-built to accurately identify both simple and complex genetic mutations by leveraging the power of bidirectional primers and molecular barcodes, or MBCs, from low nucleic acid input in tissue or blood. AMP chemistry is also flexible, so it can be used for applications in DNA, RNA, and ctDNA sequencing across most tumor type."	Archer Fusion	Transcriptomic	other	ILLUMINA	Illumina MiSeq		genomic_info	dg.4DFC/840c7e9c-8900-4d1d-96667ce99c1e_197	dg.4DFC/840c7e9c-8900-4d1d-96667ce99c1e_197
GRCh37	"Anchored Multiplex PCR (AMP(TM)) chemistry is purpose-built to accurately identify both simple and complex genetic mutations by leveraging the power of bidirectional primers and molecular barcodes, or MBCs, from low nucleic acid input in tissue or blood. AMP chemistry is also flexible, so it can be used for applications in DNA, RNA, and ctDNA sequencing across most tumor type."	Archer Fusion	Transcriptomic	other	ILLUMINA	Illumina MiSeq		genomic_info	dg.4DFC/840c7e9c-8900-4d1d-96667ce99c1e_198	dg.4DFC/840c7e9c-8900-4d1d-96667ce99c1e_198
GRCh38	WXS Hybrid Selection paired-end	WXS	Genomic	Hybrid Selection	ILLUMINA	Illumina NovaSeq 6000		genomic_info	dg.4DFC/840c7e9c-8900-4d1d-96667ce99c1e_199	dg.4DFC/840c7e9c-8900-4d1d-96667ce99c1e_199
GRCh38	WXS Hybrid Selection paired-end	WXS	Genomic	Hybrid Selection	ILLUMINA	Illumina NovaSeq 6000		genomic_info	dg.4DFC/840c7e9c-8900-4d1d-96667ce99c1e_200	dg.4DFC/840c7e9c-8900-4d1d-96667ce99c1e_200