sample_id	sample_type	sample_anatomic_site	type	participant.study_participant_id	sample_tumor_status
CDS1001_Bone Marrow Biospecimen Type	Bone Marrow Biospecimen Type	Tumor	sample	phs000000_CDS1001	Tumor
CDS1002_Bone Marrow Biospecimen Type	Bone Marrow Biospecimen Type	Tumor	sample	phs000000_CDS1002	Normal
CDS1003_Bone Marrow Biospecimen Type	Bone Marrow Biospecimen Type	Tumor	sample	phs000000_CDS1003	Peritumoral
CDS1004_Blood Biospecimen Type	Blood Biospecimen Type	Tumor	sample	phs000000_CDS1004	Tumor
CDS1005_Blood Biospecimen Type	Blood Biospecimen Type	Tumor	sample	phs000000_CDS1005	Tumor
CDS1006_Blood Biospecimen Type	Blood Biospecimen Type	Tumor	sample	phs000000_CDS1006	Tumor
CDS1007_Blood Biospecimen Type	Blood Biospecimen Type	Tumor	sample	phs000000_CDS1007	Unknown
CDS1008_Blood Biospecimen Type	Blood Biospecimen Type	Tumor	sample	phs000000_CDS1008	Abnormal
CDS1009_Blood Biospecimen Type	Blood Biospecimen Type	Tumor	sample	phs000000_CDS1009	Abnormal
CDS1010_Blood Biospecimen Type	Blood Biospecimen Type	Tumor	sample	phs000000_CDS1010	Unknown
CDS1011_Blood Biospecimen Type	Blood Biospecimen Type	Tumor	sample	phs000000_CDS1011	Tumor
CDS1012_Blood Biospecimen Type	Blood Biospecimen Type	Tumor	sample	phs000000_CDS1012	Normal
CDS1013_Blood Biospecimen Type	Blood Biospecimen Type	Tumor	sample	phs000000_CDS1013	Abnormal
CDS1014_Blood Biospecimen Type	Blood Biospecimen Type	Tumor	sample	phs000000_CDS1014	Unknown
CDS1015_Blood Biospecimen Type	Blood Biospecimen Type	Tumor	sample	phs000000_CDS1015	Tumor
CDS1016_Blood Biospecimen Type	Blood Biospecimen Type	Tumor	sample	phs000000_CDS1016	Normal
CDS1017_Blood Biospecimen Type	Blood Biospecimen Type	Tumor	sample	phs000000_CDS1017	Tumor
CDS1018_Blood Biospecimen Type	Blood Biospecimen Type	Tumor	sample	phs000000_CDS1018	Abnormal
CDS1019_Blood Biospecimen Type	Blood Biospecimen Type	Tumor	sample	phs000000_CDS1019	Abnormal
CDS1020_Blood Biospecimen Type	Blood Biospecimen Type	Tumor	sample	phs000000_CDS1020	Abnormal
CDS1021_Blood Biospecimen Type	Blood Biospecimen Type	Tumor	sample	phs000000_CDS1021	Unknown
CDS1022_Blood Biospecimen Type	Blood Biospecimen Type	Tumor	sample	phs000000_CDS1022	Tumor
CDS1023_Blood Biospecimen Type	Blood Biospecimen Type	Tumor	sample	phs000000_CDS1023	Abnormal
CDS1024_Blood Biospecimen Type	Blood Biospecimen Type	Tumor	sample	phs000000_CDS1024	Peritumoral
CDS1025_Bone Marrow Biospecimen Type	Bone Marrow Biospecimen Type	Tumor	sample	phs000000_CDS1025	Unknown
CDS1026_Blood Biospecimen Type	Blood Biospecimen Type	Tumor	sample	phs000000_CDS1026	Tumor
CDS1027_Bone Marrow Biospecimen Type	Bone Marrow Biospecimen Type	Tumor	sample	phs000000_CDS1027	Tumor
CDS1028_Bone Marrow Biospecimen Type	Bone Marrow Biospecimen Type	Tumor	sample	phs000000_CDS1028	Tumor
CDS1029_Blood Biospecimen Type	Blood Biospecimen Type	Tumor	sample	phs000000_CDS1029	Peritumoral
CDS1030_Blood Biospecimen Type	Blood Biospecimen Type	Tumor	sample	phs000000_CDS1030	Peritumoral
CDS1031_Bone Marrow Biospecimen Type	Bone Marrow Biospecimen Type	Tumor	sample	phs000000_CDS1031	Peritumoral
CDS1032_Bone Marrow Biospecimen Type	Bone Marrow Biospecimen Type	Tumor	sample	phs000000_CDS1032	Normal
CDS1033_Tissue Biospecimen Type	Tissue Biospecimen Type	Tumor	sample	phs000000_CDS1033	Peritumoral
CDS1034_Tissue Biospecimen Type	Tissue Biospecimen Type	Tumor	sample	phs000000_CDS1034	Unknown
CDS1035_Tissue Biospecimen Type	Tissue Biospecimen Type	Tumor	sample	phs000000_CDS1035	Normal
CDS1036_Tissue Biospecimen Type	Tissue Biospecimen Type	Tumor	sample	phs000000_CDS1036	Unknown
CDS1037_Tissue Biospecimen Type	Tissue Biospecimen Type	Tumor	sample	phs000000_CDS1037	Unknown
CDS1038_Tissue Biospecimen Type	Tissue Biospecimen Type	Tumor	sample	phs000000_CDS1038	Unknown
CDS1039_Tissue Biospecimen Type	Tissue Biospecimen Type	Tumor	sample	phs000000_CDS1039	Tumor
CDS1040_Tissue Biospecimen Type	Tissue Biospecimen Type	Tumor	sample	phs000000_CDS1040	Tumor
CDS1041_Tissue Biospecimen Type	Tissue Biospecimen Type	Tumor	sample	phs000000_CDS1041	Tumor
CDS1042_Tissue Biospecimen Type	Tissue Biospecimen Type	Tumor	sample	phs000000_CDS1042	Normal
CDS1043_Tissue Biospecimen Type	Tissue Biospecimen Type	Tumor	sample	phs000000_CDS1043	Peritumoral
CDS1044_Tissue Biospecimen Type	Tissue Biospecimen Type	Tumor	sample	phs000000_CDS1044	Tumor
CDS1045_Tissue Biospecimen Type	Tissue Biospecimen Type	Tumor	sample	phs000000_CDS1045	Tumor
CDS1046_Tissue Biospecimen Type	Tissue Biospecimen Type	Tumor	sample	phs000000_CDS1046	Tumor
CDS1047_Tissue Biospecimen Type	Tissue Biospecimen Type	Tumor	sample	phs000000_CDS1047	Unknown
CDS1048_Tissue Biospecimen Type	Tissue Biospecimen Type	Tumor	sample	phs000000_CDS1048	Abnormal
CDS1049_Tissue Biospecimen Type	Tissue Biospecimen Type	Tumor	sample	phs000000_CDS1049	Abnormal
CDS1050_Bone Marrow Biospecimen Type	Bone Marrow Biospecimen Type	Tumor	sample	phs000000_CDS1050	Unknown
CDS1051_Bone Marrow Biospecimen Type	Bone Marrow Biospecimen Type	Tumor	sample	phs000000_CDS1051	Tumor
CDS1052_Tissue Biospecimen Type	Tissue Biospecimen Type	Tumor	sample	phs000000_CDS1052	Normal
CDS1053_Tissue Biospecimen Type	Tissue Biospecimen Type	Tumor	sample	phs000000_CDS1053	Abnormal
CDS1054_Bone Marrow Biospecimen Type	Bone Marrow Biospecimen Type	Tumor	sample	phs000000_CDS1054	Unknown
CDS1055_Bone Marrow Biospecimen Type	Bone Marrow Biospecimen Type	Tumor	sample	phs000000_CDS1055	Tumor
CDS1056_Bone Marrow Biospecimen Type	Bone Marrow Biospecimen Type	Tumor	sample	phs000000_CDS1056	Normal
CDS1057_Blood Biospecimen Type	Blood Biospecimen Type	Tumor	sample	phs000000_CDS1057	Tumor
CDS1058_Blood Biospecimen Type	Blood Biospecimen Type	Tumor	sample	phs000000_CDS1058	Abnormal
CDS1059_Bone Marrow Biospecimen Type	Bone Marrow Biospecimen Type	Tumor	sample	phs000000_CDS1059	Abnormal
CDS1060_Bone Marrow Biospecimen Type	Bone Marrow Biospecimen Type	Tumor	sample	phs000000_CDS1060	Abnormal
CDS1061_Bone Marrow Biospecimen Type	Bone Marrow Biospecimen Type	Tumor	sample	phs000000_CDS1061	Unknown
CDS1062_Blood Biospecimen Type	Blood Biospecimen Type	Tumor	sample	phs000000_CDS1062	Tumor
CDS1063_Blood Biospecimen Type	Blood Biospecimen Type	Tumor	sample	phs000000_CDS1063	Abnormal
CDS1064_Blood Biospecimen Type	Blood Biospecimen Type	Tumor	sample	phs000000_CDS1064	Peritumoral
CDS1065_Blood Biospecimen Type	Blood Biospecimen Type	Tumor	sample	phs000000_CDS1065	Unknown
CDS1066_Blood Biospecimen Type	Blood Biospecimen Type	Tumor	sample	phs000000_CDS1066	Tumor
CDS1067_Blood Biospecimen Type	Blood Biospecimen Type	Tumor	sample	phs000000_CDS1067	Tumor
CDS1068_Blood Biospecimen Type	Blood Biospecimen Type	Tumor	sample	phs000000_CDS1068	Tumor
CDS1069_Blood Biospecimen Type	Blood Biospecimen Type	Tumor	sample	phs000000_CDS1069	Peritumoral
CDS1070_Blood Biospecimen Type	Blood Biospecimen Type	Tumor	sample	phs000000_CDS1070	Peritumoral
CDS1071_Blood Biospecimen Type	Blood Biospecimen Type	Tumor	sample	phs000000_CDS1071	Peritumoral
CDS1072_Blood Biospecimen Type	Blood Biospecimen Type	Tumor	sample	phs000000_CDS1072	Normal
CDS1073_Blood Biospecimen Type	Blood Biospecimen Type	Tumor	sample	phs000000_CDS1073	Peritumoral
CDS1074_Blood Biospecimen Type	Blood Biospecimen Type	Tumor	sample	phs000000_CDS1074	Unknown
CDS1075_Blood Biospecimen Type	Blood Biospecimen Type	Tumor	sample	phs000000_CDS1075	Normal
CDS1076_Blood Biospecimen Type	Blood Biospecimen Type	Tumor	sample	phs000000_CDS1076	Unknown
CDS1077_Blood Biospecimen Type	Blood Biospecimen Type	Tumor	sample	phs000000_CDS1077	Unknown
CDS1078_Blood Biospecimen Type	Blood Biospecimen Type	Tumor	sample	phs000000_CDS1078	Unknown
CDS1079_Blood Biospecimen Type	Blood Biospecimen Type	Tumor	sample	phs000000_CDS1079	Tumor
CDS1080_Blood Biospecimen Type	Blood Biospecimen Type	Tumor	sample	phs000000_CDS1080	Tumor
CDS1081_Blood Biospecimen Type	Blood Biospecimen Type	Tumor	sample	phs000000_CDS1081	Tumor
CDS1082_Blood Biospecimen Type	Blood Biospecimen Type	Tumor	sample	phs000000_CDS1082	Normal
CDS1083_Bone Marrow Biospecimen Type	Bone Marrow Biospecimen Type	Tumor	sample	phs000000_CDS1083	Peritumoral
CDS1084_Blood Biospecimen Type	Blood Biospecimen Type	Tumor	sample	phs000000_CDS1084	Tumor
CDS1085_Bone Marrow Biospecimen Type	Bone Marrow Biospecimen Type	Tumor	sample	phs000000_CDS1085	Tumor
CDS1086_Bone Marrow Biospecimen Type	Bone Marrow Biospecimen Type	Tumor	sample	phs000000_CDS1086	Tumor
CDS1087_Blood Biospecimen Type	Blood Biospecimen Type	Tumor	sample	phs000000_CDS1087	Unknown
CDS1088_Blood Biospecimen Type	Blood Biospecimen Type	Tumor	sample	phs000000_CDS1088	Abnormal
CDS1089_Bone Marrow Biospecimen Type	Bone Marrow Biospecimen Type	Tumor	sample	phs000000_CDS1089	Abnormal
CDS1090_Bone Marrow Biospecimen Type	Bone Marrow Biospecimen Type	Tumor	sample	phs000000_CDS1090	Unknown
CDS1091_Tissue Biospecimen Type	Tissue Biospecimen Type	Tumor	sample	phs000000_CDS1091	Tumor
CDS1092_Tissue Biospecimen Type	Tissue Biospecimen Type	Tumor	sample	phs000000_CDS1092	Normal
CDS1093_Tissue Biospecimen Type	Tissue Biospecimen Type	Tumor	sample	phs000000_CDS1093	Abnormal
CDS1094_Tissue Biospecimen Type	Tissue Biospecimen Type	Tumor	sample	phs000000_CDS1094	Unknown
CDS1095_Tissue Biospecimen Type	Tissue Biospecimen Type	Tumor	sample	phs000000_CDS1095	Tumor
CDS1096_Tissue Biospecimen Type	Tissue Biospecimen Type	Tumor	sample	phs000000_CDS1096	Normal
CDS1097_Tissue Biospecimen Type	Tissue Biospecimen Type	Tumor	sample	phs000000_CDS1097	Tumor
CDS1098_Tissue Biospecimen Type	Tissue Biospecimen Type	Tumor	sample	phs000000_CDS1098	Abnormal
CDS1099_Tissue Biospecimen Type	Tissue Biospecimen Type	Tumor	sample	phs000000_CDS1099	Abnormal
CDS1100_Tissue Biospecimen Type	Tissue Biospecimen Type	Tumor	sample	phs000000_CDS1100	Abnormal
CDS1101_Tissue Biospecimen Type	Tissue Biospecimen Type	Tumor	sample	phs000000_CDS1101	Unknown
CDS1102_Tissue Biospecimen Type	Tissue Biospecimen Type	Tumor	sample	phs000000_CDS1102	Tumor
CDS1103_Tissue Biospecimen Type	Tissue Biospecimen Type	Tumor	sample	phs000000_CDS1103	Abnormal
CDS1104_Tissue Biospecimen Type	Tissue Biospecimen Type	Tumor	sample	phs000000_CDS1104	Peritumoral
CDS1105_Tissue Biospecimen Type	Tissue Biospecimen Type	Tumor	sample	phs000000_CDS1105	Unknown
CDS1106_Tissue Biospecimen Type	Tissue Biospecimen Type	Tumor	sample	phs000000_CDS1106	Tumor
CDS1107_Tissue Biospecimen Type	Tissue Biospecimen Type	Tumor	sample	phs000000_CDS1107	Tumor
CDS1108_Bone Marrow Biospecimen Type	Bone Marrow Biospecimen Type	Tumor	sample	phs000000_CDS1108	Tumor
CDS1109_Bone Marrow Biospecimen Type	Bone Marrow Biospecimen Type	Tumor	sample	phs000000_CDS1109	Peritumoral
CDS1110_Tissue Biospecimen Type	Tissue Biospecimen Type	Tumor	sample	phs000000_CDS1110	Peritumoral
CDS1111_Tissue Biospecimen Type	Tissue Biospecimen Type	Tumor	sample	phs000000_CDS1111	Peritumoral
CDS1112_Bone Marrow Biospecimen Type	Bone Marrow Biospecimen Type	Tumor	sample	phs000000_CDS1112	Normal
CDS1113_Bone Marrow Biospecimen Type	Bone Marrow Biospecimen Type	Tumor	sample	phs000000_CDS1113	Peritumoral
CDS1114_Bone Marrow Biospecimen Type	Bone Marrow Biospecimen Type	Tumor	sample	phs000000_CDS1114	Unknown
CDS1115_Blood Biospecimen Type	Blood Biospecimen Type	Tumor	sample	phs000000_CDS1115	Normal
CDS1116_Blood Biospecimen Type	Blood Biospecimen Type	Tumor	sample	phs000000_CDS1116	Unknown
CDS1117_Bone Marrow Biospecimen Type	Bone Marrow Biospecimen Type	Tumor	sample	phs000000_CDS1117	Unknown
CDS1118_Bone Marrow Biospecimen Type	Bone Marrow Biospecimen Type	Tumor	sample	phs000000_CDS1118	Unknown
CDS1119_Bone Marrow Biospecimen Type	Bone Marrow Biospecimen Type	Tumor	sample	phs000000_CDS1119	Tumor
CDS1120_Blood Biospecimen Type	Blood Biospecimen Type	Tumor	sample	phs000000_CDS1120	Tumor
CDS1121_Blood Biospecimen Type	Blood Biospecimen Type	Tumor	sample	phs000000_CDS1121	Tumor
CDS1122_Blood Biospecimen Type	Blood Biospecimen Type	Tumor	sample	phs000000_CDS1122	Normal
CDS1123_Blood Biospecimen Type	Blood Biospecimen Type	Tumor	sample	phs000000_CDS1123	Peritumoral
CDS1124_Blood Biospecimen Type	Blood Biospecimen Type	Tumor	sample	phs000000_CDS1124	Tumor
CDS1125_Blood Biospecimen Type	Blood Biospecimen Type	Tumor	sample	phs000000_CDS1125	Tumor
CDS1126_Blood Biospecimen Type	Blood Biospecimen Type	Tumor	sample	phs000000_CDS1126	Tumor
CDS1127_Blood Biospecimen Type	Blood Biospecimen Type	Tumor	sample	phs000000_CDS1127	Unknown
CDS1128_Blood Biospecimen Type	Blood Biospecimen Type	Tumor	sample	phs000000_CDS1128	Abnormal
CDS1129_Blood Biospecimen Type	Blood Biospecimen Type	Tumor	sample	phs000000_CDS1129	Abnormal
CDS1130_Blood Biospecimen Type	Blood Biospecimen Type	Tumor	sample	phs000000_CDS1130	Unknown
CDS1131_Blood Biospecimen Type	Blood Biospecimen Type	Tumor	sample	phs000000_CDS1131	Tumor
CDS1132_Blood Biospecimen Type	Blood Biospecimen Type	Tumor	sample	phs000000_CDS1132	Normal
CDS1133_Blood Biospecimen Type	Blood Biospecimen Type	Tumor	sample	phs000000_CDS1133	Abnormal
CDS1134_Blood Biospecimen Type	Blood Biospecimen Type	Tumor	sample	phs000000_CDS1134	Unknown
CDS1135_Blood Biospecimen Type	Blood Biospecimen Type	Tumor	sample	phs000000_CDS1135	Tumor
CDS1136_Blood Biospecimen Type	Blood Biospecimen Type	Tumor	sample	phs000000_CDS1136	Normal
CDS1137_Blood Biospecimen Type	Blood Biospecimen Type	Tumor	sample	phs000000_CDS1137	Tumor
CDS1138_Blood Biospecimen Type	Blood Biospecimen Type	Tumor	sample	phs000000_CDS1138	Abnormal
CDS1139_Blood Biospecimen Type	Blood Biospecimen Type	Tumor	sample	phs000000_CDS1139	Abnormal
CDS1140_Blood Biospecimen Type	Blood Biospecimen Type	Tumor	sample	phs000000_CDS1140	Abnormal
CDS1141_Bone Marrow Biospecimen Type	Bone Marrow Biospecimen Type	Tumor	sample	phs000000_CDS1141	Unknown
CDS1142_Blood Biospecimen Type	Blood Biospecimen Type	Tumor	sample	phs000000_CDS1142	Tumor
CDS1143_Bone Marrow Biospecimen Type	Bone Marrow Biospecimen Type	Tumor	sample	phs000000_CDS1143	Abnormal
CDS1144_Bone Marrow Biospecimen Type	Bone Marrow Biospecimen Type	Tumor	sample	phs000000_CDS1144	Peritumoral
CDS1145_Blood Biospecimen Type	Blood Biospecimen Type	Tumor	sample	phs000000_CDS1145	Unknown
CDS1146_Blood Biospecimen Type	Blood Biospecimen Type	Tumor	sample	phs000000_CDS1146	Tumor
CDS1147_Bone Marrow Biospecimen Type	Bone Marrow Biospecimen Type	Tumor	sample	phs000000_CDS1147	Tumor
CDS1148_Bone Marrow Biospecimen Type	Bone Marrow Biospecimen Type	Tumor	sample	phs000000_CDS1148	Tumor
CDS1149_Tissue Biospecimen Type	Tissue Biospecimen Type	Tumor	sample	phs000000_CDS1149	Peritumoral
CDS1150_Tissue Biospecimen Type	Tissue Biospecimen Type	Tumor	sample	phs000000_CDS1150	Peritumoral
CDS1151_Tissue Biospecimen Type	Tissue Biospecimen Type	Tumor	sample	phs000000_CDS1151	Peritumoral
CDS1152_Tissue Biospecimen Type	Tissue Biospecimen Type	Tumor	sample	phs000000_CDS1152	Normal
CDS1153_Tissue Biospecimen Type	Tissue Biospecimen Type	Tumor	sample	phs000000_CDS1153	Peritumoral
CDS1154_Tissue Biospecimen Type	Tissue Biospecimen Type	Tumor	sample	phs000000_CDS1154	Unknown
CDS1155_Tissue Biospecimen Type	Tissue Biospecimen Type	Tumor	sample	phs000000_CDS1155	Normal
CDS1156_Tissue Biospecimen Type	Tissue Biospecimen Type	Tumor	sample	phs000000_CDS1156	Unknown
CDS1157_Tissue Biospecimen Type	Tissue Biospecimen Type	Tumor	sample	phs000000_CDS1157	Unknown
CDS1158_Tissue Biospecimen Type	Tissue Biospecimen Type	Tumor	sample	phs000000_CDS1158	Unknown
CDS1159_Tissue Biospecimen Type	Tissue Biospecimen Type	Tumor	sample	phs000000_CDS1159	Tumor
CDS1160_Tissue Biospecimen Type	Tissue Biospecimen Type	Tumor	sample	phs000000_CDS1160	Tumor
CDS1161_Tissue Biospecimen Type	Tissue Biospecimen Type	Tumor	sample	phs000000_CDS1161	Tumor
CDS1162_Tissue Biospecimen Type	Tissue Biospecimen Type	Tumor	sample	phs000000_CDS1162	Normal
CDS1163_Tissue Biospecimen Type	Tissue Biospecimen Type	Tumor	sample	phs000000_CDS1163	Peritumoral
CDS1164_Tissue Biospecimen Type	Tissue Biospecimen Type	Tumor	sample	phs000000_CDS1164	Tumor
CDS1165_Tissue Biospecimen Type	Tissue Biospecimen Type	Tumor	sample	phs000000_CDS1165	Tumor
CDS1166_Bone Marrow Biospecimen Type	Bone Marrow Biospecimen Type	Tumor	sample	phs000000_CDS1166	Tumor
CDS1167_Bone Marrow Biospecimen Type	Bone Marrow Biospecimen Type	Tumor	sample	phs000000_CDS1167	Unknown
CDS1168_Tissue Biospecimen Type	Tissue Biospecimen Type	Tumor	sample	phs000000_CDS1168	Abnormal
CDS1169_Tissue Biospecimen Type	Tissue Biospecimen Type	Tumor	sample	phs000000_CDS1169	Abnormal
CDS1170_Bone Marrow Biospecimen Type	Bone Marrow Biospecimen Type	Tumor	sample	phs000000_CDS1170	Unknown
CDS1171_Bone Marrow Biospecimen Type	Bone Marrow Biospecimen Type	Tumor	sample	phs000000_CDS1171	Tumor
CDS1172_Bone Marrow Biospecimen Type	Bone Marrow Biospecimen Type	Tumor	sample	phs000000_CDS1172	Normal
CDS1173_Blood Biospecimen Type	Blood Biospecimen Type	Tumor	sample	phs000000_CDS1173	Abnormal
CDS1174_Blood Biospecimen Type	Blood Biospecimen Type	Tumor	sample	phs000000_CDS1174	Unknown
CDS1175_Bone Marrow Biospecimen Type	Bone Marrow Biospecimen Type	Tumor	sample	phs000000_CDS1175	Tumor
CDS1176_Bone Marrow Biospecimen Type	Bone Marrow Biospecimen Type	Tumor	sample	phs000000_CDS1176	Normal
CDS1177_Bone Marrow Biospecimen Type	Bone Marrow Biospecimen Type	Tumor	sample	phs000000_CDS1177	Tumor
CDS1178_Blood Biospecimen Type	Blood Biospecimen Type	Tumor	sample	phs000000_CDS1178	Abnormal
CDS1179_Blood Biospecimen Type	Blood Biospecimen Type	Tumor	sample	phs000000_CDS1179	Abnormal
CDS1180_Blood Biospecimen Type	Blood Biospecimen Type	Tumor	sample	phs000000_CDS1180	Abnormal
CDS1181_Blood Biospecimen Type	Blood Biospecimen Type	Tumor	sample	phs000000_CDS1181	Unknown
CDS1182_Blood Biospecimen Type	Blood Biospecimen Type	Tumor	sample	phs000000_CDS1182	Tumor
CDS1183_Blood Biospecimen Type	Blood Biospecimen Type	Tumor	sample	phs000000_CDS1183	Abnormal
CDS1184_Blood Biospecimen Type	Blood Biospecimen Type	Tumor	sample	phs000000_CDS1184	Peritumoral
CDS1185_Blood Biospecimen Type	Blood Biospecimen Type	Tumor	sample	phs000000_CDS1185	Unknown
CDS1186_Blood Biospecimen Type	Blood Biospecimen Type	Tumor	sample	phs000000_CDS1186	Tumor
CDS1187_Blood Biospecimen Type	Blood Biospecimen Type	Tumor	sample	phs000000_CDS1187	Tumor
CDS1188_Blood Biospecimen Type	Blood Biospecimen Type	Tumor	sample	phs000000_CDS1188	Tumor
CDS1189_Blood Biospecimen Type	Blood Biospecimen Type	Tumor	sample	phs000000_CDS1189	Peritumoral
CDS1190_Blood Biospecimen Type	Blood Biospecimen Type	Tumor	sample	phs000000_CDS1190	Peritumoral
CDS1191_Blood Biospecimen Type	Blood Biospecimen Type	Tumor	sample	phs000000_CDS1191	Peritumoral
CDS1192_Blood Biospecimen Type	Blood Biospecimen Type	Tumor	sample	phs000000_CDS1192	Normal
CDS1193_Blood Biospecimen Type	Blood Biospecimen Type	Tumor	sample	phs000000_CDS1193	Peritumoral
CDS1194_Blood Biospecimen Type	Blood Biospecimen Type	Tumor	sample	phs000000_CDS1194	Unknown
CDS1195_Blood Biospecimen Type	Blood Biospecimen Type	Tumor	sample	phs000000_CDS1195	Normal
CDS1196_Blood Biospecimen Type	Blood Biospecimen Type	Tumor	sample	phs000000_CDS1196	Unknown
CDS1197_Blood Biospecimen Type	Blood Biospecimen Type	Tumor	sample	phs000000_CDS1197	Unknown
CDS1198_Blood Biospecimen Type	Blood Biospecimen Type	Tumor	sample	phs000000_CDS1198	Unknown
CDS1199_Bone Marrow Biospecimen Type	Bone Marrow Biospecimen Type	Tumor	sample	phs000000_CDS1199	Tumor
CDS1200_Blood Biospecimen Type	Blood Biospecimen Type	Tumor	sample	phs000000_CDS1200	Tumor