file_id	file_name	file_type	file_size	experimental_strategy_and_data_subtypes	type	sample.sample_id	study.phs_accession	md5sum	submission_version
dg.4DFC/840c7e9c-8900-4d1d-96667ce99c1e_1	5333a7b6-6222-4321-bd76-9bffdf13f396.htseq_counts.txt.gz	TXT	241741	RNA-Seq	file	CDS1001_Bone Marrow Biospecimen Type	phs000000	547fe378ec320f0d7974ggb7fab9794a_1	phs000000.v2.p1
dg.4DFC/840c7e9c-8900-4d1d-96667ce99c1e_2	75196f5b-e656-4fd0-b3cf-1c55089674e2.rna_seq.augmented_star_gene_counts.tsv	TSV	4198111	RNA-Seq	file	CDS1002_Bone Marrow Biospecimen Type	phs000000	547fe378ec320f0d7974ggb7fab9794a_2	phs000000.v2.p1
dg.4DFC/840c7e9c-8900-4d1d-96667ce99c1e_3	30cff944-ebc0-425e-8cd2-e509ff218471.htseq_counts.txt.gz	TXT	245480	RNA-Seq	file	CDS1003_Bone Marrow Biospecimen Type	phs000000	547fe378ec320f0d7974ggb7fab9794a_3	phs000000.v2.p1
dg.4DFC/840c7e9c-8900-4d1d-96667ce99c1e_4	bdc1948f-7ff2-456e-a97c-07df79de28c9.wxs.aliquot_ensemble_masked.maf.gz	MAF	25233	RNA-Seq	file	CDS1004_Blood Biospecimen Type	phs000000	547fe378ec320f0d7974ggb7fab9794a_4	phs000000.v2.p1
dg.4DFC/840c7e9c-8900-4d1d-96667ce99c1e_5	52a8be91-6716-4934-afae-f69bcb0206f2.mirnaseq.isoforms.quantification.txt	TXT	448711	RNA-Seq	file	CDS1005_Blood Biospecimen Type	phs000000	547fe378ec320f0d7974ggb7fab9794a_5	phs000000.v2.p1
dg.4DFC/840c7e9c-8900-4d1d-96667ce99c1e_6	4afa495d-f893-48f0-89db-356d1b4df41c.wxs.aliquot_ensemble_masked.maf.gz	MAF	24021	RNA-Seq	file	CDS1006_Blood Biospecimen Type	phs000000	547fe378ec320f0d7974ggb7fab9794a_6	phs000000.v2.p1
dg.4DFC/840c7e9c-8900-4d1d-96667ce99c1e_7	ebccbb/72251745-4686-4ce0-b70e-5a0444b36b59.FPKM.txt.gz	TXT	307338	RNA-Seq	file	CDS1007_Blood Biospecimen Type	phs000000	547fe378ec320f0d7974ggb7fab9794a_7	phs000000.v2.p1
dg.4DFC/840c7e9c-8900-4d1d-96667ce99c1e_8	ca450910-b59e-4559-8805-3a0ce41fa4ec.rna_seq.star_gene_counts.tsv.gz	TSV	376547	RNA-Seq	file	CDS1008_Blood Biospecimen Type	phs000000	547fe378ec320f0d7974ggb7fab9794a_8	phs000000.v2.p1
dg.4DFC/840c7e9c-8900-4d1d-96667ce99c1e_9	8ef0c974-0cab-43df-89dd-d13c24becfff.FPKM.txt.gz	TXT	302307	RNA-Seq	file	CDS1009_Blood Biospecimen Type	phs000000	547fe378ec320f0d7974ggb7fab9794a_9	phs000000.v2.p1
dg.4DFC/840c7e9c-8900-4d1d-96667ce99c1e_10	f032c3f2-d1f1-4a03-9340-5adaa173cd9c.rna_seq.star_gene_counts.tsv.gz	TSV	382484	RNA-Seq	file	CDS1010_Blood Biospecimen Type	phs000000	547fe378ec320f0d7974ggb7fab9794a_10	phs000000.v2.p1
dg.4DFC/840c7e9c-8900-4d1d-96667ce99c1e_11	a7cfe188-2467-4bf0-bb90-0224e2823ab8.FPKM-UQ.txt.gz	TXT	384284	RNA-Seq	file	CDS1011_Blood Biospecimen Type	phs000000	547fe378ec320f0d7974ggb7fab9794a_11	phs000000.v2.p1
dg.4DFC/840c7e9c-8900-4d1d-96667ce99c1e_12	902f7021-71ab-43a1-80e5-cc00e928271c.wxs.aliquot_ensemble_masked.maf.gz	MAF	30169	RNA-Seq	file	CDS1012_Blood Biospecimen Type	phs000000	547fe378ec320f0d7974ggb7fab9794a_12	phs000000.v2.p1
dg.4DFC/840c7e9c-8900-4d1d-96667ce99c1e_13	75d2740d-c078-49a1-b4f5-4074c013773d.wxs.aliquot_ensemble_masked.maf.gz	MAF	59459	RNA-Seq	file	CDS1013_Blood Biospecimen Type	phs000000	547fe378ec320f0d7974ggb7fab9794a_13	phs000000.v2.p1
dg.4DFC/840c7e9c-8900-4d1d-96667ce99c1e_14	53710926-3262-490e-86d4-6fe8253d8f7b.wxs.aliquot_ensemble_masked.maf.gz	MAF	40958	RNA-Seq	file	CDS1014_Blood Biospecimen Type	phs000000	547fe378ec320f0d7974ggb7fab9794a_14	phs000000.v2.p1
dg.4DFC/840c7e9c-8900-4d1d-96667ce99c1e_15	ec65d05f-49b5-4ee2-add1-f7c9dd0f172f.rna_seq.augmented_star_gene_counts.tsv	TSV	4196374	RNA-Seq	file	CDS1015_Blood Biospecimen Type	phs000000	547fe378ec320f0d7974ggb7fab9794a_15	phs000000.v2.p1
dg.4DFC/840c7e9c-8900-4d1d-96667ce99c1e_16	beae4cc1-d0ec-4399-a676-472691d32317.htseq_counts.txt.gz	TXT	245700	RNA-Seq	file	CDS1016_Blood Biospecimen Type	phs000000	547fe378ec320f0d7974ggb7fab9794a_16	phs000000.v2.p1
dg.4DFC/840c7e9c-8900-4d1d-96667ce99c1e_17	33e69877-3d13-48e9-8268-489d20c30cfa.mirnaseq.isoforms.quantification.txt	TXT	251398	RNA-Seq	file	CDS1017_Blood Biospecimen Type	phs000000	547fe378ec320f0d7974ggb7fab9794a_17	phs000000.v2.p1
dg.4DFC/840c7e9c-8900-4d1d-96667ce99c1e_18	edc8eaef-a20c-430c-b735-18bd2a70b74d.mirnaseq.mirnas.quantification.txt	TXT	50568	RNA-Seq	file	CDS1018_Blood Biospecimen Type	phs000000	547fe378ec320f0d7974ggb7fab9794a_18	phs000000.v2.p1
dg.4DFC/840c7e9c-8900-4d1d-96667ce99c1e_19	073ddf40-a8b0-43ba-82ad-7978ea24f219.FPKM.txt.gz	TXT	313234	RNA-Seq	file	CDS1019_Blood Biospecimen Type	phs000000	547fe378ec320f0d7974ggb7fab9794a_19	phs000000.v2.p1
dg.4DFC/840c7e9c-8900-4d1d-96667ce99c1e_20	9f6d4e0d-66c1-4128-b6c8-066258ac930d.rna_seq.star_gene_counts.tsv.gz	TSV	369473	RNA-Seq	file	CDS1020_Blood Biospecimen Type	phs000000	547fe378ec320f0d7974ggb7fab9794a_20	phs000000.v2.p1
dg.4DFC/840c7e9c-8900-4d1d-96667ce99c1e_21	b17bfa4c-4e95-4205-a859-896db8d5a64e.htseq_counts.txt.gz	TXT	244153	RNA-Seq	file	CDS1021_Blood Biospecimen Type	phs000000	547fe378ec320f0d7974ggb7fab9794a_21	phs000000.v2.p1
dg.4DFC/840c7e9c-8900-4d1d-96667ce99c1e_22	9a8197be-12ff-406c-8fc9-fc491e99d5ce.wxs.aliquot_ensemble_masked.maf.gz	MAF	79104	RNA-Seq	file	CDS1022_Blood Biospecimen Type	phs000000	547fe378ec320f0d7974ggb7fab9794a_22	phs000000.v2.p1
dg.4DFC/840c7e9c-8900-4d1d-96667ce99c1e_23	534c6b55-cb2f-4056-ae5e-0e5549f2bc91.mirnaseq.isoforms.quantification.txt	TXT	362033	RNA-Seq	file	CDS1023_Blood Biospecimen Type	phs000000	547fe378ec320f0d7974ggb7fab9794a_23	phs000000.v2.p1
dg.4DFC/840c7e9c-8900-4d1d-96667ce99c1e_24	72903783-54cf-4dc3-86cd-83392539f61b.wxs.aliquot_ensemble_masked.maf.gz	MAF	32335	RNA-Seq	file	CDS1024_Blood Biospecimen Type	phs000000	547fe378ec320f0d7974ggb7fab9794a_24	phs000000.v2.p1
dg.4DFC/840c7e9c-8900-4d1d-96667ce99c1e_25	0e52e958-9450-4c3e-b169-5ed4a63f044d.htseq_counts.txt.gz	TXT	247508	RNA-Seq	file	CDS1025_Bone Marrow Biospecimen Type	phs000000	547fe378ec320f0d7974ggb7fab9794a_25	phs000000.v2.p1
dg.4DFC/840c7e9c-8900-4d1d-96667ce99c1e_26	42cbac03-64b7-48a2-b446-4c53edcbd2ea.wxs.aliquot_ensemble_masked.maf.gz	MAF	2438	RNA-Seq	file	CDS1026_Blood Biospecimen Type	phs000000	547fe378ec320f0d7974ggb7fab9794a_26	phs000000.v2.p1
dg.4DFC/840c7e9c-8900-4d1d-96667ce99c1e_27	23e65083-262a-4fe1-832f-5e998363c2d4.rna_seq.star_gene_counts.tsv.gz	TSV	388733	RNA-Seq	file	CDS1027_Bone Marrow Biospecimen Type	phs000000	547fe378ec320f0d7974ggb7fab9794a_27	phs000000.v2.p1
dg.4DFC/840c7e9c-8900-4d1d-96667ce99c1e_28	3a9ff106-8b5c-4df8-895f-69180d468d69.FPKM.txt.gz	TXT	306093	RNA-Seq	file	CDS1028_Bone Marrow Biospecimen Type	phs000000	547fe378ec320f0d7974ggb7fab9794a_28	phs000000.v2.p1
dg.4DFC/840c7e9c-8900-4d1d-96667ce99c1e_29	d68b06cb-661e-49fb-9333-fbc9173cbcf7.wxs.aliquot_ensemble_masked.maf.gz	MAF	31990	RNA-Seq	file	CDS1029_Blood Biospecimen Type	phs000000	547fe378ec320f0d7974ggb7fab9794a_29	phs000000.v2.p1
dg.4DFC/840c7e9c-8900-4d1d-96667ce99c1e_30	a6faed76-22f7-46f6-a094-d493da434a21.mirnaseq.isoforms.quantification.txt	TXT	377917	RNA-Seq	file	CDS1030_Blood Biospecimen Type	phs000000	547fe378ec320f0d7974ggb7fab9794a_30	phs000000.v2.p1
dg.4DFC/840c7e9c-8900-4d1d-96667ce99c1e_31	ab74001f-e870-4a5b-a2bf-5f032c5f762b.rna_seq.augmented_star_gene_counts.tsv	TSV	4198971	RNA-Seq	file	CDS1031_Bone Marrow Biospecimen Type	phs000000	547fe378ec320f0d7974ggb7fab9794a_31	phs000000.v2.p1
dg.4DFC/840c7e9c-8900-4d1d-96667ce99c1e_32	d2e8bf06-abd8-4703-a4a0-29cf6fe01d18.htseq_counts.txt.gz	TXT	244006	RNA-Seq	file	CDS1032_Bone Marrow Biospecimen Type	phs000000	547fe378ec320f0d7974ggb7fab9794a_32	phs000000.v2.p1
dg.4DFC/840c7e9c-8900-4d1d-96667ce99c1e_33	b08ebd6e-7db2-480f-943f-4f86dc36d875.FPKM.txt.gz	TXT	302552	RNA-Seq	file	CDS1033_Tissue Biospecimen Type	phs000000	547fe378ec320f0d7974ggb7fab9794a_33	phs000000.v2.p1
dg.4DFC/840c7e9c-8900-4d1d-96667ce99c1e_34	f2eddc71-fef9-4d72-a933-601236b749d0.mirnaseq.isoforms.quantification.txt	TXT	490811	RNA-Seq	file	CDS1034_Tissue Biospecimen Type	phs000000	547fe378ec320f0d7974ggb7fab9794a_34	phs000000.v2.p1
dg.4DFC/840c7e9c-8900-4d1d-96667ce99c1e_35	74268d98-830a-41d5-b93e-627e954ec343.wxs.aliquot_ensemble_masked.maf.gz	MAF	32037	RNA-Seq	file	CDS1035_Tissue Biospecimen Type	phs000000	547fe378ec320f0d7974ggb7fab9794a_35	phs000000.v2.p1
dg.4DFC/840c7e9c-8900-4d1d-96667ce99c1e_36	bb6a6d97-3160-4615-952d-7898d34d3566.mirnaseq.isoforms.quantification.txt	TXT	455562	RNA-Seq	file	CDS1036_Tissue Biospecimen Type	phs000000	547fe378ec320f0d7974ggb7fab9794a_36	phs000000.v2.p1
dg.4DFC/840c7e9c-8900-4d1d-96667ce99c1e_37	70e95667-c58b-4e71-8003-12ea72aa0dc6.mirnaseq.isoforms.quantification.txt	TXT	484218	RNA-Seq	file	CDS1037_Tissue Biospecimen Type	phs000000	547fe378ec320f0d7974ggb7fab9794a_37	phs000000.v2.p1
dg.4DFC/840c7e9c-8900-4d1d-96667ce99c1e_38	82a690cd-3d2e-4eb9-9990-687129b2a4de.FPKM.txt.gz	TXT	308751	RNA-Seq	file	CDS1038_Tissue Biospecimen Type	phs000000	547fe378ec320f0d7974ggb7fab9794a_38	phs000000.v2.p1
dg.4DFC/840c7e9c-8900-4d1d-96667ce99c1e_39	54d45046-b7a0-4c4f-a85f-35d645a862d1.mirnaseq.mirnas.quantification.txt	TXT	50462	RNA-Seq	file	CDS1039_Tissue Biospecimen Type	phs000000	547fe378ec320f0d7974ggb7fab9794a_39	phs000000.v2.p1
dg.4DFC/840c7e9c-8900-4d1d-96667ce99c1e_40	e8cd180e-46f4-4c88-957e-e607894c450f.rna_seq.star_gene_counts.tsv.gz	TSV	385054	RNA-Seq	file	CDS1040_Tissue Biospecimen Type	phs000000	547fe378ec320f0d7974ggb7fab9794a_40	phs000000.v2.p1
dg.4DFC/840c7e9c-8900-4d1d-96667ce99c1e_41	5028db2e-9d85-4333-86f8-9967cb39b27a.FPKM.txt.gz	TXT	302180	RNA-Seq	file	CDS1041_Tissue Biospecimen Type	phs000000	547fe378ec320f0d7974ggb7fab9794a_41	phs000000.v2.p1
dg.4DFC/840c7e9c-8900-4d1d-96667ce99c1e_42	0d27e432-da00-4ee3-8246-e4acc95c6369.mirnaseq.isoforms.quantification.txt	TXT	479735	RNA-Seq	file	CDS1042_Tissue Biospecimen Type	phs000000	547fe378ec320f0d7974ggb7fab9794a_42	phs000000.v2.p1
dg.4DFC/840c7e9c-8900-4d1d-96667ce99c1e_43	ebc9d464-3f9d-4733-b297-dd95c0fb1b87.mirnaseq.mirnas.quantification.txt	TXT	49648	RNA-Seq	file	CDS1043_Tissue Biospecimen Type	phs000000	547fe378ec320f0d7974ggb7fab9794a_43	phs000000.v2.p1
dg.4DFC/840c7e9c-8900-4d1d-96667ce99c1e_44	a25a683f-1b81-44ce-ae1f-e1d12f135f31.FPKM.txt.gz	TXT	303686	RNA-Seq	file	CDS1044_Tissue Biospecimen Type	phs000000	547fe378ec320f0d7974ggb7fab9794a_44	phs000000.v2.p1
dg.4DFC/840c7e9c-8900-4d1d-96667ce99c1e_45	33e69877-3d13-48e9-8268-489d20c30cfa.mirnaseq.mirnas.quantification.txt	TXT	49351	RNA-Seq	file	CDS1045_Tissue Biospecimen Type	phs000000	547fe378ec320f0d7974ggb7fab9794a_45	phs000000.v2.p1
dg.4DFC/840c7e9c-8900-4d1d-96667ce99c1e_46	18090e07-6fb9-4c65-b2e0-d81649eadc59.htseq_counts.txt.gz	TXT	243691	RNA-Seq	file	CDS1046_Tissue Biospecimen Type	phs000000	547fe378ec320f0d7974ggb7fab9794a_46	phs000000.v2.p1
dg.4DFC/840c7e9c-8900-4d1d-96667ce99c1e_47	41bc9a86-0af4-4a97-8c0a-0cdf58c268aa.wxs.aliquot_ensemble_masked.maf.gz	MAF	33272	RNA-Seq	file	CDS1047_Tissue Biospecimen Type	phs000000	547fe378ec320f0d7974ggb7fab9794a_47	phs000000.v2.p1
dg.4DFC/840c7e9c-8900-4d1d-96667ce99c1e_48	85971152-8d45-4a41-84e0-c34896d1e2ba.htseq_counts.txt.gz	TXT	244272	RNA-Seq	file	CDS1048_Tissue Biospecimen Type	phs000000	547fe378ec320f0d7974ggb7fab9794a_48	phs000000.v2.p1
dg.4DFC/840c7e9c-8900-4d1d-96667ce99c1e_49	e65b66ab-e703-45ac-ae03-73a9fe6814a6.wxs.aliquot_ensemble_masked.maf.gz	MAF	30673	RNA-Seq	file	CDS1049_Tissue Biospecimen Type	phs000000	547fe378ec320f0d7974ggb7fab9794a_49	phs000000.v2.p1
dg.4DFC/840c7e9c-8900-4d1d-96667ce99c1e_50	f10543c2-80e8-4112-8184-fdbef04938c8.rna_seq.star_gene_counts.tsv.gz	TSV	392749	RNA-Seq	file	CDS1050_Bone Marrow Biospecimen Type	phs000000	547fe378ec320f0d7974ggb7fab9794a_50	phs000000.v2.p1
dg.4DFC/840c7e9c-8900-4d1d-96667ce99c1e_51	d3c4d74e-2c1e-4f48-a6ac-854cc242283e.htseq_counts.txt.gz	TXT	239714	RNA-Seq	file	CDS1051_Bone Marrow Biospecimen Type	phs000000	547fe378ec320f0d7974ggb7fab9794a_51	phs000000.v2.p1
dg.4DFC/840c7e9c-8900-4d1d-96667ce99c1e_52	efdecda9-1d43-4e67-9efa-120a1cb65f3d.htseq_counts.txt.gz	TXT	240712	RNA-Seq	file	CDS1052_Tissue Biospecimen Type	phs000000	547fe378ec320f0d7974ggb7fab9794a_52	phs000000.v2.p1
dg.4DFC/840c7e9c-8900-4d1d-96667ce99c1e_53	ac1c997e-fa0d-4600-a6d7-2fb694e0dfe0.wxs.aliquot_ensemble_masked.maf.gz	MAF	65047	RNA-Seq	file	CDS1053_Tissue Biospecimen Type	phs000000	547fe378ec320f0d7974ggb7fab9794a_53	phs000000.v2.p1
dg.4DFC/840c7e9c-8900-4d1d-96667ce99c1e_54	b1aeced1-1b77-41ac-92ee-189f94c1650f.rna_seq.augmented_star_gene_counts.tsv	TSV	4208577	RNA-Seq	file	CDS1054_Bone Marrow Biospecimen Type	phs000000	547fe378ec320f0d7974ggb7fab9794a_54	phs000000.v2.p1
dg.4DFC/840c7e9c-8900-4d1d-96667ce99c1e_55	e03b5d9c-0236-48dd-9fc2-93305ec61731.wxs.aliquot_ensemble_masked.maf.gz	MAF	36323	RNA-Seq	file	CDS1055_Bone Marrow Biospecimen Type	phs000000	547fe378ec320f0d7974ggb7fab9794a_55	phs000000.v2.p1
dg.4DFC/840c7e9c-8900-4d1d-96667ce99c1e_56	ebba7354-0196-441e-acf5-569667f0ebea.mirnaseq.isoforms.quantification.txt	TXT	654670	RNA-Seq	file	CDS1056_Bone Marrow Biospecimen Type	phs000000	547fe378ec320f0d7974ggb7fab9794a_56	phs000000.v2.p1
dg.4DFC/840c7e9c-8900-4d1d-96667ce99c1e_57	41a9be6f-c9f6-40f0-b1ad-e5099c995706.FPKM-UQ.txt.gz	TXT	392587	RNA-Seq	file	CDS1057_Blood Biospecimen Type	phs000000	547fe378ec320f0d7974ggb7fab9794a_57	phs000000.v2.p1
dg.4DFC/840c7e9c-8900-4d1d-96667ce99c1e_58	02d7abd7-e4b8-48f0-857c-5e1d0dd3a189.wxs.aliquot_ensemble_masked.maf.gz	MAF	50606	RNA-Seq	file	CDS1058_Blood Biospecimen Type	phs000000	547fe378ec320f0d7974ggb7fab9794a_58	phs000000.v2.p1
dg.4DFC/840c7e9c-8900-4d1d-96667ce99c1e_59	59a4e0e7-dc75-430c-9e10-0499ed13ac16.mirnaseq.isoforms.quantification.txt	TXT	517602	RNA-Seq	file	CDS1059_Bone Marrow Biospecimen Type	phs000000	547fe378ec320f0d7974ggb7fab9794a_59	phs000000.v2.p1
dg.4DFC/840c7e9c-8900-4d1d-96667ce99c1e_60	0d7c0711-957f-45e5-b07f-4e74f22365b5.wxs.aliquot_ensemble_masked.maf.gz	MAF	38194	RNA-Seq	file	CDS1060_Bone Marrow Biospecimen Type	phs000000	547fe378ec320f0d7974ggb7fab9794a_60	phs000000.v2.p1
dg.4DFC/840c7e9c-8900-4d1d-96667ce99c1e_61	43715abf-ef9e-4088-a431-64c7485c1fc8.FPKM.txt.gz	TXT	313347	RNA-Seq	file	CDS1061_Bone Marrow Biospecimen Type	phs000000	547fe378ec320f0d7974ggb7fab9794a_61	phs000000.v2.p1
dg.4DFC/840c7e9c-8900-4d1d-96667ce99c1e_62	852ce1dd-7336-407c-9b7a-8908dc489e20.htseq_counts.txt.gz	TXT	240895	RNA-Seq	file	CDS1062_Blood Biospecimen Type	phs000000	547fe378ec320f0d7974ggb7fab9794a_62	phs000000.v2.p1
dg.4DFC/840c7e9c-8900-4d1d-96667ce99c1e_63	166f23c2-4476-434d-9dc6-ceb3aa9c8bbe.mirnaseq.mirnas.quantification.txt	TXT	50666	RNA-Seq	file	CDS1063_Blood Biospecimen Type	phs000000	547fe378ec320f0d7974ggb7fab9794a_63	phs000000.v2.p1
dg.4DFC/840c7e9c-8900-4d1d-96667ce99c1e_64	610739cb-e8d0-4364-afa0-bfe603831f17.mirnaseq.mirnas.quantification.txt	TXT	50494	RNA-Seq	file	CDS1064_Blood Biospecimen Type	phs000000	547fe378ec320f0d7974ggb7fab9794a_64	phs000000.v2.p1
dg.4DFC/840c7e9c-8900-4d1d-96667ce99c1e_65	4c2c6970-1f9f-4a9f-9ad9-e2d08585ea0c.mirnaseq.mirnas.quantification.txt	TXT	49839	RNA-Seq	file	CDS1065_Blood Biospecimen Type	phs000000	547fe378ec320f0d7974ggb7fab9794a_65	phs000000.v2.p1
dg.4DFC/840c7e9c-8900-4d1d-96667ce99c1e_66	b4a89f1f-0f51-4830-8116-7cbde590615f.mirnaseq.mirnas.quantification.txt	TXT	49801	RNA-Seq	file	CDS1066_Blood Biospecimen Type	phs000000	547fe378ec320f0d7974ggb7fab9794a_66	phs000000.v2.p1
dg.4DFC/840c7e9c-8900-4d1d-96667ce99c1e_67	e587807a-69b0-4536-a7a9-5d33dc37a79f.mirnaseq.isoforms.quantification.txt	TXT	457563	RNA-Seq	file	CDS1067_Blood Biospecimen Type	phs000000	547fe378ec320f0d7974ggb7fab9794a_67	phs000000.v2.p1
dg.4DFC/840c7e9c-8900-4d1d-96667ce99c1e_68	3a941f87-e4f9-4e99-826c-2baaaf9abda6.wxs.aliquot_ensemble_masked.maf.gz	MAF	53175	RNA-Seq	file	CDS1068_Blood Biospecimen Type	phs000000	547fe378ec320f0d7974ggb7fab9794a_68	phs000000.v2.p1
dg.4DFC/840c7e9c-8900-4d1d-96667ce99c1e_69	b90e0de7-536f-4643-a973-fe436898735f.mirnaseq.mirnas.quantification.txt	TXT	49761	RNA-Seq	file	CDS1069_Blood Biospecimen Type	phs000000	547fe378ec320f0d7974ggb7fab9794a_69	phs000000.v2.p1
dg.4DFC/840c7e9c-8900-4d1d-96667ce99c1e_70	80417a25-47b9-4246-9f70-12da1f2bf221.mirnaseq.isoforms.quantification.txt	TXT	384413	RNA-Seq	file	CDS1070_Blood Biospecimen Type	phs000000	547fe378ec320f0d7974ggb7fab9794a_70	phs000000.v2.p1
dg.4DFC/840c7e9c-8900-4d1d-96667ce99c1e_71	af26b5e0-e0ce-4506-a707-09bc2aa33715.wxs.aliquot_ensemble_masked.maf.gz	MAF	24676	RNA-Seq	file	CDS1071_Blood Biospecimen Type	phs000000	547fe378ec320f0d7974ggb7fab9794a_71	phs000000.v2.p1
dg.4DFC/840c7e9c-8900-4d1d-96667ce99c1e_72	db8ea729-dca1-4412-a5f8-5d8ea8a58f9b.mirnaseq.mirnas.quantification.txt	TXT	49660	RNA-Seq	file	CDS1072_Blood Biospecimen Type	phs000000	547fe378ec320f0d7974ggb7fab9794a_72	phs000000.v2.p1
dg.4DFC/840c7e9c-8900-4d1d-96667ce99c1e_73	6466d34c-ba2a-4d1b-961f-bdaad7b9eb7a.mirnaseq.isoforms.quantification.txt	TXT	600144	RNA-Seq	file	CDS1073_Blood Biospecimen Type	phs000000	547fe378ec320f0d7974ggb7fab9794a_73	phs000000.v2.p1
dg.4DFC/840c7e9c-8900-4d1d-96667ce99c1e_74	9bb683db-3647-4e04-9761-7a782cb60c64.wxs.aliquot_ensemble_masked.maf.gz	MAF	28018	RNA-Seq	file	CDS1074_Blood Biospecimen Type	phs000000	547fe378ec320f0d7974ggb7fab9794a_74	phs000000.v2.p1
dg.4DFC/840c7e9c-8900-4d1d-96667ce99c1e_75	f39b5490-4d8c-4695-b31d-bc67cdcf7756.mirnaseq.mirnas.quantification.txt	TXT	50623	RNA-Seq	file	CDS1075_Blood Biospecimen Type	phs000000	547fe378ec320f0d7974ggb7fab9794a_75	phs000000.v2.p1
dg.4DFC/840c7e9c-8900-4d1d-96667ce99c1e_76	3eb4395f-a995-437e-b92c-10618774c1f7.wxs.aliquot_ensemble_masked.maf.gz	MAF	26369	RNA-Seq	file	CDS1076_Blood Biospecimen Type	phs000000	547fe378ec320f0d7974ggb7fab9794a_76	phs000000.v2.p1
dg.4DFC/840c7e9c-8900-4d1d-96667ce99c1e_77	7bccb218-8274-4ebf-aaf3-7e61018c8885.FPKM-UQ.txt.gz	TXT	389884	RNA-Seq	file	CDS1077_Blood Biospecimen Type	phs000000	547fe378ec320f0d7974ggb7fab9794a_77	phs000000.v2.p1
dg.4DFC/840c7e9c-8900-4d1d-96667ce99c1e_78	162759b1-3675-4e13-8f69-157155e8f640.mirnaseq.isoforms.quantification.txt	TXT	348407	RNA-Seq	file	CDS1078_Blood Biospecimen Type	phs000000	547fe378ec320f0d7974ggb7fab9794a_78	phs000000.v2.p1
dg.4DFC/840c7e9c-8900-4d1d-96667ce99c1e_79	efbee774-d2f2-4559-9569-78922a14a034.mirnaseq.isoforms.quantification.txt	TXT	439132	RNA-Seq	file	CDS1079_Blood Biospecimen Type	phs000000	547fe378ec320f0d7974ggb7fab9794a_79	phs000000.v2.p1
dg.4DFC/840c7e9c-8900-4d1d-96667ce99c1e_80	a4953388-fae9-452f-8698-ddf80435858a.mirnaseq.mirnas.quantification.txt	TXT	50606	RNA-Seq	file	CDS1080_Blood Biospecimen Type	phs000000	547fe378ec320f0d7974ggb7fab9794a_80	phs000000.v2.p1
dg.4DFC/840c7e9c-8900-4d1d-96667ce99c1e_81	fe7122fe-b9e0-47a0-978f-0dffadbec157.htseq_counts.txt.gz	TXT	242982	RNA-Seq	file	CDS1081_Blood Biospecimen Type	phs000000	547fe378ec320f0d7974ggb7fab9794a_81	phs000000.v2.p1
dg.4DFC/840c7e9c-8900-4d1d-96667ce99c1e_82	d83b1a1d-1a3e-46e6-9b29-de29e5fe0116.mirnaseq.mirnas.quantification.txt	TXT	49657	RNA-Seq	file	CDS1082_Blood Biospecimen Type	phs000000	547fe378ec320f0d7974ggb7fab9794a_82	phs000000.v2.p1
dg.4DFC/840c7e9c-8900-4d1d-96667ce99c1e_83	882a0634-afa0-4985-99c4-9825e1da4860.mirnaseq.isoforms.quantification.txt	TXT	457003	RNA-Seq	file	CDS1083_Bone Marrow Biospecimen Type	phs000000	547fe378ec320f0d7974ggb7fab9794a_83	phs000000.v2.p1
dg.4DFC/840c7e9c-8900-4d1d-96667ce99c1e_84	cec51db3-a29c-42a3-a5fa-d6c2bb717856.wxs.aliquot_ensemble_masked.maf.gz	MAF	115668	RNA-Seq	file	CDS1084_Blood Biospecimen Type	phs000000	547fe378ec320f0d7974ggb7fab9794a_84	phs000000.v2.p1
dg.4DFC/840c7e9c-8900-4d1d-96667ce99c1e_85	87e34aae-678c-4358-a1ae-9e17b5a9a375.FPKM.txt.gz	TXT	306039	RNA-Seq	file	CDS1085_Bone Marrow Biospecimen Type	phs000000	547fe378ec320f0d7974ggb7fab9794a_85	phs000000.v2.p1
dg.4DFC/840c7e9c-8900-4d1d-96667ce99c1e_86	efdecda9-1d43-4e67-9efa-120a1cb65f3d.FPKM-UQ.txt.gz	TXT	382945	RNA-Seq	file	CDS1086_Bone Marrow Biospecimen Type	phs000000	547fe378ec320f0d7974ggb7fab9794a_86	phs000000.v2.p1
dg.4DFC/840c7e9c-8900-4d1d-96667ce99c1e_87	a6f1f272-0c04-4d71-8b3e-d088d1cb6bdf.mirnaseq.isoforms.quantification.txt	TXT	419771	RNA-Seq	file	CDS1087_Blood Biospecimen Type	phs000000	547fe378ec320f0d7974ggb7fab9794a_87	phs000000.v2.p1
dg.4DFC/840c7e9c-8900-4d1d-96667ce99c1e_88	756efdf3-3d00-42dd-b854-0054444a7de5.FPKM-UQ.txt.gz	TXT	392933	RNA-Seq	file	CDS1088_Blood Biospecimen Type	phs000000	547fe378ec320f0d7974ggb7fab9794a_88	phs000000.v2.p1
dg.4DFC/840c7e9c-8900-4d1d-96667ce99c1e_89	d34172a0-c0b0-46d1-a1f3-a0c7be9f07ae.mirnaseq.mirnas.quantification.txt	TXT	50627	RNA-Seq	file	CDS1089_Bone Marrow Biospecimen Type	phs000000	547fe378ec320f0d7974ggb7fab9794a_89	phs000000.v2.p1
dg.4DFC/840c7e9c-8900-4d1d-96667ce99c1e_90	88b00776-2683-4c14-9ff3-065a60b8f179.FPKM.txt.gz	TXT	304894	RNA-Seq	file	CDS1090_Bone Marrow Biospecimen Type	phs000000	547fe378ec320f0d7974ggb7fab9794a_90	phs000000.v2.p1
dg.4DFC/840c7e9c-8900-4d1d-96667ce99c1e_91	0ab9becd-f2fb-47ce-a793-e2ad6994942e.mirnaseq.isoforms.quantification.txt	TXT	533437	RNA-Seq	file	CDS1091_Tissue Biospecimen Type	phs000000	547fe378ec320f0d7974ggb7fab9794a_91	phs000000.v2.p1
dg.4DFC/840c7e9c-8900-4d1d-96667ce99c1e_92	84c32a00-204b-4a13-890b-2fc526c21555.wxs.aliquot_ensemble_masked.maf.gz	MAF	47542	RNA-Seq	file	CDS1092_Tissue Biospecimen Type	phs000000	547fe378ec320f0d7974ggb7fab9794a_92	phs000000.v2.p1
dg.4DFC/840c7e9c-8900-4d1d-96667ce99c1e_93	b45ea3aa-b9f7-4c38-a75a-9fe4ee2461a9.FPKM.txt.gz	TXT	300744	RNA-Seq	file	CDS1093_Tissue Biospecimen Type	phs000000	547fe378ec320f0d7974ggb7fab9794a_93	phs000000.v2.p1
dg.4DFC/840c7e9c-8900-4d1d-96667ce99c1e_94	711c5354-2c1c-436a-af78-f8c132f6ba2f.htseq_counts.txt.gz	TXT	242485	RNA-Seq	file	CDS1094_Tissue Biospecimen Type	phs000000	547fe378ec320f0d7974ggb7fab9794a_94	phs000000.v2.p1
dg.4DFC/840c7e9c-8900-4d1d-96667ce99c1e_95	c224d644-0747-463a-a008-201b0e32471f.FPKM.txt.gz	TXT	306338	RNA-Seq	file	CDS1095_Tissue Biospecimen Type	phs000000	547fe378ec320f0d7974ggb7fab9794a_95	phs000000.v2.p1
dg.4DFC/840c7e9c-8900-4d1d-96667ce99c1e_96	ad3dbcd4-b766-47c0-8c57-007392299aa0.rna_seq.augmented_star_gene_counts.tsv	TSV	4203096	RNA-Seq	file	CDS1096_Tissue Biospecimen Type	phs000000	547fe378ec320f0d7974ggb7fab9794a_96	phs000000.v2.p1
dg.4DFC/840c7e9c-8900-4d1d-96667ce99c1e_97	9b8bb5f1-4640-4316-ae19-e2a3740185e4.mirnaseq.mirnas.quantification.txt	TXT	50528	RNA-Seq	file	CDS1097_Tissue Biospecimen Type	phs000000	547fe378ec320f0d7974ggb7fab9794a_97	phs000000.v2.p1
dg.4DFC/840c7e9c-8900-4d1d-96667ce99c1e_98	52292cad-9758-4d1a-8162-1f883ff327c0.htseq_counts.txt.gz	TXT	243927	RNA-Seq	file	CDS1098_Tissue Biospecimen Type	phs000000	547fe378ec320f0d7974ggb7fab9794a_98	phs000000.v2.p1
dg.4DFC/840c7e9c-8900-4d1d-96667ce99c1e_99	409062c7-d553-4f72-bfef-f3cb1b8742b4.rna_seq.star_gene_counts.tsv.gz	TSV	388279	RNA-Seq	file	CDS1099_Tissue Biospecimen Type	phs000000	547fe378ec320f0d7974ggb7fab9794a_99	phs000000.v2.p1
dg.4DFC/840c7e9c-8900-4d1d-96667ce99c1e_100	865bfdc6-42f1-4d9e-b131-a750e2eb8c72.wxs.aliquot_ensemble_masked.maf.gz	MAF	21717	RNA-Seq	file	CDS1100_Tissue Biospecimen Type	phs000000	547fe378ec320f0d7974ggb7fab9794a_100	phs000000.v2.p1
dg.4DFC/840c7e9c-8900-4d1d-96667ce99c1e_101	e17a7ff0-fe84-4754-8db2-261b4db37d61.htseq_counts.txt.gz	TXT	241252	RNA-Seq	file	CDS1101_Tissue Biospecimen Type	phs000000	547fe378ec320f0d7974ggb7fab9794a_101	phs000000.v2.p1
dg.4DFC/840c7e9c-8900-4d1d-96667ce99c1e_102	bb3ead97-1e4e-4f1f-981b-e056e2c88cd4.wxs.aliquot_ensemble_masked.maf.gz	MAF	52685	RNA-Seq	file	CDS1102_Tissue Biospecimen Type	phs000000	547fe378ec320f0d7974ggb7fab9794a_102	phs000000.v2.p1
dg.4DFC/840c7e9c-8900-4d1d-96667ce99c1e_103	5d4b3956-579f-44e1-acbf-abc7ec346957.mirnaseq.mirnas.quantification.txt	TXT	49720	RNA-Seq	file	CDS1103_Tissue Biospecimen Type	phs000000	547fe378ec320f0d7974ggb7fab9794a_103	phs000000.v2.p1
dg.4DFC/840c7e9c-8900-4d1d-96667ce99c1e_104	2b69231f-49ae-4326-8a90-f4b6fead8ab7.wxs.aliquot_ensemble_masked.maf.gz	MAF	53141	RNA-Seq	file	CDS1104_Tissue Biospecimen Type	phs000000	547fe378ec320f0d7974ggb7fab9794a_104	phs000000.v2.p1
dg.4DFC/840c7e9c-8900-4d1d-96667ce99c1e_105	31e45387-5c86-4d8e-9b54-da954ee4634f.FPKM-UQ.txt.gz	TXT	403318	RNA-Seq	file	CDS1105_Tissue Biospecimen Type	phs000000	547fe378ec320f0d7974ggb7fab9794a_105	phs000000.v2.p1
dg.4DFC/840c7e9c-8900-4d1d-96667ce99c1e_106	f0586e76-31db-472c-9ccb-4c63fdf5cd15.FPKM.txt.gz	TXT	303335	RNA-Seq	file	CDS1106_Tissue Biospecimen Type	phs000000	547fe378ec320f0d7974ggb7fab9794a_106	phs000000.v2.p1
dg.4DFC/840c7e9c-8900-4d1d-96667ce99c1e_107	13dfe555-ff45-4a02-85c9-52848a93ee65.wxs.aliquot_ensemble_masked.maf.gz	MAF	28398	RNA-Seq	file	CDS1107_Tissue Biospecimen Type	phs000000	547fe378ec320f0d7974ggb7fab9794a_107	phs000000.v2.p1
dg.4DFC/840c7e9c-8900-4d1d-96667ce99c1e_108	4dd8017f-cda4-426b-828e-72eaa27f5721.wxs.aliquot_ensemble_masked.maf.gz	MAF	58033	RNA-Seq	file	CDS1108_Bone Marrow Biospecimen Type	phs000000	547fe378ec320f0d7974ggb7fab9794a_108	phs000000.v2.p1
dg.4DFC/840c7e9c-8900-4d1d-96667ce99c1e_109	ab3ad142-7f9c-444a-9653-74b73bc97875.FPKM-UQ.txt.gz	TXT	396434	RNA-Seq	file	CDS1109_Bone Marrow Biospecimen Type	phs000000	547fe378ec320f0d7974ggb7fab9794a_109	phs000000.v2.p1
dg.4DFC/840c7e9c-8900-4d1d-96667ce99c1e_110	004646c2-19ce-4e0a-b891-1569aba9adf3.FPKM.txt.gz	TXT	296464	RNA-Seq	file	CDS1110_Tissue Biospecimen Type	phs000000	547fe378ec320f0d7974ggb7fab9794a_110	phs000000.v2.p1
dg.4DFC/840c7e9c-8900-4d1d-96667ce99c1e_111	465f23d5-076a-49e2-a307-2f4190fd29ba.rna_seq.star_gene_counts.tsv.gz	TSV	372328	RNA-Seq	file	CDS1111_Tissue Biospecimen Type	phs000000	547fe378ec320f0d7974ggb7fab9794a_111	phs000000.v2.p1
dg.4DFC/840c7e9c-8900-4d1d-96667ce99c1e_112	39074c52-b7df-400a-82e8-636d193ac5a6.mirnaseq.mirnas.quantification.txt	TXT	49505	RNA-Seq	file	CDS1112_Bone Marrow Biospecimen Type	phs000000	547fe378ec320f0d7974ggb7fab9794a_112	phs000000.v2.p1
dg.4DFC/840c7e9c-8900-4d1d-96667ce99c1e_113	0da10af5-6205-40d7-8537-003dde5fffe0.wxs.aliquot_ensemble_masked.maf.gz	MAF	11477	RNA-Seq	file	CDS1113_Bone Marrow Biospecimen Type	phs000000	547fe378ec320f0d7974ggb7fab9794a_113	phs000000.v2.p1
dg.4DFC/840c7e9c-8900-4d1d-96667ce99c1e_114	b9e5611f-5844-40eb-875f-441d043cd314.mirnaseq.mirnas.quantification.txt	TXT	50357	RNA-Seq	file	CDS1114_Bone Marrow Biospecimen Type	phs000000	547fe378ec320f0d7974ggb7fab9794a_114	phs000000.v2.p1
dg.4DFC/840c7e9c-8900-4d1d-96667ce99c1e_115	5cd39cfe-1a5e-40a6-b2a9-5b226eaceb88.htseq_counts.txt.gz	TXT	246341	RNA-Seq	file	CDS1115_Blood Biospecimen Type	phs000000	547fe378ec320f0d7974ggb7fab9794a_115	phs000000.v2.p1
dg.4DFC/840c7e9c-8900-4d1d-96667ce99c1e_116	f012c300-b42d-4533-808b-0701199f91f0.wxs.aliquot_ensemble_masked.maf.gz	MAF	27444	RNA-Seq	file	CDS1116_Blood Biospecimen Type	phs000000	547fe378ec320f0d7974ggb7fab9794a_116	phs000000.v2.p1
dg.4DFC/840c7e9c-8900-4d1d-96667ce99c1e_117	1c314a2a-c268-4c89-a6ee-c679aff9052e.htseq_counts.txt.gz	TXT	244328	RNA-Seq	file	CDS1117_Bone Marrow Biospecimen Type	phs000000	547fe378ec320f0d7974ggb7fab9794a_117	phs000000.v2.p1
dg.4DFC/840c7e9c-8900-4d1d-96667ce99c1e_118	4a6b0cab-f318-426f-b1a4-c08e2347e73a.mirnaseq.isoforms.quantification.txt	TXT	481815	RNA-Seq	file	CDS1118_Bone Marrow Biospecimen Type	phs000000	547fe378ec320f0d7974ggb7fab9794a_118	phs000000.v2.p1
dg.4DFC/840c7e9c-8900-4d1d-96667ce99c1e_119	3692f9df-5b70-4cfb-a504-ed2cb4164ac3.rna_seq.augmented_star_gene_counts.tsv	TSV	4199783	RNA-Seq	file	CDS1119_Bone Marrow Biospecimen Type	phs000000	547fe378ec320f0d7974ggb7fab9794a_119	phs000000.v2.p1
dg.4DFC/840c7e9c-8900-4d1d-96667ce99c1e_120	8f49d476-f6b8-42e3-9962-d96407368612.mirnaseq.mirnas.quantification.txt	TXT	49614	RNA-Seq	file	CDS1120_Blood Biospecimen Type	phs000000	547fe378ec320f0d7974ggb7fab9794a_120	phs000000.v2.p1
dg.4DFC/840c7e9c-8900-4d1d-96667ce99c1e_121	ae7676f2-1798-4332-bd04-b9d95e22fcef.rna_seq.augmented_star_gene_counts.tsv	TSV	4195917	RNA-Seq	file	CDS1121_Blood Biospecimen Type	phs000000	547fe378ec320f0d7974ggb7fab9794a_121	phs000000.v2.p1
dg.4DFC/840c7e9c-8900-4d1d-96667ce99c1e_122	1e8a08b8-5b9f-4d27-9c2f-dcbc5d003124.mirnaseq.isoforms.quantification.txt	TXT	465125	RNA-Seq	file	CDS1122_Blood Biospecimen Type	phs000000	547fe378ec320f0d7974ggb7fab9794a_122	phs000000.v2.p1
dg.4DFC/840c7e9c-8900-4d1d-96667ce99c1e_123	39074c52-b7df-400a-82e8-636d193ac5a6.mirnaseq.isoforms.quantification.txt	TXT	457663	RNA-Seq	file	CDS1123_Blood Biospecimen Type	phs000000	547fe378ec320f0d7974ggb7fab9794a_123	phs000000.v2.p1
dg.4DFC/840c7e9c-8900-4d1d-96667ce99c1e_124	4fb9d50b-a20b-4f5c-b102-9b42d008e70f.rna_seq.star_gene_counts.tsv.gz	TSV	385518	RNA-Seq	file	CDS1124_Blood Biospecimen Type	phs000000	547fe378ec320f0d7974ggb7fab9794a_124	phs000000.v2.p1
dg.4DFC/840c7e9c-8900-4d1d-96667ce99c1e_125	f258fc7d-a58b-4e40-827a-d1de0ccd426f.rna_seq.augmented_star_gene_counts.tsv	TSV	4201353	RNA-Seq	file	CDS1125_Blood Biospecimen Type	phs000000	547fe378ec320f0d7974ggb7fab9794a_125	phs000000.v2.p1
dg.4DFC/840c7e9c-8900-4d1d-96667ce99c1e_126	07faf9c9-e702-4f68-b8cb-bb57258d24d9.mirnaseq.mirnas.quantification.txt	TXT	49986	RNA-Seq	file	CDS1126_Blood Biospecimen Type	phs000000	547fe378ec320f0d7974ggb7fab9794a_126	phs000000.v2.p1
dg.4DFC/840c7e9c-8900-4d1d-96667ce99c1e_127	d06c03f5-92e0-457c-9d55-89116c0d154b.mirnaseq.isoforms.quantification.txt	TXT	574723	RNA-Seq	file	CDS1127_Blood Biospecimen Type	phs000000	547fe378ec320f0d7974ggb7fab9794a_127	phs000000.v2.p1
dg.4DFC/840c7e9c-8900-4d1d-96667ce99c1e_128	0495ff8c-8878-47b4-b10e-660d7252e5de.FPKM.txt.gz	TXT	302517	RNA-Seq	file	CDS1128_Blood Biospecimen Type	phs000000	547fe378ec320f0d7974ggb7fab9794a_128	phs000000.v2.p1
dg.4DFC/840c7e9c-8900-4d1d-96667ce99c1e_129	6c0cbebc-c1a7-48e3-8ba2-88cdf40475aa.mirnaseq.isoforms.quantification.txt	TXT	368627	RNA-Seq	file	CDS1129_Blood Biospecimen Type	phs000000	547fe378ec320f0d7974ggb7fab9794a_129	phs000000.v2.p1
dg.4DFC/840c7e9c-8900-4d1d-96667ce99c1e_130	4d923576-09f2-4ac2-b2de-ccdee6f5acaf.mirnaseq.mirnas.quantification.txt	TXT	49437	RNA-Seq	file	CDS1130_Blood Biospecimen Type	phs000000	547fe378ec320f0d7974ggb7fab9794a_130	phs000000.v2.p1
dg.4DFC/840c7e9c-8900-4d1d-96667ce99c1e_131	d5159274-e487-430f-8204-02653f41690c.htseq_counts.txt.gz	TXT	243513	RNA-Seq	file	CDS1131_Blood Biospecimen Type	phs000000	547fe378ec320f0d7974ggb7fab9794a_131	phs000000.v2.p1
dg.4DFC/840c7e9c-8900-4d1d-96667ce99c1e_132	374fe6df-3752-47d9-8060-f9e5d05750e5.FPKM.txt.gz	TXT	306458	RNA-Seq	file	CDS1132_Blood Biospecimen Type	phs000000	547fe378ec320f0d7974ggb7fab9794a_132	phs000000.v2.p1
dg.4DFC/840c7e9c-8900-4d1d-96667ce99c1e_133	5e159287-39ec-47e2-a1de-45d5b1e611ce.mirnaseq.isoforms.quantification.txt	TXT	410178	RNA-Seq	file	CDS1133_Blood Biospecimen Type	phs000000	547fe378ec320f0d7974ggb7fab9794a_133	phs000000.v2.p1
dg.4DFC/840c7e9c-8900-4d1d-96667ce99c1e_134	8cda3bd4-9be8-4cef-b1ea-daccc3a566f2.wxs.aliquot_ensemble_masked.maf.gz	MAF	41390	RNA-Seq	file	CDS1134_Blood Biospecimen Type	phs000000	547fe378ec320f0d7974ggb7fab9794a_134	phs000000.v2.p1
dg.4DFC/840c7e9c-8900-4d1d-96667ce99c1e_135	35f668d1-8efd-4d4d-99f7-6d48e11782cd.mirnaseq.isoforms.quantification.txt	TXT	430985	RNA-Seq	file	CDS1135_Blood Biospecimen Type	phs000000	547fe378ec320f0d7974ggb7fab9794a_135	phs000000.v2.p1
dg.4DFC/840c7e9c-8900-4d1d-96667ce99c1e_136	4e548eb7-adde-4cdf-9676-020ec2822241.mirnaseq.isoforms.quantification.txt	TXT	485630	RNA-Seq	file	CDS1136_Blood Biospecimen Type	phs000000	547fe378ec320f0d7974ggb7fab9794a_136	phs000000.v2.p1
dg.4DFC/840c7e9c-8900-4d1d-96667ce99c1e_137	156815c6-822f-4951-b1f6-71df641a5144.rna_seq.augmented_star_gene_counts.tsv	TSV	4201912	RNA-Seq	file	CDS1137_Blood Biospecimen Type	phs000000	547fe378ec320f0d7974ggb7fab9794a_137	phs000000.v2.p1
dg.4DFC/840c7e9c-8900-4d1d-96667ce99c1e_138	22818b68-ae74-4c63-8fe0-75a6f61b018b.wxs.aliquot_ensemble_masked.maf.gz	MAF	15274	RNA-Seq	file	CDS1138_Blood Biospecimen Type	phs000000	547fe378ec320f0d7974ggb7fab9794a_138	phs000000.v2.p1
dg.4DFC/840c7e9c-8900-4d1d-96667ce99c1e_139	c2c4e9f6-a727-4350-839b-13a56234121a.FPKM.txt.gz	TXT	305640	RNA-Seq	file	CDS1139_Blood Biospecimen Type	phs000000	547fe378ec320f0d7974ggb7fab9794a_139	phs000000.v2.p1
dg.4DFC/840c7e9c-8900-4d1d-96667ce99c1e_140	55da80a9-56e5-42af-8dc0-fc0c124d89a9.wxs.aliquot_ensemble_masked.maf.gz	MAF	22343	RNA-Seq	file	CDS1140_Blood Biospecimen Type	phs000000	547fe378ec320f0d7974ggb7fab9794a_140	phs000000.v2.p1
dg.4DFC/840c7e9c-8900-4d1d-96667ce99c1e_141	9b34748d-ad76-40fd-b476-3451c0f57d68.mirnaseq.isoforms.quantification.txt	TXT	524024	RNA-Seq	file	CDS1141_Bone Marrow Biospecimen Type	phs000000	547fe378ec320f0d7974ggb7fab9794a_141	phs000000.v2.p1
dg.4DFC/840c7e9c-8900-4d1d-96667ce99c1e_142	ba0570bd-508d-4b93-b147-365af6a86241.rna_seq.augmented_star_gene_counts.tsv	TSV	4212729	RNA-Seq	file	CDS1142_Blood Biospecimen Type	phs000000	547fe378ec320f0d7974ggb7fab9794a_142	phs000000.v2.p1
dg.4DFC/840c7e9c-8900-4d1d-96667ce99c1e_143	662e7355-e7b4-4d12-8429-f53b7b70bbe6.FPKM-UQ.txt.gz	TXT	401037	RNA-Seq	file	CDS1143_Bone Marrow Biospecimen Type	phs000000	547fe378ec320f0d7974ggb7fab9794a_143	phs000000.v2.p1
dg.4DFC/840c7e9c-8900-4d1d-96667ce99c1e_144	1675f39e-3aa3-4c87-86b7-6ccd7d479a93.mirnaseq.mirnas.quantification.txt	TXT	49617	RNA-Seq	file	CDS1144_Bone Marrow Biospecimen Type	phs000000	547fe378ec320f0d7974ggb7fab9794a_144	phs000000.v2.p1
dg.4DFC/840c7e9c-8900-4d1d-96667ce99c1e_145	c514350b-439b-45ef-92f9-638a60cd5b88.FPKM-UQ.txt.gz	TXT	397939	RNA-Seq	file	CDS1145_Blood Biospecimen Type	phs000000	547fe378ec320f0d7974ggb7fab9794a_145	phs000000.v2.p1
dg.4DFC/840c7e9c-8900-4d1d-96667ce99c1e_146	85e19610-1aa9-44f0-9ba7-9b7e818f7082.mirnaseq.isoforms.quantification.txt	TXT	482889	RNA-Seq	file	CDS1146_Blood Biospecimen Type	phs000000	547fe378ec320f0d7974ggb7fab9794a_146	phs000000.v2.p1
dg.4DFC/840c7e9c-8900-4d1d-96667ce99c1e_147	94e12bf5-ea63-4408-aec4-64b414711520.mirnaseq.isoforms.quantification.txt	TXT	364782	RNA-Seq	file	CDS1147_Bone Marrow Biospecimen Type	phs000000	547fe378ec320f0d7974ggb7fab9794a_147	phs000000.v2.p1
dg.4DFC/840c7e9c-8900-4d1d-96667ce99c1e_148	451b28b3-69e0-49f9-8400-c021c2350d60.rna_seq.augmented_star_gene_counts.tsv	TSV	4209160	RNA-Seq	file	CDS1148_Bone Marrow Biospecimen Type	phs000000	547fe378ec320f0d7974ggb7fab9794a_148	phs000000.v2.p1
dg.4DFC/840c7e9c-8900-4d1d-96667ce99c1e_149	af6e1806-bbae-43e4-83dd-cd922ac691a4.wxs.aliquot_ensemble_masked.maf.gz	MAF	14075	RNA-Seq	file	CDS1149_Tissue Biospecimen Type	phs000000	547fe378ec320f0d7974ggb7fab9794a_149	phs000000.v2.p1
dg.4DFC/840c7e9c-8900-4d1d-96667ce99c1e_150	df8f9cf5-9c20-4a1c-955a-f8730da0980e.mirnaseq.mirnas.quantification.txt	TXT	50551	RNA-Seq	file	CDS1150_Tissue Biospecimen Type	phs000000	547fe378ec320f0d7974ggb7fab9794a_150	phs000000.v2.p1
dg.4DFC/840c7e9c-8900-4d1d-96667ce99c1e_151	da794718-7de6-4a52-8aaf-6704ea36d2dc.mirnaseq.mirnas.quantification.txt	TXT	50642	RNA-Seq	file	CDS1151_Tissue Biospecimen Type	phs000000	547fe378ec320f0d7974ggb7fab9794a_151	phs000000.v2.p1
dg.4DFC/840c7e9c-8900-4d1d-96667ce99c1e_152	6de5b864-5a62-472c-8162-463521a05c8c.mirnaseq.isoforms.quantification.txt	TXT	508795	RNA-Seq	file	CDS1152_Tissue Biospecimen Type	phs000000	547fe378ec320f0d7974ggb7fab9794a_152	phs000000.v2.p1
dg.4DFC/840c7e9c-8900-4d1d-96667ce99c1e_153	210c6d33-69bf-48ec-b08e-b4e32ddcfb32.wxs.aliquot_ensemble_masked.maf.gz	MAF	32394	RNA-Seq	file	CDS1153_Tissue Biospecimen Type	phs000000	547fe378ec320f0d7974ggb7fab9794a_153	phs000000.v2.p1
dg.4DFC/840c7e9c-8900-4d1d-96667ce99c1e_154	e7059ee6-3180-4702-b94e-a4a48990fe50.FPKM.txt.gz	TXT	301794	RNA-Seq	file	CDS1154_Tissue Biospecimen Type	phs000000	547fe378ec320f0d7974ggb7fab9794a_154	phs000000.v2.p1
dg.4DFC/840c7e9c-8900-4d1d-96667ce99c1e_155	6e7c49a1-bd7d-4248-9187-3ce2022448bf.wxs.aliquot_ensemble_masked.maf.gz	MAF	34139	RNA-Seq	file	CDS1155_Tissue Biospecimen Type	phs000000	547fe378ec320f0d7974ggb7fab9794a_155	phs000000.v2.p1
dg.4DFC/840c7e9c-8900-4d1d-96667ce99c1e_156	50a1d7c3-4b60-443b-bdf7-363dfebe6a55.mirnaseq.isoforms.quantification.txt	TXT	614452	RNA-Seq	file	CDS1156_Tissue Biospecimen Type	phs000000	547fe378ec320f0d7974ggb7fab9794a_156	phs000000.v2.p1
dg.4DFC/840c7e9c-8900-4d1d-96667ce99c1e_157	d1e9483b-f4a1-42fc-a11b-8414910a3557.wxs.aliquot_ensemble_masked.maf.gz	MAF	28575	RNA-Seq	file	CDS1157_Tissue Biospecimen Type	phs000000	547fe378ec320f0d7974ggb7fab9794a_157	phs000000.v2.p1
dg.4DFC/840c7e9c-8900-4d1d-96667ce99c1e_158	9f4ac392-dfa6-40de-a86a-2a6623cb45b8.rna_seq.augmented_star_gene_counts.tsv	TSV	4191053	RNA-Seq	file	CDS1158_Tissue Biospecimen Type	phs000000	547fe378ec320f0d7974ggb7fab9794a_158	phs000000.v2.p1
dg.4DFC/840c7e9c-8900-4d1d-96667ce99c1e_159	c07e1c30-a770-4dfe-9a2a-609970b5e8fa.mirnaseq.mirnas.quantification.txt	TXT	49682	RNA-Seq	file	CDS1159_Tissue Biospecimen Type	phs000000	547fe378ec320f0d7974ggb7fab9794a_159	phs000000.v2.p1
dg.4DFC/840c7e9c-8900-4d1d-96667ce99c1e_160	643183e6-e960-4847-8390-d9cb11ae12bf.wxs.aliquot_ensemble_masked.maf.gz	MAF	35582	RNA-Seq	file	CDS1160_Tissue Biospecimen Type	phs000000	547fe378ec320f0d7974ggb7fab9794a_160	phs000000.v2.p1
dg.4DFC/840c7e9c-8900-4d1d-96667ce99c1e_161	f39b5490-4d8c-4695-b31d-bc67cdcf7756.mirnaseq.isoforms.quantification.txt	TXT	511677	RNA-Seq	file	CDS1161_Tissue Biospecimen Type	phs000000	547fe378ec320f0d7974ggb7fab9794a_161	phs000000.v2.p1
dg.4DFC/840c7e9c-8900-4d1d-96667ce99c1e_162	462a44c3-6dba-4996-9a94-e011ff496d6c.rna_seq.augmented_star_gene_counts.tsv	TSV	4203645	RNA-Seq	file	CDS1162_Tissue Biospecimen Type	phs000000	547fe378ec320f0d7974ggb7fab9794a_162	phs000000.v2.p1
dg.4DFC/840c7e9c-8900-4d1d-96667ce99c1e_163	b64631a3-f6f6-4fa3-93f3-260c9353cb6e.wxs.aliquot_ensemble_masked.maf.gz	MAF	2863	RNA-Seq	file	CDS1163_Tissue Biospecimen Type	phs000000	547fe378ec320f0d7974ggb7fab9794a_163	phs000000.v2.p1
dg.4DFC/840c7e9c-8900-4d1d-96667ce99c1e_164	dccf78a3-ea2e-4c1e-bd93-8a49a6d4df43.rna_seq.star_gene_counts.tsv.gz	TSV	382060	RNA-Seq	file	CDS1164_Tissue Biospecimen Type	phs000000	547fe378ec320f0d7974ggb7fab9794a_164	phs000000.v2.p1
dg.4DFC/840c7e9c-8900-4d1d-96667ce99c1e_165	54b32160-4695-439b-9028-939e8d4b8d48.mirnaseq.mirnas.quantification.txt	TXT	50443	RNA-Seq	file	CDS1165_Tissue Biospecimen Type	phs000000	547fe378ec320f0d7974ggb7fab9794a_165	phs000000.v2.p1
dg.4DFC/840c7e9c-8900-4d1d-96667ce99c1e_166	a4eb372e-09e2-4cb7-88ce-a7cd8ad7ec5e.FPKM-UQ.txt.gz	TXT	384566	RNA-Seq	file	CDS1166_Bone Marrow Biospecimen Type	phs000000	547fe378ec320f0d7974ggb7fab9794a_166	phs000000.v2.p1
dg.4DFC/840c7e9c-8900-4d1d-96667ce99c1e_167	402ffd0a-d641-404a-822a-b73ab51dfeef.wxs.aliquot_ensemble_masked.maf.gz	MAF	38844	RNA-Seq	file	CDS1167_Bone Marrow Biospecimen Type	phs000000	547fe378ec320f0d7974ggb7fab9794a_167	phs000000.v2.p1
dg.4DFC/840c7e9c-8900-4d1d-96667ce99c1e_168	20f4aad5-bc6b-4782-a6dd-7c9917279d1b.rna_seq.star_gene_counts.tsv.gz	TSV	390122	RNA-Seq	file	CDS1168_Tissue Biospecimen Type	phs000000	547fe378ec320f0d7974ggb7fab9794a_168	phs000000.v2.p1
dg.4DFC/840c7e9c-8900-4d1d-96667ce99c1e_169	9bfbcb02-c4b7-4252-abd7-d9c297a8472d.FPKM.txt.gz	TXT	304993	RNA-Seq	file	CDS1169_Tissue Biospecimen Type	phs000000	547fe378ec320f0d7974ggb7fab9794a_169	phs000000.v2.p1
dg.4DFC/840c7e9c-8900-4d1d-96667ce99c1e_170	711c5354-2c1c-436a-af78-f8c132f6ba2f.FPKM.txt.gz	TXT	303701	RNA-Seq	file	CDS1170_Bone Marrow Biospecimen Type	phs000000	547fe378ec320f0d7974ggb7fab9794a_170	phs000000.v2.p1
dg.4DFC/840c7e9c-8900-4d1d-96667ce99c1e_171	439aede3-80c4-4f3d-af22-3db16c3f3592.FPKM-UQ.txt.gz	TXT	384516	RNA-Seq	file	CDS1171_Bone Marrow Biospecimen Type	phs000000	547fe378ec320f0d7974ggb7fab9794a_171	phs000000.v2.p1
dg.4DFC/840c7e9c-8900-4d1d-96667ce99c1e_172	050cb3b7-dca5-4977-9af7-4357f6918fdc.FPKM-UQ.txt.gz	TXT	381197	RNA-Seq	file	CDS1172_Bone Marrow Biospecimen Type	phs000000	547fe378ec320f0d7974ggb7fab9794a_172	phs000000.v2.p1
dg.4DFC/840c7e9c-8900-4d1d-96667ce99c1e_173	1783266a-bcae-4f80-856c-dafc23b65006.rna_seq.augmented_star_gene_counts.tsv	TSV	4196982	RNA-Seq	file	CDS1173_Blood Biospecimen Type	phs000000	547fe378ec320f0d7974ggb7fab9794a_173	phs000000.v2.p1
dg.4DFC/840c7e9c-8900-4d1d-96667ce99c1e_174	64be008f-3361-4322-bb87-448c6458c02e.wxs.aliquot_ensemble_masked.maf.gz	MAF	33033	RNA-Seq	file	CDS1174_Blood Biospecimen Type	phs000000	547fe378ec320f0d7974ggb7fab9794a_174	phs000000.v2.p1
dg.4DFC/840c7e9c-8900-4d1d-96667ce99c1e_175	8e4a393d-c423-408c-b0bd-1298fed36334.wxs.aliquot_ensemble_masked.maf.gz	MAF	51645	RNA-Seq	file	CDS1175_Bone Marrow Biospecimen Type	phs000000	547fe378ec320f0d7974ggb7fab9794a_175	phs000000.v2.p1
dg.4DFC/840c7e9c-8900-4d1d-96667ce99c1e_176	544135ed-a179-409c-b0d5-adb4fe451125.wxs.aliquot_ensemble_masked.maf.gz	MAF	28948	RNA-Seq	file	CDS1176_Bone Marrow Biospecimen Type	phs000000	547fe378ec320f0d7974ggb7fab9794a_176	phs000000.v2.p1
dg.4DFC/840c7e9c-8900-4d1d-96667ce99c1e_177	1675df83-c23c-40a3-aea9-2c17900ae475.FPKM.txt.gz	TXT	298360	RNA-Seq	file	CDS1177_Bone Marrow Biospecimen Type	phs000000	547fe378ec320f0d7974ggb7fab9794a_177	phs000000.v2.p1
dg.4DFC/840c7e9c-8900-4d1d-96667ce99c1e_178	5d35bc86-c6ac-4615-801d-a06b9c92afe8.mirnaseq.mirnas.quantification.txt	TXT	49815	RNA-Seq	file	CDS1178_Blood Biospecimen Type	phs000000	547fe378ec320f0d7974ggb7fab9794a_178	phs000000.v2.p1
dg.4DFC/840c7e9c-8900-4d1d-96667ce99c1e_179	a1e323f9-8a01-4365-832f-9e73a94ce066.rna_seq.star_gene_counts.tsv.gz	TSV	374312	RNA-Seq	file	CDS1179_Blood Biospecimen Type	phs000000	547fe378ec320f0d7974ggb7fab9794a_179	phs000000.v2.p1
dg.4DFC/840c7e9c-8900-4d1d-96667ce99c1e_180	83068d43-665b-4c50-940c-e97f4913725f.mirnaseq.isoforms.quantification.txt	TXT	461477	RNA-Seq	file	CDS1180_Blood Biospecimen Type	phs000000	547fe378ec320f0d7974ggb7fab9794a_180	phs000000.v2.p1
dg.4DFC/840c7e9c-8900-4d1d-96667ce99c1e_181	98127974-32fa-42d2-8b4b-d78041b0ea02.rna_seq.star_gene_counts.tsv.gz	TSV	395462	RNA-Seq	file	CDS1181_Blood Biospecimen Type	phs000000	547fe378ec320f0d7974ggb7fab9794a_181	phs000000.v2.p1
dg.4DFC/840c7e9c-8900-4d1d-96667ce99c1e_182	8e214d9c-e301-4ce4-9d00-27e89855e152.mirnaseq.mirnas.quantification.txt	TXT	50595	RNA-Seq	file	CDS1182_Blood Biospecimen Type	phs000000	547fe378ec320f0d7974ggb7fab9794a_182	phs000000.v2.p1
dg.4DFC/840c7e9c-8900-4d1d-96667ce99c1e_183	2b0f7235-0a70-4073-9020-b3dd6b09baa8.wxs.aliquot_ensemble_masked.maf.gz	MAF	19177	RNA-Seq	file	CDS1183_Blood Biospecimen Type	phs000000	547fe378ec320f0d7974ggb7fab9794a_183	phs000000.v2.p1
dg.4DFC/840c7e9c-8900-4d1d-96667ce99c1e_184	53ce822d-bc91-45ff-93f8-f4e6903d6c1b.htseq_counts.txt.gz	TXT	241376	RNA-Seq	file	CDS1184_Blood Biospecimen Type	phs000000	547fe378ec320f0d7974ggb7fab9794a_184	phs000000.v2.p1
dg.4DFC/840c7e9c-8900-4d1d-96667ce99c1e_185	36085e66-cd7f-4ea7-8fdb-a7d606372ee6.mirnaseq.isoforms.quantification.txt	TXT	543134	RNA-Seq	file	CDS1185_Blood Biospecimen Type	phs000000	547fe378ec320f0d7974ggb7fab9794a_185	phs000000.v2.p1
dg.4DFC/840c7e9c-8900-4d1d-96667ce99c1e_186	902b5a8b-e564-4f72-b961-1e6d836e782b.wxs.aliquot_ensemble_masked.maf.gz	MAF	29496	RNA-Seq	file	CDS1186_Blood Biospecimen Type	phs000000	547fe378ec320f0d7974ggb7fab9794a_186	phs000000.v2.p1
dg.4DFC/840c7e9c-8900-4d1d-96667ce99c1e_187	0956d6a3-a4c3-406c-ba5d-62ffed3d1b10.mirnaseq.mirnas.quantification.txt	TXT	50410	RNA-Seq	file	CDS1187_Blood Biospecimen Type	phs000000	547fe378ec320f0d7974ggb7fab9794a_187	phs000000.v2.p1
dg.4DFC/840c7e9c-8900-4d1d-96667ce99c1e_188	6129eff5-4469-4e55-a334-5b63d6c48f98.wxs.aliquot_ensemble_masked.maf.gz	MAF	17554	RNA-Seq	file	CDS1188_Blood Biospecimen Type	phs000000	547fe378ec320f0d7974ggb7fab9794a_188	phs000000.v2.p1
dg.4DFC/840c7e9c-8900-4d1d-96667ce99c1e_189	f26eda94-fc25-4b46-b5b6-3e70efc120cc.rna_seq.augmented_star_gene_counts.tsv	TSV	4196596	RNA-Seq	file	CDS1189_Blood Biospecimen Type	phs000000	547fe378ec320f0d7974ggb7fab9794a_189	phs000000.v2.p1
dg.4DFC/840c7e9c-8900-4d1d-96667ce99c1e_190	b7cccc80-e753-4b4a-b017-3dc6ca4399bb.wxs.aliquot_ensemble_masked.maf.gz	MAF	19697	RNA-Seq	file	CDS1190_Blood Biospecimen Type	phs000000	547fe378ec320f0d7974ggb7fab9794a_190	phs000000.v2.p1
dg.4DFC/840c7e9c-8900-4d1d-96667ce99c1e_191	5e830dab-be3f-4181-b844-3b2f2ab49b66.mirnaseq.mirnas.quantification.txt	TXT	50018	RNA-Seq	file	CDS1191_Blood Biospecimen Type	phs000000	547fe378ec320f0d7974ggb7fab9794a_191	phs000000.v2.p1
dg.4DFC/840c7e9c-8900-4d1d-96667ce99c1e_192	9e623149-b279-41fd-9be0-5d20d8cc024b.FPKM.txt.gz	TXT	299549	RNA-Seq	file	CDS1192_Blood Biospecimen Type	phs000000	547fe378ec320f0d7974ggb7fab9794a_192	phs000000.v2.p1
dg.4DFC/840c7e9c-8900-4d1d-96667ce99c1e_193	43607485-bfaa-4e68-ba95-1d236f1ea498.mirnaseq.isoforms.quantification.txt	TXT	393576	RNA-Seq	file	CDS1193_Blood Biospecimen Type	phs000000	547fe378ec320f0d7974ggb7fab9794a_193	phs000000.v2.p1
dg.4DFC/840c7e9c-8900-4d1d-96667ce99c1e_194	4ac8d131-b23e-4aaf-94a2-5ca509902f49.htseq_counts.txt.gz	TXT	241999	RNA-Seq	file	CDS1194_Blood Biospecimen Type	phs000000	547fe378ec320f0d7974ggb7fab9794a_194	phs000000.v2.p1
dg.4DFC/840c7e9c-8900-4d1d-96667ce99c1e_195	1c1183ab-5fc4-4316-a5e6-cf198a8fe645.rna_seq.star_gene_counts.tsv.gz	TSV	387085	RNA-Seq	file	CDS1195_Blood Biospecimen Type	phs000000	547fe378ec320f0d7974ggb7fab9794a_195	phs000000.v2.p1
dg.4DFC/840c7e9c-8900-4d1d-96667ce99c1e_196	2a770cb4-b1ee-459c-b102-3c6ce7b712b0.FPKM-UQ.txt.gz	TXT	387886	RNA-Seq	file	CDS1196_Blood Biospecimen Type	phs000000	547fe378ec320f0d7974ggb7fab9794a_196	phs000000.v2.p1
dg.4DFC/840c7e9c-8900-4d1d-96667ce99c1e_197	ead6648f-e0d4-4ee3-94c2-aa93f709b3dd.mirnaseq.isoforms.quantification.txt	TXT	524541	RNA-Seq	file	CDS1197_Blood Biospecimen Type	phs000000	547fe378ec320f0d7974ggb7fab9794a_197	phs000000.v2.p1
dg.4DFC/840c7e9c-8900-4d1d-96667ce99c1e_198	de620102-203f-488d-9617-1d103695ce91.mirnaseq.mirnas.quantification.txt	TXT	49701	RNA-Seq	file	CDS1198_Blood Biospecimen Type	phs000000	547fe378ec320f0d7974ggb7fab9794a_198	phs000000.v2.p1
dg.4DFC/840c7e9c-8900-4d1d-96667ce99c1e_199	cc3aabc6-b45b-44d3-846c-a6eee1dfae5e.FPKM.txt.gz	TXT	307510	RNA-Seq	file	CDS1199_Bone Marrow Biospecimen Type	phs000000	547fe378ec320f0d7974ggb7fab9794a_199	phs000000.v2.p1
dg.4DFC/840c7e9c-8900-4d1d-96667ce99c1e_200	2e2da65e-2ab5-47f6-89d8-0d91dd33e9c5.mirnaseq.isoforms.quantification.txt	TXT	460052	RNA-Seq	file	CDS1200_Blood Biospecimen Type	phs000000	547fe378ec320f0d7974ggb7fab9794a_200	phs000000.v2.p1