type	study.study_short_name	person_record_id	person_orcid	person_first_name	person_last_name	person_middle_name
principal_investigator	CMB	CMB-Franklin	CTDC-PRINCIPAL-INVESTIGATOR-802703	Rosalind	Franklin	M
principal_investigator	CMB	CMB-Lovelace	CTDC-PRINCIPAL-INVESTIGATOR-204531	Ada	Lovelace	M
principal_investigator	CMB	CMB-Clark	CTDC-PRINCIPAL-INVESTIGATOR-207045	Jackson	Clark	L
principal_investigator	CMB	CMB-Rathmell	CTDC-PRINCIPAL-INVESTIGATOR-542196	Kimryn	Rathmell	J
principal_investigator	CMB	CMB-Ryder	CTDC-PRINCIPAL-INVESTIGATOR-911818	Sally	Ryder	T
principal_investigator	CMB	CMB-Taylor	CTDC-PRINCIPAL-INVESTIGATOR-321825	Lindsay	Taylor	K
principal_investigator	CMB	CMB-Klein	CTDC-PRINCIPAL-INVESTIGATOR-241766	Christopher	Klein	M
principal_investigator	CMB	CMB-Jones	CTDC-PRINCIPAL-INVESTIGATOR-396021	Megan	Jones	Z
