type	participant.study_participant_id	study_diagnosis_id	diagnosis_id	disease_type	vital_status	primary_diagnosis	primary_site	age_at_diagnosis	tumor_grade	tumor_stage_clinical_m	tumor_stage_clinical_n	tumor_stage_clinical_t	morphology	incidence_type	progression_or_recurrence	days_to_recurrence	days_to_last_followup	last_known_disease_status	days_to_last_known_status
diagnosis	phs000000_CDS1001	CDS-DX-781297	scientiae_cedit_mare	Mesothelial Neoplasms	Alive	"Chordoma, NOS, Ganglioneuroblastoma"	Thyroid	950	GX	M1	N1a	T3c	8401/0	remission	No	149	360	Metastasis	25
diagnosis	phs000000_CDS1002	CDS-DX-979603	faber_est_suae_quisque_fortunae	Adenomas and Adenocarcinomas	Dead	"Seminoma, NOS"	Not Reported	123	G3	M1b	N0 (mol-)	T2a2	9992/3	progression	Not Allowed To Collect	164	680	Primary	136
diagnosis	phs000000_CDS1003	CDS-DX-474073	Gallia_est_omnis_divisa_in_partes_tres	Nevi and Melanomas	Dead	"Neoplasm, Malignant"	Rib	441	GB	M1c	N0 (i+)	T2a2	8124/3	metastasis	Not Reported	315	594	Remission	619
diagnosis	phs000000_CDS1004	CDS-DX-566563	scientiae_et_patriae	Mucoepidermoid Neoplasms	Not Reported	"Papillary Carcinoma, Follicular Variant"	Perineum	729	GX	M1c	N3b	T1a	8318/3	progression	Not Allowed To Collect	375	896	Distant met recurrence/progression	129
diagnosis	phs000000_CDS1005	CDS-DX-611125	barba_crescit_caput_nescit	Fibromatous Neoplasms	Dead	Embryonal Tumor	Occipital Bone	406	GB	M1	N1c	T2a1	8823/0	primary	Not Allowed To Collect	87	371	Remission	760
diagnosis	phs000000_CDS1006	CDS-DX-885696	nascentes_morimur_finisque_ab_origine_pendet	Not Applicable	Dead	"Malignant Tumor, Spindle Cell Type, CNS Sarcoma, CNS Sarcoma, NOS Or NEC"	Female Reproductive System Part	809	Low Grade	M1	N0 (mol-)	T4e	8011/3	no_disease	Not Allowed To Collect	455	29	Remission	279
diagnosis	phs000000_CDS1007	CDS-DX-418240	scientiae_et_patriae	Myelodysplastic Syndromes	Not Reported	Cavernoma	Infraclavicular Nodes	97	G3	MX	N0 (i+)	T1b	8621/1	progression	Unknown	603	520	Progression	926
diagnosis	phs000000_CDS1008	CDS-DX-135647	imperium_in_imperio	Lipomatous Neoplasms	Dead	Papillary Lesion With Atypical/High Grade Features	Middle Ear	266	Not Reported	M1	N0 (mol+)	T4d	8514/3	metastasis	Not Allowed To Collect	351	509	Distant met recurrence/progression	672
diagnosis	phs000000_CDS1009	CDS-DX-738451	haec_olim_meminisse_iuvabit	"Neoplasms, NOS"	Alive	"Blue Nevus, Malignant"	Temporal Bone	262	G4	M1b	N2a	T2c	9383/1	metastasis	Not Allowed To Collect	865	74	No_disease	215
diagnosis	phs000000_CDS1010	CDS-DX-758141	scientia_et_labor	Adnexal and Skin Appendage Neoplasms	Dead	"Schwannoma, NOS"	Hand Joint	56	Unknown	M1	N1bIV	T3d	8242/1	progression	Not Reported	757	811	Progression	339
diagnosis	phs000000_CDS1011	CDS-DX-667835	faber_est_suae_quisque_fortunae	Giant Cell Tumors	Dead	"Leydig Cell Tumor, Benign"	Spine	130	G2	M1b	NX	T1a2	8522/1	metastasis	No	877	761	Remission	790
diagnosis	phs000000_CDS1012	CDS-DX-123313	salus_in_arduis	"Neoplasms, NOS"	Not Reported	"Malignant Tumor, Small Cell Type"	Acetabulum	931	G4	M1	N3a	T1b	8936/3	remission	No	779	631	Loco-regional recurrence/progression	388
diagnosis	phs000000_CDS1013	CDS-DX-875548	scientia_imperii_decus_et_tutamen	Trophoblastic neoplasms	Not Reported	B Lymphoblastic Leukemia/Lymphoma With T(9;22)(Q34;Q11.2); BCR-ABL1	Thyroid and Parathyroid	294	GX	M1a	N2b	T1a1	8894/3	no_disease	Not Reported	381	983	Primary	958
diagnosis	phs000000_CDS1014	CDS-DX-835894	e_causa_ignota	Plasma Cell Neoplasm	Unknown	Teratoma	Vagina	309	G2	Not Reported	N0 (i-)	T2b	8231/3	metastasis	Not Reported	415	275	Biochemical evidence of disease without structural correlate	802
diagnosis	phs000000_CDS1015	CDS-DX-635714	Macte_animo_Generose_puer_sic_itur_ad_astra	Odontogenic Tumors	Unknown	"Spindle Cell Melanoma, NOS"	Paratesticular	131	GX	Not Reported	N2a	T4b	8960/3	remission	Not Reported	797	868	Primary	131
diagnosis	phs000000_CDS1016	CDS-DX-904669	scientia_et_sapientia	Trophoblastic neoplasms	Not Reported	"Teratoma, Malignant, NOS"	Pancreas	941	High Grade	M1c	N1bIII	T1mi	8140/6	metastasis	Unknown	912	371	Distant met recurrence/progression	539
diagnosis	phs000000_CDS1017	CDS-DX-271477	Macte_animo_Generose_puer_sic_itur_ad_astra	Germ Cell Neoplasms	Dead	"Schwannoma, NOS, Other"	Frontal Lobe	188	High Grade	Not Reported	N0	T3d	8380/3	recurrence	Not Allowed To Collect	677	379	Distant met recurrence/progression	708
diagnosis	phs000000_CDS1018	CDS-DX-394000	nanos_gigantum_humeris_insidentes	Fibromatous Neoplasms	Not Reported	Control	Lymph Node	996	Low Grade	M1b	N1bI	T4e	9081/3	primary	Not Reported	632	999	Metastasis	410
diagnosis	phs000000_CDS1019	CDS-DX-539000	Obedientia_civium_urbis_felicitas	Lymphatic Vessel Tumors	Unknown	"Pleomorphic Rhabdomyosarcoma, Adult Type"	Prostate	363	Low Grade	M1a	Not Reported	T4e	8340/3	primary	Not Reported	143	271	Loco-regional recurrence/progression	174
diagnosis	phs000000_CDS1020	CDS-DX-553628	imperium_in_imperio	Squamous Cell Neoplasms	Not Reported	"Dermatofibrosarcoma Protuberans, Fibrosarcomatous"	Medulla	517	Intermediate Grade	M1	N3	T3c	8621/1	primary	Not Reported	538	239	Metastasis	936
diagnosis	phs000000_CDS1021	CDS-DX-382832	haec_olim_meminisse_iuvabit	Mucoepidermoid Neoplasms	Unknown	"Astrocytoma, IDH-Mutant, CNS WHO Grade 4"	Pineal	993	Low Grade	M0	NX	T0	8964/3	recurrence	Unknown	826	702	Recurrence	390
diagnosis	phs000000_CDS1022	CDS-DX-583412	saltus_in_demonstrando	Myxomatous Neoplasms	Not Reported	Combined Small Cell-Squamous Cell Carcinoma	Nasopharynx	419	GB	M0	N1mi	Tis (DCIS)	9582/0	remission	Unknown	671	764	No_disease	705
diagnosis	phs000000_CDS1023	CDS-DX-942436	imperium_in_imperio	Nevi and Melanomas	Alive	"Acute Myeloid Leukemia With Myelodysplasia-Related Changes, Juvenile Myelomonocytic Leukemia, NOS"	Nasopharynx	811	Unknown	M1c	NX	T2b	9272/0	no_disease	No	617	172	Tumor free	666
diagnosis	phs000000_CDS1024	CDS-DX-743429	sapiens_qui_prospicit	Nerve Sheath Tumors	Alive	Adamantinomatous Craniopharyngioma (CNS WHO Grade 1)	Zygomatic Bone	241	GB	M0	Unknown	T1a1	8052/3	metastasis	Not Reported	723	644	Biochemical evidence of disease without structural correlate	36
diagnosis	phs000000_CDS1025	CDS-DX-334865	sapiens_qui_prospicit	Squamous Cell Neoplasms	Unknown	"Central Osteosarcoma, NOS"	Stomach	580	GB	M0	N2a	T4e	8244/3	primary	No	108	592	Tumor free	773
diagnosis	phs000000_CDS1026	CDS-DX-187463	saltus_in_demonstrando	Immunoproliferative Diseases	Alive	Embryonal Tumor With Multilayered Rosettes With C19MC Alteration	Sternum/Chest Wall	316	Not Reported	M1c	NX	T1	8900/3	metastasis	Not Allowed To Collect	433	664	Remission	703
diagnosis	phs000000_CDS1027	CDS-DX-355611	scientiae_cedit_mare	Synovial-like Neoplasms	Alive	"Craniopharyngioma, Adamantinomatous"	Femur	361	GX	M0	N1bIII	T4a	9689/3	metastasis	Not Reported	292	229	Metastasis	867
diagnosis	phs000000_CDS1028	CDS-DX-379708	"scientia,_aere_perennius"	Gliomas	Not Reported	Neuroepithelial Tumor With Glioneuronal-Like Features	Mediastinum	165	Not Reported	Unknown	N1mi	T0	8640/3	progression	No	584	116	Metastasis	283
diagnosis	phs000000_CDS1029	CDS-DX-467302	scientiae_et_patriae	Immunoproliferative Diseases	Alive	Mixed Glioma	Temporal Bone	722	GX	M1c	N0 (mol+)	TX	8343/3	no_disease	Not Reported	904	237	Tumor free	392
diagnosis	phs000000_CDS1030	CDS-DX-760453	salus_in_arduis	Not Applicable	Unknown	Ganglioneuroblastoma	Nasal Septum	414	GX	M1a	N2a	T1a1	9474/3	no_disease	No	997	379	Remission	486
diagnosis	phs000000_CDS1031	CDS-DX-418647	nascentes_morimur_finisque_ab_origine_pendet	Not Otherwise Specified	Not Reported	Mucoepidermoid Carcinoma	Scapula/Clavicle	153	G3	MX	NX	Unknown	9531/0	remission	Not Allowed To Collect	737	839	Remission	667
diagnosis	phs000000_CDS1032	CDS-DX-233491	scientiae_et_patriae	Leukemias	Not Reported	"Tumor Cells, Benign"	Adjacent Organ	470	Not Reported	cM0 (i+)	N1bIV	Tis (DCIS)	9817/3	remission	No	147	898	Progression	706
diagnosis	phs000000_CDS1033	CDS-DX-364421	nascentes_morimur_finisque_ab_origine_pendet	Mast Cell Neoplasm	Alive	"Chordoma, NOS"	Urogenital	93	GB	M1b	N3a	T1a1	8005/3	remission	No	732	374	Primary	310
diagnosis	phs000000_CDS1034	CDS-DX-527263	scientia_imperii_decus_et_tutamen	Meningiomas	Unknown	Clear Cell Sarcoma Of Kidney	Vasculo-Nervous	218	Not Reported	M1	N1c	TX	8070/3	primary	No	726	966	Tumor free	15
diagnosis	phs000000_CDS1035	CDS-DX-690886	scientiae_cedit_mare	Miscellaneous Tumors	Dead	Merkel Cell Carcinoma	Breast	67	Not Reported	M1c	N2	T2a	8170/3	metastasis	No	806	707	Remission	420
diagnosis	phs000000_CDS1036	CDS-DX-930594	scientia_et_labor	Fibroepithelial Neoplasms	Not Reported	Schawannoma	Upper Arm	179	Unknown	cM0 (i+)	N0 (i-)	TX	9194/3	remission	No	844	163	Loco-regional recurrence/progression	988
diagnosis	phs000000_CDS1037	CDS-DX-548959	scientia_et_labor	"Soft Tissue Tumors and Sarcomas, NOS"	Alive	Myeloid Sarcoma	Shoulder Joint	825	Intermediate Grade	MX	N1a	TX	9302/3	recurrence	Unknown	83	937	Recurrence	201
diagnosis	phs000000_CDS1038	CDS-DX-987064	pace_tua	Synovial-like Neoplasms	Not Reported	"Mixed Phenotype Acute Leukemia, T/Myeloid, NOS"	Esophagus	752	GX	M1	N1bIII	Tis	9762/3	recurrence	Yes	412	376	Recurrence	708
diagnosis	phs000000_CDS1039	CDS-DX-632242	scientia_et_labor	Gliomas	Alive	Merkel Cell Tumor	Tonsil	645	G2	Unknown	N3b	T2a1	9530/0	remission	Not Allowed To Collect	207	975	No_disease	493
diagnosis	phs000000_CDS1040	CDS-DX-909799	a_bene_placito	Squamous Cell Neoplasms	Alive	Mucous Adenocarcinoma	Shoulder	495	G1	Not Reported	N1c	T1b1	8463/1	no_disease	Not Allowed To Collect	494	895	Recurrence	528
diagnosis	phs000000_CDS1041	CDS-DX-516881	"scientia,_aere_perennius"	Mast Cell Neoplasm	Dead	"Squamous Cell Carcinoma, Large Cell, Nonkeratinizing, NOS"	Tibia	146	G4	M0	Unknown	Tis (LCIS)	8360/1	recurrence	Yes	556	19	Tumor free	866
diagnosis	phs000000_CDS1042	CDS-DX-449282	imperium_in_imperio	Mesothelial Neoplasms	Unknown	Myelodysplastic Syndrome With Single Lineage Dysplasia	Hip	341	Intermediate Grade	Not Reported	N1bIII	T0	8174/3	no_disease	Not Allowed To Collect	620	411	Biochemical evidence of disease without structural correlate	532
diagnosis	phs000000_CDS1043	CDS-DX-791938	O_Tite_tute_Tati_tibi_tanta_tyranne_tulisti	Mucoepidermoid Neoplasms	Dead	"Embryonal Rhabdomyosarcoma, High-Grade"	Tarsal Bone	414	Low Grade	M1a	N1bIII	T2a1	8901/3	metastasis	Not Reported	745	119	Biochemical evidence of disease without structural correlate	737
diagnosis	phs000000_CDS1044	CDS-DX-340976	imperium_in_imperio	Lipomatous Neoplasms	Dead	"Oligodendroglioma, NOS"	Hand Phalanges	459	GX	MX	N1c	T4c	9173/0	progression	Not Allowed To Collect	587	463	Metastasis	606
diagnosis	phs000000_CDS1045	CDS-DX-842003	haec_olim_meminisse_iuvabit	"Neoplasms, NOS"	Dead	"Astrocytoma, Benign"	Nasal Cavity	781	G1	M1a	N1bIV	T1	8407/3	recurrence	Not Reported	114	258	Progression	282
diagnosis	phs000000_CDS1046	CDS-DX-895181	scientia_et_sapientia	Unknown	Unknown	"Classic Medulloblastoma, CNS WHO Grade 4"	Scapula/Clavicle	585	G2	M1a	N2c	T2d	9182/3	progression	Yes	839	770	Primary	418
diagnosis	phs000000_CDS1047	CDS-DX-274514	O_Tite_tute_Tati_tibi_tanta_tyranne_tulisti	Odontogenic Tumors	Not Reported	"Meningioma, NOS"	Tarsal Bone	126	Not Reported	M1	N3b	T2c	9120/3	remission	Yes	533	880	Metastasis	335
diagnosis	phs000000_CDS1048	CDS-DX-712812	e_causa_ignota	Nerve Sheath Tumors	Dead	Glioblastoma Multiforme	Intrathoracic	562	GX	M1b	N2b	T3b	9135/1	recurrence	No	892	587	Distant met recurrence/progression	221
diagnosis	phs000000_CDS1049	CDS-DX-117425	Gallia_est_omnis_divisa_in_partes_tres	Complex Mixed and Stromal Neoplasms	Alive	Cholangiocarcinoma	Thigh	709	Intermediate Grade	M0	N2	Tis (DCIS)	8231/3	progression	No	649	18	Metastasis	756
diagnosis	phs000000_CDS1050	CDS-DX-436215	Obedientia_civium_urbis_felicitas	Not Otherwise Specified	Dead	"Well Differentiated Neuroendocrince Tumor, Grade 1"	Maxilla	346	Not Reported	M1a	N2b	T1	8384/3	remission	Not Reported	680	59	Distant met recurrence/progression	324
diagnosis	phs000000_CDS1051	CDS-DX-908651	faber_est_suae_quisque_fortunae	Gliomas	Dead	"Glioblastoma, NOS, High-Grade Glioma, High-Grade Glioma, NOS Or NEC"	Bone or Bone Marrow	213	G1	cM0 (i+)	N2c	T2b	8508/3	remission	No	454	443	Distant met recurrence/progression	55
diagnosis	phs000000_CDS1052	CDS-DX-762195	scientiae_et_patriae	Not Applicable	Unknown	Residual Low Grade Neuroendocrine Tumor (Typical Carcinoid)	Cheek	883	Unknown	M1b	N2b	T2b	8722/0	remission	No	963	216	Progression	529
diagnosis	phs000000_CDS1053	CDS-DX-822669	a_bene_placito	Neuroepitheliomatous Neoplasms	Dead	"Neoplasm, Uncertain Whether Benign Or Malignant, Medulloblastoma, Medulloblastoma, Non-WNT/Non-SHH"	Nasal Septum	737	G3	Not Reported	N0	Tis (DCIS)	9863/3	metastasis	Not Reported	916	733	Tumor free	882
diagnosis	phs000000_CDS1054	CDS-DX-118281	scientia_imperii_decus_et_tutamen	"Cystic, Mucinous and Serous Neoplasms"	Unknown	T Lymphoblastic Leukemia/Lymphoma	Chest	113	Intermediate Grade	M1b	N1c	T1	9471/3	remission	Not Reported	238	946	Primary	296
diagnosis	phs000000_CDS1055	CDS-DX-522337	nascentes_morimur_finisque_ab_origine_pendet	Transitional Cell Papillomas and Carcinomas	Unknown	"Giant Cell Tumor Of Soft Parts, NOS"	Other	626	GX	M1	N2c	Ta	8403/3	remission	Not Reported	357	978	Recurrence	455
diagnosis	phs000000_CDS1056	CDS-DX-228359	damnant_quod_non_intellegunt	Giant Cell Tumors	Dead	Desmoplastic Nodular Medulloblastoma	Parathyroid	315	Unknown	Unknown	N3c	T2b	8040/0	primary	Unknown	699	913	Recurrence	521
diagnosis	phs000000_CDS1057	CDS-DX-501090	damnant_quod_non_intellegunt	Squamous Cell Neoplasms	Not Reported	Myofibromatosis	Fourth Ventricle	305	Intermediate Grade	M1c	N1bII	T1b2	9384/1	remission	No	96	757	Tumor free	933
diagnosis	phs000000_CDS1058	CDS-DX-166069	saltus_in_demonstrando	Nevi and Melanomas	Not Reported	"Chronic Myelogenous Leukemia, BCR/ABL Positive"	Craniospinal	876	G1	M1a	N3	T3c	8728/0	remission	Not Allowed To Collect	324	939	Progression	26
diagnosis	phs000000_CDS1059	CDS-DX-194916	O_Tite_tute_Tati_tibi_tanta_tyranne_tulisti	Gliomas	Unknown	"Mixed-Phenotype Acute Leukemia, B/Myeloid, Not Otherwise Specified"	Parietal Bone	616	Not Reported	M0	N1bII	T2d	9382/3	remission	No	525	141	No_disease	86
diagnosis	phs000000_CDS1060	CDS-DX-801984	Macte_animo_Generose_puer_sic_itur_ad_astra	Miscellaneous Tumors	Unknown	Poorly-Differentiated Neuroblastoma	Anterior Skull Base	438	Not Reported	M1	N1bIV	T2b	9090/0	progression	Yes	233	848	Tumor free	708
diagnosis	phs000000_CDS1061	CDS-DX-440128	barba_crescit_caput_nescit	Synovial-like Neoplasms	Unknown	"Thymic Carcinoma, NOS"	Thyroid and Parathyroid	305	Low Grade	Not Reported	N3a	Ta	9473/3	recurrence	Unknown	682	528	Remission	395
diagnosis	phs000000_CDS1062	CDS-DX-380754	"scientia,_aere_perennius"	Complex Mixed and Stromal Neoplasms	Alive	"Hepatocellular Carcinoma, NOS, Nephroblastoma, NOS"	Brain/Leptomeninges	404	High Grade	Not Reported	N3	Tis (Paget's)	8832/3	remission	Not Allowed To Collect	631	177	Remission	747
diagnosis	phs000000_CDS1063	CDS-DX-996862	salus_in_arduis	Myxomatous Neoplasms	Not Reported	Extra Adrenal Paraganglioma	Uterus	549	G3	Not Reported	Not Reported	T3c	8253/3	remission	Not Reported	297	541	Distant met recurrence/progression	20
diagnosis	phs000000_CDS1064	CDS-DX-388115	e_causa_ignota	"Cystic, Mucinous and Serous Neoplasms"	Not Reported	"Glioma, Malignant, Glioneuronal And Neuronal Tumors, Glioneuronal And Neuronal Tumors, NOS Or NEC"	Larynx - Trachea	709	High Grade	M1a	N2	T3a	8442/1	progression	Yes	984	433	Distant met recurrence/progression	550
diagnosis	phs000000_CDS1065	CDS-DX-153995	saltus_in_demonstrando	"Epithelial Neoplasms, NOS"	Not Reported	"Gangliocytoma, NOS"	Inguinal	666	Unknown	cM0 (i+)	N0 (i-)	Not Reported	9809/3	primary	Unknown	131	875	Primary	587
diagnosis	phs000000_CDS1066	CDS-DX-328103	imperium_in_imperio	Unknown	Dead	Subependymoma	Mesenteric Nodes	397	G3	Unknown	N1bIII	T3b	8583/1	no_disease	Not Reported	172	725	Primary	540
diagnosis	phs000000_CDS1067	CDS-DX-570993	nascentes_morimur_finisque_ab_origine_pendet	Mast Cell Neoplasm	Alive	Pancreas-Undifferentiated Carcinoma	Abdominal Wall	576	G4	M0	NX	T3a	8592/1	primary	Yes	955	901	Recurrence	172
diagnosis	phs000000_CDS1068	CDS-DX-796323	faber_est_suae_quisque_fortunae	"Soft Tissue Tumors and Sarcomas, NOS"	Dead	Precursor B-Cell Acute Lymphoblastic Leukemia With Hyperdiploidy	Thalamus	126	Low Grade	M1b	N1mi	TX	8110/3	remission	Yes	768	496	Biochemical evidence of disease without structural correlate	719
diagnosis	phs000000_CDS1069	CDS-DX-268387	sapiens_qui_prospicit	Plasma Cell Neoplasm	Unknown	Serous Surface Papillary Carcinoma	Anterior Skull Base	417	Unknown	M0	N0 (mol+)	T1	9390/1	progression	Not Allowed To Collect	336	185	Biochemical evidence of disease without structural correlate	729
diagnosis	phs000000_CDS1070	CDS-DX-184475	scientia_et_sapientia	Acinar Cell Neoplasms	Dead	Not Specified In Data	Deep Gray (e.g. Basal ganglia or Thalamus)	69	G1	Not Reported	Unknown	T2a1	8005/0	primary	No	169	126	Metastasis	301
diagnosis	phs000000_CDS1071	CDS-DX-312323	haec_olim_meminisse_iuvabit	Plasma Cell Neoplasm	Not Reported	"Neoplasm, Malignant, CNS Neuroblastoma, FOXR2-Activated, Other CNS Embryonal Tumors"	Hand Bone	348	G3	cM0 (i+)	N1bIII	T3	8680/1	remission	Yes	280	226	Recurrence	691
diagnosis	phs000000_CDS1072	CDS-DX-228997	scientiae_cedit_mare	Adnexal and Skin Appendage Neoplasms	Dead	Soft Tissue Sarcoma	Lumbar Vertebra	435	Not Reported	M1	N2a	T4a	8140/6	remission	Not Allowed To Collect	176	572	Primary	610
diagnosis	phs000000_CDS1073	CDS-DX-768938	scientia_et_labor	Lymphatic Vessel Tumors	Dead	Embryonal Tumor With Multilayered Rosettes With C19MC Alteration	Tibia	72	Low Grade	cM0 (i+)	Unknown	T1c	Unknown	metastasis	Unknown	278	530	Loco-regional recurrence/progression	265
diagnosis	phs000000_CDS1074	CDS-DX-237316	labor_ipse_voluptas	Ductal and Lobular Neoplasms	Dead	"Transitional Cell Carcinoma, NOS"	Knee Joint	207	Unknown	M0	N0 (i-)	T1c	9042/3	primary	No	215	286	Biochemical evidence of disease without structural correlate	725
diagnosis	phs000000_CDS1075	CDS-DX-556737	imperium_in_imperio	Giant Cell Tumors	Alive	"Rhabdomyosarcoma, Favor Alveolar Type"	Tonsil	151	G2	MX	N3b	Ta	9491/0	primary	Unknown	397	146	No_disease	281
diagnosis	phs000000_CDS1076	CDS-DX-651247	labor_ipse_voluptas	Not Applicable	Alive	"Hepatocellular Carcinoma, NOS"	Optic Nerve	971	G3	M0	N1bIII	T3	8337/3	primary	Yes	879	134	Recurrence	646
diagnosis	phs000000_CDS1077	CDS-DX-839100	pace_tua	Granular Cell Tumors and Alveolar Soft Part Sarcomas	Alive	"Micropapillary Carcinoma, NOS"	Pre-auricular Nodes	879	G4	M1	N0 (mol-)	Tis	9655/3	progression	Unknown	426	99	Remission	188
diagnosis	phs000000_CDS1078	CDS-DX-318623	O_Tite_tute_Tati_tibi_tanta_tyranne_tulisti	Ductal and Lobular Neoplasms	Alive	"Pineoblastoma, Other CNS Embryonal Tumors"	Talus	903	Unknown	M0	N1bIV	T2	8254/3	progression	Not Allowed To Collect	138	130	Loco-regional recurrence/progression	930
diagnosis	phs000000_CDS1079	CDS-DX-258428	O_Tite_tute_Tati_tibi_tanta_tyranne_tulisti	"Cystic, Mucinous and Serous Neoplasms"	Dead	Neuroepithelial Tumor	Upper Arm	291	G4	Unknown	N3c	T4	8035/3	primary	No	708	706	Biochemical evidence of disease without structural correlate	307
diagnosis	phs000000_CDS1080	CDS-DX-866600	O_Tite_tute_Tati_tibi_tanta_tyranne_tulisti	Not Reported	Not Reported	"Acute Myeloid Leukemia, NOS, Myeloproliferative Neoplasm, Unclassifiable"	Nasal Septum	734	Unknown	Not Reported	N0 (mol-)	T1b	8746/3	progression	Unknown	943	985	No_disease	854
diagnosis	phs000000_CDS1081	CDS-DX-299073	saltus_in_demonstrando	Giant Cell Tumors	Unknown	Spindle Cell Sarcoma	Popliteal Nodes	532	G4	M0	N1bIII	T1a2	8941/3	progression	Yes	549	699	Primary	220
diagnosis	phs000000_CDS1082	CDS-DX-727162	haec_olim_meminisse_iuvabit	Synovial-like Neoplasms	Dead	"Neoplasm, Metastatic"	Inguinal	40	Unknown	M0	N4	T3c	9312/0	recurrence	Unknown	881	833	Progression	168
diagnosis	phs000000_CDS1083	CDS-DX-582822	a_bene_placito	Plasma Cell Neoplasm	Not Reported	Myeloid Leukemia Associated With Down Syndrome	Lymphatic Basin	135	G1	M1b	N2	Unknown	8582/3	metastasis	Not Allowed To Collect	934	600	Remission	556
diagnosis	phs000000_CDS1084	CDS-DX-774037	O_Tite_tute_Tati_tibi_tanta_tyranne_tulisti	Leukemias	Unknown	Acute Myeloid Leukemia With Mutated NPM1	Oculus Sinister (Left Eye)	839	G3	M1	N1bIII	T3	8148/0	recurrence	Not Allowed To Collect	521	355	Recurrence	810
diagnosis	phs000000_CDS1085	CDS-DX-740324	Obedientia_civium_urbis_felicitas	Unknown	Dead	"Synovial Sarcoma, NOS"	Gastrointestinal Tract	97	G2	M1a	N1	T3d	8593/1	primary	Unknown	67	386	No_disease	887
diagnosis	phs000000_CDS1086	CDS-DX-695495	saltus_in_demonstrando	Ductal and Lobular Neoplasms	Not Reported	Acute Monoblastic Leukemia	Medulla	637	G1	Not Reported	N1bIII	T0	8240/6	recurrence	Not Reported	202	409	No_disease	708
diagnosis	phs000000_CDS1087	CDS-DX-451791	e_causa_ignota	Miscellaneous Tumors	Dead	Malignant Glioma	Sacrococcygeal	593	GX	M1b	N1a	T4	9104/1	metastasis	Not Allowed To Collect	32	689	Progression	857
diagnosis	phs000000_CDS1088	CDS-DX-333655	scientia_et_labor	Trophoblastic neoplasms	Dead	"Unknown, To Be Completed Later, Medulloblastoma, Medulloblastoma, Non-WNT/Non-SHH"	Finger	178	High Grade	M0	N3c	T4d	8932/0	no_disease	Unknown	211	526	Biochemical evidence of disease without structural correlate	33
diagnosis	phs000000_CDS1089	CDS-DX-380574	a_bene_placito	Mucoepidermoid Neoplasms	Alive	"Gastrointestinal Stromal Tumor, NOS"	Acetabulum	456	G1	MX	N1b	T3a	9073/1	primary	Yes	877	317	Progression	727
diagnosis	phs000000_CDS1090	CDS-DX-448932	Gallia_est_omnis_divisa_in_partes_tres	Complex Mixed and Stromal Neoplasms	Not Reported	CNS Primative Neuroectodermal Tumor (PNET)	Upper Airway	503	GB	cM0 (i+)	N1bIII	T1b1	9383/1	primary	No	322	834	No_disease	479
diagnosis	phs000000_CDS1091	CDS-DX-264873	scientiae_et_patriae	"Soft Tissue Tumors and Sarcomas, NOS"	Not Reported	"Adamantinomatous Craniopharyngioma, CNS WHO Grade 1"	Gastrointestinal Tract	536	GB	M1a	N0 (mol-)	T4d	9812/3	primary	Not Reported	781	854	Biochemical evidence of disease without structural correlate	836
diagnosis	phs000000_CDS1092	CDS-DX-452129	scientiae_cedit_mare	"Epithelial Neoplasms, NOS"	Dead	"Medulloblastoma, WHO Grade 4"	Metacarpals	784	Unknown	M0	N1bI	Tis (DCIS)	9742/3	metastasis	Yes	181	976	Metastasis	245
diagnosis	phs000000_CDS1093	CDS-DX-257449	scientia_imperii_decus_et_tutamen	Plasma Cell Neoplasm	Not Reported	"Medulloblastoma, NOS, Medulloblastoma, Non-WNT/Non-SHH"	Popliteal Nodes	904	Intermediate Grade	M1b	N1a	TX	9281/0	progression	Unknown	332	120	Metastasis	737
diagnosis	phs000000_CDS1094	CDS-DX-712763	imperium_in_imperio	Myelodysplastic Syndromes	Alive	"Hepatocellular Carcinoma, Fibrolamellar"	Breast	685	G3	Not Reported	NX	Unknown	8152/3	no_disease	No	818	111	Distant met recurrence/progression	630
diagnosis	phs000000_CDS1095	CDS-DX-373180	scientia_imperii_decus_et_tutamen	Fibroepithelial Neoplasms	Not Reported	Therapy-Related Myeloid Neoplasms	Lacrimal Bone	848	High Grade	Not Reported	N3a	T1mi	8815/3	no_disease	Not Reported	448	736	Metastasis	232
diagnosis	phs000000_CDS1096	CDS-DX-750086	Gallia_est_omnis_divisa_in_partes_tres	Paragangliomas and Glomus Tumors	Unknown	Myelodysplastic Syndrome With Single Lineage Dysplasia	Splenic Hilar Nodes	651	Intermediate Grade	M1c	N3c	Tis (Paget's)	8723/3	remission	Yes	878	211	Recurrence	830
diagnosis	phs000000_CDS1097	CDS-DX-378789	imperium_in_imperio	Adenomas and Adenocarcinomas	Dead	Invasive Mammary Carcinoma	Scalp	153	Unknown	M1a	N0 (i+)	T3	9654/3	recurrence	Not Reported	188	759	Biochemical evidence of disease without structural correlate	538
diagnosis	phs000000_CDS1098	CDS-DX-184271	scientiae_et_patriae	Gliomas	Not Reported	"Langerhans Cell Histiocytosis, NOS"	Not Reported	961	G1	M1b	Unknown	T4d	9381/3	primary	Yes	754	969	No_disease	492
diagnosis	phs000000_CDS1099	CDS-DX-761930	scientiae_et_patriae	"Neoplasms, NOS"	Not Reported	"Spindle Cell Carcinoma, NOS"	Pons Varolii	494	GB	Unknown	N3b	T0	8750/0	no_disease	Yes	486	69	Primary	758
diagnosis	phs000000_CDS1100	CDS-DX-956353	id_quod_plerumque_accidit	Adnexal and Skin Appendage Neoplasms	Not Reported	"Ganglioglioma, NOS"	Lumbar Spinal Cord	781	G3	M1a	N1	T4a	8740/0	primary	No	446	593	Distant met recurrence/progression	310
diagnosis	phs000000_CDS1101	CDS-DX-925240	saltus_in_demonstrando	Mast Cell Neoplasm	Dead	"Pleomorphic Rhabdomyosarcoma, Adult Type"	Scapula	647	G4	Unknown	N2c	T0	9761/3	metastasis	No	215	360	No_disease	230
diagnosis	phs000000_CDS1102	CDS-DX-232109	damnant_quod_non_intellegunt	Transitional Cell Papillomas and Carcinomas	Alive	"Pilocytic Astrocytoma, Diffuse Leptomeningeal Glioneuronal Tumor, Glioneuronal And Neuronal Tumors"	Infraclavicular Nodes	30	Low Grade	Not Reported	N1c	T2d	8842/3	primary	Unknown	416	471	Recurrence	227
diagnosis	phs000000_CDS1103	CDS-DX-593421	id_quod_plerumque_accidit	Plasma Cell Neoplasm	Dead	"Serous Cystadenocarcinoma, NOS"	Oculus Sinister (Left Eye)	36	GB	M1b	N1bI	T3d	9662/3	metastasis	No	733	141	Primary	332
diagnosis	phs000000_CDS1104	CDS-DX-447728	O_Tite_tute_Tati_tibi_tanta_tyranne_tulisti	Ductal and Lobular Neoplasms	Dead	"Neoplasm, Uncertain Whether Benign Or Malignant, Ependymoma, Posterior Fossa Ependymoma, Group PFA"	Fallopian Tube	946	Not Reported	cM0 (i+)	N1bIII	T2d	8503/2	remission	Not Allowed To Collect	91	993	Distant met recurrence/progression	754
diagnosis	phs000000_CDS1105	CDS-DX-133841	id_quod_plerumque_accidit	Blood Vessel Tumors	Alive	"Spinal Ependymoma, WHO Grade 2"	Anterior Skull Base	640	Not Reported	M0	N1c	T4b	8921/3	recurrence	Unknown	340	779	Tumor free	515
diagnosis	phs000000_CDS1106	CDS-DX-865939	salus_in_arduis	Immunoproliferative Diseases	Alive	"Chronic Myelogenous Leukemia, BCR-ABL Positive"	Testis	388	GB	M1	N1bIV	Tis (Paget's)	9135/1	progression	Not Reported	202	360	Primary	120
diagnosis	phs000000_CDS1107	CDS-DX-821138	faber_est_suae_quisque_fortunae	Synovial-like Neoplasms	Not Reported	Subependymoma	Coccyx	860	Low Grade	M1a	N0 (i+)	T2c	9136/1	progression	No	552	826	Loco-regional recurrence/progression	251
diagnosis	phs000000_CDS1108	CDS-DX-521004	scientia_imperii_decus_et_tutamen	Miscellaneous Bone Tumors	Not Reported	"Malignant Melanoma, NOS, Meningeal Melanocytic Neoplasms (Includes Melanoma), Other"	Para-Aortic Lymph Nodes	247	High Grade	cM0 (i+)	NX	T1b1	9072/3	primary	Yes	619	414	Metastasis	65
diagnosis	phs000000_CDS1109	CDS-DX-908518	pace_tua	Mucoepidermoid Neoplasms	Not Reported	"Squamous Cell Carcinoma, Small Cell, Nonkeratinizing"	Breast	176	GB	M1c	N0 (mol-)	T1b1	9010/0	primary	Not Allowed To Collect	888	993	Progression	993
diagnosis	phs000000_CDS1110	CDS-DX-263472	a_bene_placito	Synovial-like Neoplasms	Not Reported	"Papillary Adenocarcinoma, NOS"	"Soft Tissue, NOS"	738	GB	M1b	N1bII	TX	9243/3	no_disease	Unknown	596	174	No_disease	923
diagnosis	phs000000_CDS1111	CDS-DX-359852	nanos_gigantum_humeris_insidentes	"Soft Tissue Tumors and Sarcomas, NOS"	Unknown	Unclassified Sarcoma With Round Cell Morphology	Esophagus	337	G3	M0	N2c	Unknown	9960/3	remission	Yes	88	380	Metastasis	578
diagnosis	phs000000_CDS1112	CDS-DX-816051	nanos_gigantum_humeris_insidentes	Ductal and Lobular Neoplasms	Alive	"Large Cell Medulloblastoma, Embryonal Tumor With Multilayered Rosettes, NOS, Other CNS Embryonal Tumors"	Pancreas	508	G3	Not Reported	N1b	T4d	8630/0	recurrence	No	666	355	Progression	651
diagnosis	phs000000_CDS1113	CDS-DX-278807	"scientia,_aere_perennius"	Plasma Cell Neoplasm	Dead	"Ganglioglioma, NOS, Low-Grade Glioma, Low-Grade Glioma, NOS Or NEC"	Thalamus	972	Intermediate Grade	M1a	N1	Tis (Paget's)	9424/3	no_disease	Yes	236	764	Loco-regional recurrence/progression	433
diagnosis	phs000000_CDS1114	CDS-DX-422638	id_quod_plerumque_accidit	Nerve Sheath Tumors	Unknown	"Ependymoma, Anaplastic, Supratentorial Ependymoma, NOS Or NEC"	Occipital Bone	188	G4	Not Reported	N1bII	TX	8530/3	no_disease	Not Allowed To Collect	120	540	Distant met recurrence/progression	324
diagnosis	phs000000_CDS1115	CDS-DX-471275	a_bene_placito	Unknown	Alive	"Leydig Cell Tumor, Benign"	Pleura Thymus	206	GX	M1c	N0 (mol+)	T3b	9840/3	metastasis	Not Reported	957	442	No_disease	898
diagnosis	phs000000_CDS1116	CDS-DX-749665	id_quod_plerumque_accidit	Lymphatic Vessel Tumors	Not Reported	Ewing Sarcoma	Optic Chiasm	829	G4	M1c	N3a	T1c	9160/0	metastasis	Yes	956	291	Tumor free	162
diagnosis	phs000000_CDS1117	CDS-DX-789269	imperium_in_imperio	Leukemias	Unknown	Myxofibrosarcoma	Deep Gray (e.g. Basal ganglia or Thalamus)	919	Not Reported	M1c	NX	T2a	8840/0	recurrence	Yes	443	776	No_disease	858
diagnosis	phs000000_CDS1118	CDS-DX-381232	pace_tua	Germ Cell Neoplasms	Dead	"Rhabdomyosarcoma, Embryonal Subtype Is Favored"	Mesenteric Nodes	890	Intermediate Grade	MX	N1bIV	Unknown	9869/3	remission	Not Reported	29	317	Tumor free	795
diagnosis	phs000000_CDS1119	CDS-DX-465340	labor_ipse_voluptas	Gliomas	Not Reported	"Granulosa Cell Tumor, Malignant"	Oculus Uterque (Both Eyes)	506	G1	M1	N2c	T3b	8160/0	recurrence	Not Reported	621	643	Recurrence	350
diagnosis	phs000000_CDS1120	CDS-DX-856141	scientiae_cedit_mare	Squamous Cell Neoplasms	Alive	"Choroid Plexus Papilloma, NOS, Other CNS Embryonal Tumors, Pineoblastoma"	Urogenital	705	G1	M0	N0 (i+)	T2d	9220/3	metastasis	Unknown	511	534	Biochemical evidence of disease without structural correlate	191
diagnosis	phs000000_CDS1121	CDS-DX-407775	scientiae_et_patriae	Ductal and Lobular Neoplasms	Alive	"Glioblastoma, NOS, High-Grade Glioma, High-Grade Glioma, NOS Or NEC"	Oculus Dexter (Right Eye)	383	G1	M0	N2a	T4c	8200/0	metastasis	Yes	959	297	Metastasis	466
diagnosis	phs000000_CDS1122	CDS-DX-620158	a_bene_placito	"Soft Tissue Tumors and Sarcomas, NOS"	Dead	"Posterior Fossa Ependymoma, CNS WHO Grade 2"	Thigh	461	Unknown	M1b	N0 (mol+)	T4b	9734/3	no_disease	Unknown	576	269	Loco-regional recurrence/progression	387
diagnosis	phs000000_CDS1123	CDS-DX-822846	haec_olim_meminisse_iuvabit	Miscellaneous Tumors	Dead	"Teratoma, NOS"	Chest Wall	832	Unknown	M1c	N3c	T2	8020/6	no_disease	Unknown	723	910	Biochemical evidence of disease without structural correlate	520
diagnosis	phs000000_CDS1124	CDS-DX-281724	barba_crescit_caput_nescit	Transitional Cell Papillomas and Carcinomas	Dead	Non-Germinomatous Germ Cell Tumor	Cutaneous	676	GX	M1	N3a	T3b	8560/3	recurrence	Not Reported	772	157	Biochemical evidence of disease without structural correlate	509
diagnosis	phs000000_CDS1125	CDS-DX-469943	cacatum_non_est_pictum	Paragangliomas and Glomus Tumors	Not Reported	"Hepatocellular Carcinoma, NOS"	Frontal Cortex	106	G2	MX	Not Reported	T4d	9531/0	progression	No	224	684	Loco-regional recurrence/progression	318
diagnosis	phs000000_CDS1126	CDS-DX-731815	scientiae_cedit_mare	Odontogenic Tumors	Alive	Spindle Cell Rhabdomyosarcoma	Distant Lymph Nodes	349	Low Grade	M1	N1	T4e	9560/3	metastasis	No	83	404	No_disease	533
diagnosis	phs000000_CDS1127	CDS-DX-691023	scientia_et_sapientia	Blood Vessel Tumors	Dead	"Astrocytic Glioma, Histologically Low-Grade, Most Compatible With Pilocytic Astrocytoma"	Gallbladder	506	GX	MX	N2	T2b	8140/6	remission	Not Reported	735	374	Biochemical evidence of disease without structural correlate	449
diagnosis	phs000000_CDS1128	CDS-DX-316599	e_causa_ignota	Not Reported	Alive	Acute Myeloid Leukemia With Mutated CEBPA	Nasal Bone	801	Intermediate Grade	M1	N0 (i+)	T4	8850/0	progression	Not Allowed To Collect	162	529	Distant met recurrence/progression	300
diagnosis	phs000000_CDS1129	CDS-DX-244885	haec_olim_meminisse_iuvabit	Leukemias	Alive	"Papillary Thyroid Carcinoma, Classic Type"	Head and Neck	728	GB	M1b	N2c	T3a	9714/3	remission	Yes	381	192	Metastasis	766
diagnosis	phs000000_CDS1130	CDS-DX-975528	pace_tua	Nevi and Melanomas	Alive	"Giant Cell Tumor Of Soft Parts, NOS"	Hypopharynx	361	GB	M1	N3	T4b	8041/3	metastasis	Unknown	379	708	Primary	12
diagnosis	phs000000_CDS1131	CDS-DX-541663	id_quod_plerumque_accidit	Granular Cell Tumors and Alveolar Soft Part Sarcomas	Not Reported	Mitotically Active Glial/ Glioneuronal Neoplasm	Regional Lymph Nodes	652	G1	Not Reported	N2c	Tis (DCIS)	9523/3	primary	Yes	854	683	No_disease	334
diagnosis	phs000000_CDS1132	CDS-DX-109380	O_Tite_tute_Tati_tibi_tanta_tyranne_tulisti	Myomatous Neoplasms	Unknown	"Glioma, Malignant, Low-Grade Glioma, Low-Grade Glioma, NOS Or NEC"	Trunk - Paraspinal	386	G2	Unknown	N3a	T2d	8390/3	progression	No	873	997	No_disease	475
diagnosis	phs000000_CDS1133	CDS-DX-176530	haec_olim_meminisse_iuvabit	"Epithelial Neoplasms, NOS"	Alive	"Papillary Urothelial Carcinoma, Non-Invasive"	Ureter	334	G1	M1a	N1c	T3c	9863/3	remission	Not Reported	954	854	Biochemical evidence of disease without structural correlate	300
diagnosis	phs000000_CDS1134	CDS-DX-105555	e_causa_ignota	Trophoblastic neoplasms	Dead	Renal Cell Carcinoma	Suprasellar Pituitary	725	GB	Not Reported	N1a	T1c	9086/3	recurrence	Not Reported	680	722	Primary	485
diagnosis	phs000000_CDS1135	CDS-DX-574780	pace_tua	Neuroepitheliomatous Neoplasms	Dead	"Leydig Cell Tumor, Benign"	Thorax	513	Intermediate Grade	MX	N1	T1	8408/3	progression	Not Reported	181	644	Metastasis	715
diagnosis	phs000000_CDS1136	CDS-DX-547515	salus_in_arduis	Acinar Cell Neoplasms	Unknown	Signet Ring Cell Carcinoma	Cervical Spine	58	Intermediate Grade	M1	N1a	T2a	8461/0	recurrence	Not Allowed To Collect	853	661	Metastasis	996
diagnosis	phs000000_CDS1137	CDS-DX-298399	Obedientia_civium_urbis_felicitas	Complex Mixed and Stromal Neoplasms	Dead	Gliosarcoma	Choroid	567	G4	M0	NX	T3a	Unknown	no_disease	Not Allowed To Collect	601	855	No_disease	612
diagnosis	phs000000_CDS1138	CDS-DX-475228	pace_tua	"Epithelial Neoplasms, NOS"	Dead	Acute Myeloid Leukemia With Mutated CEBPA	Waldeyer's Ring	281	G2	M1a	N3a	T4b	8380/3	recurrence	Unknown	184	35	Loco-regional recurrence/progression	957
diagnosis	phs000000_CDS1139	CDS-DX-903966	salus_in_arduis	Paragangliomas and Glomus Tumors	Not Reported	Ossifying Fibroma	Pelvis/Sacrum	281	G3	cM0 (i+)	N1	T1b2	8332/3	remission	Unknown	415	187	Distant met recurrence/progression	235
diagnosis	phs000000_CDS1140	CDS-DX-810852	faber_est_suae_quisque_fortunae	Miscellaneous Tumors	Dead	"Favor Posterior Fossa Ependymoma, WHO GRADE 3"	Hand Joint	14	GX	M1	N4	T1b2	8035/3	primary	Not Reported	911	540	No_disease	582
diagnosis	phs000000_CDS1141	CDS-DX-710531	scientia_et_labor	Paragangliomas and Glomus Tumors	Not Reported	"Germinoma, CNS Germ Cell Tumors, CNS Non-Germinomatous Germ Cell Tumor"	Larynx	951	High Grade	Not Reported	N4	T1a	8280/3	no_disease	Not Reported	600	405	No_disease	244
diagnosis	phs000000_CDS1142	CDS-DX-255497	cacatum_non_est_pictum	Not Reported	Unknown	Arteriovenous Malformation	Ear - Lateral Skull Base and Nasopharynx	430	G2	M1c	Unknown	T4c	8760/0	remission	Unknown	904	264	Metastasis	586
diagnosis	phs000000_CDS1143	CDS-DX-296682	scientia_et_labor	Unknown	Alive	"Schwannoma, NOS, Other"	Axilla	881	GB	M1	N2a	T4b	8681/1	remission	Not Allowed To Collect	611	150	Biochemical evidence of disease without structural correlate	482
diagnosis	phs000000_CDS1144	CDS-DX-756326	a_bene_placito	Synovial-like Neoplasms	Unknown	Not Specified In Data	Pleural Effusion	872	High Grade	Unknown	N1	T4d	8940/0	recurrence	Yes	829	186	No_disease	441
diagnosis	phs000000_CDS1145	CDS-DX-901185	nascentes_morimur_finisque_ab_origine_pendet	Blood Vessel Tumors	Alive	"Clear Cell Adenocarcinoma, NOS"	Spinal Cord	987	Unknown	MX	N3	T1	8982/0	primary	Not Reported	294	863	Progression	602
diagnosis	phs000000_CDS1146	CDS-DX-626159	saltus_in_demonstrando	"Neoplasms, NOS"	Not Reported	"Small Cell Carcinoma, NOS"	Nasal Cavity	187	GB	MX	N2b	T4d	8800/6	metastasis	Not Allowed To Collect	854	953	Remission	567
diagnosis	phs000000_CDS1147	CDS-DX-267604	scientiae_et_patriae	Giant Cell Tumors	Unknown	Synovial Sarcoma	"Soft Tissue, NOS"	970	G4	MX	N1bII	T1b2	8936/1	no_disease	No	795	64	No_disease	278
diagnosis	phs000000_CDS1148	CDS-DX-536956	nascentes_morimur_finisque_ab_origine_pendet	Myomatous Neoplasms	Dead	"Atypical Teratoid-Rhabdoid Tumor, WHO Grade 4"	Colon	251	G3	M1	N0 (i-)	Tis (LCIS)	8407/0	recurrence	Not Reported	321	602	Primary	646
diagnosis	phs000000_CDS1149	CDS-DX-461091	haec_olim_meminisse_iuvabit	Miscellaneous Bone Tumors	Not Reported	Ductal Carcinoma NOS	Splenic Hilar Nodes	24	High Grade	M1a	N1bIII	T3b	8513/3	recurrence	Unknown	554	611	Tumor free	322
diagnosis	phs000000_CDS1150	CDS-DX-205098	imperium_in_imperio	Plasma Cell Neoplasm	Dead	"Neoplasm, NOS"	"Soft Tissue, NOS"	794	GX	Unknown	N0 (i+)	T1	9814/3	recurrence	Not Allowed To Collect	791	775	Metastasis	71
diagnosis	phs000000_CDS1151	CDS-DX-118006	O_Tite_tute_Tati_tibi_tanta_tyranne_tulisti	Lymphatic Vessel Tumors	Not Reported	Myelodysplastic Syndrome With Single Lineage Dysplasia	Sphenoid Bone	989	Unknown	Not Reported	N1	T4e	9360/1	primary	Unknown	785	156	Distant met recurrence/progression	311
diagnosis	phs000000_CDS1152	CDS-DX-781471	cacatum_non_est_pictum	Basal Cell Neoplasms	Alive	"Medulloblastoma, SHH-Activated And TP53-Wildtype"	Lymphatic Basin	26	GX	cM0 (i+)	Unknown	T1a	8241/3	no_disease	No	525	705	No_disease	938
diagnosis	phs000000_CDS1153	CDS-DX-697141	saltus_in_demonstrando	Germ Cell Neoplasms	Dead	"Diffuse Large B-Cell Lymphoma, NOS"	Abdomen	364	Intermediate Grade	Unknown	N3b	T4a	9042/3	primary	Not Reported	728	114	Remission	987
diagnosis	phs000000_CDS1154	CDS-DX-494406	faber_est_suae_quisque_fortunae	Leukemias	Alive	Brain Tumor	Celiac Nodes	129	G2	Not Reported	N2b	T4	8430/3	recurrence	No	459	802	Distant met recurrence/progression	240
diagnosis	phs000000_CDS1155	CDS-DX-133572	sapiens_qui_prospicit	Lymphatic Vessel Tumors	Unknown	"Choroid Plexus Papilloma, NOS, Choroid Plexus Tumors"	Thoracic Spinal Cord	464	GB	Unknown	Not Reported	T2d	8743/3	recurrence	Not Reported	500	148	Metastasis	170
diagnosis	phs000000_CDS1156	CDS-DX-484708	pace_tua	Lymphatic Vessel Tumors	Alive	Ependymoma WHO Grade 2	Trachea	820	GX	M1b	N0 (i-)	Tis (DCIS)	9807/3	primary	Not Reported	172	945	Distant met recurrence/progression	958
diagnosis	phs000000_CDS1157	CDS-DX-248186	Macte_animo_Generose_puer_sic_itur_ad_astra	Germ Cell Neoplasms	Dead	Alveolar Soft Part Sarcoma	Lumbar Vertebra	98	GB	M0	N0 (mol+)	Tis	8272/0	progression	No	741	879	Metastasis	995
diagnosis	phs000000_CDS1158	CDS-DX-750333	scientia_et_labor	Granular Cell Tumors and Alveolar Soft Part Sarcomas	Alive	Myofibromatosis	Orbit	652	G1	M1a	N2b	T3b	8967/0	progression	Yes	794	229	Tumor free	230
diagnosis	phs000000_CDS1159	CDS-DX-441117	scientia_et_sapientia	Meningiomas	Alive	"Sex Cord-Gonadal Stromal Tumor, Incompletely Differentiated"	Female Reproductive System Part	448	G3	M1c	N1c	T4e	8343/2	progression	Not Reported	985	927	Metastasis	610
diagnosis	phs000000_CDS1160	CDS-DX-939257	barba_crescit_caput_nescit	"Neoplasms, NOS"	Alive	"Burkitt Lymphoma, NOS"	Viscera	520	GX	Unknown	N2b	T4c	8336/0	progression	Not Reported	843	863	No_disease	163
diagnosis	phs000000_CDS1161	CDS-DX-266688	scientia_et_sapientia	Meningiomas	Not Reported	Myxopapillary Ependymoma (CNS WHO Grade II)	Parietal Cortex	968	High Grade	M1	N1bIII	Unknown	9090/3	no_disease	No	741	522	Loco-regional recurrence/progression	973
diagnosis	phs000000_CDS1162	CDS-DX-734388	nascentes_morimur_finisque_ab_origine_pendet	Myelodysplastic Syndromes	Dead	Cholangiocarcinoma	Pelvis/Sacrum	148	Not Reported	Not Reported	N4	T3	8771/3	remission	Not Reported	52	595	Remission	828
diagnosis	phs000000_CDS1163	CDS-DX-749561	salus_in_arduis	Complex Mixed and Stromal Neoplasms	Alive	"Rhabdomyosarcoma, Most Likely An Embryonal Carcinoma"	Adjacent Organ	495	Not Reported	M1b	N2	T2b	8633/1	remission	No	783	883	No_disease	231
diagnosis	phs000000_CDS1164	CDS-DX-644212	saltus_in_demonstrando	Meningiomas	Not Reported	Ependymoma (CNS WHO Grade 3)	Vagina	962	Low Grade	M1c	N0	T4	8981/3	progression	Not Reported	583	134	Progression	570
diagnosis	phs000000_CDS1165	CDS-DX-594196	faber_est_suae_quisque_fortunae	Mesothelial Neoplasms	Unknown	"Pleomorphic Xanthoastrocytoma, NOS, Low-Grade Glioma"	Penis	273	G4	M1	N1c	T1b2	8012/3	progression	Not Reported	43	27	Recurrence	324
diagnosis	phs000000_CDS1166	CDS-DX-120635	Macte_animo_Generose_puer_sic_itur_ad_astra	Acinar Cell Neoplasms	Not Reported	"Adamantinomatous Craniopharyngioma, WHO Grade 1"	Kidney	566	Unknown	M0	N1b	Tis (DCIS)	9832/3	metastasis	Not Reported	868	477	Remission	194
diagnosis	phs000000_CDS1167	CDS-DX-163542	nascentes_morimur_finisque_ab_origine_pendet	Giant Cell Tumors	Alive	"Medulloblastoma, Classic Histology"	Skull and Face Bone	209	Not Reported	M1	N2c	T1c	8966/0	metastasis	Not Reported	484	637	Recurrence	907
diagnosis	phs000000_CDS1168	CDS-DX-453242	"scientia,_aere_perennius"	Lymphatic Vessel Tumors	Alive	Pleomorphic Liposarcoma	Foot Joint	664	Low Grade	M1b	N1	T3	9450/3	remission	Yes	311	659	Remission	658
diagnosis	phs000000_CDS1169	CDS-DX-434402	nanos_gigantum_humeris_insidentes	Squamous Cell Neoplasms	Dead	"Acral Lentiginous Melanoma, Malignant"	Superior Maxilla	27	G3	M0	N3	Not Reported	9400/3	progression	Not Allowed To Collect	21	275	Tumor free	898
diagnosis	phs000000_CDS1170	CDS-DX-475556	saltus_in_demonstrando	Fibromatous Neoplasms	Dead	"Medullary Carcinoma, NOS"	Pleural Effusion	989	G3	cM0 (i+)	Unknown	T2d	8103/0	metastasis	No	895	597	Progression	173
diagnosis	phs000000_CDS1171	CDS-DX-405084	O_Tite_tute_Tati_tibi_tanta_tyranne_tulisti	Mucoepidermoid Neoplasms	Alive	Malignant Tumor	Metacarpals	850	GB	MX	N1a	T3	9570/0	remission	Yes	355	824	Loco-regional recurrence/progression	457
diagnosis	phs000000_CDS1172	CDS-DX-876565	Obedientia_civium_urbis_felicitas	Adnexal and Skin Appendage Neoplasms	Alive	Merkel Cell Tumor	Medulla	264	Low Grade	cM0 (i+)	N2c	T4	9651/3	remission	No	51	871	Biochemical evidence of disease without structural correlate	983
diagnosis	phs000000_CDS1173	CDS-DX-628794	Obedientia_civium_urbis_felicitas	Blood Vessel Tumors	Dead	Pleomorphic Sarcoma	Oral Cavity	843	G3	M1c	N0 (i-)	T2c	9184/3	metastasis	Unknown	986	259	Tumor free	277
diagnosis	phs000000_CDS1174	CDS-DX-885599	Macte_animo_Generose_puer_sic_itur_ad_astra	Plasma Cell Neoplasm	Dead	Mitotically Active Glial/ Glioneuronal Neoplasm	Central Nervous System	937	Unknown	M1c	N2c	T4a	8571/3	no_disease	No	207	424	Recurrence	998
diagnosis	phs000000_CDS1175	CDS-DX-559862	Obedientia_civium_urbis_felicitas	Mesothelial Neoplasms	Unknown	"Astrocytoma, IDH-Mutant, WHO Grade 2"	Fourth Ventricle	89	GB	Not Reported	N2a	T2	9767/1	primary	Not Reported	920	853	No_disease	879
diagnosis	phs000000_CDS1176	CDS-DX-958709	salus_in_arduis	Nevi and Melanomas	Dead	Infiltrating Ductal Carcinoma	Intraspinal	513	Intermediate Grade	M1	N1a	T1a	8044/3	metastasis	Not Allowed To Collect	312	722	Recurrence	104
diagnosis	phs000000_CDS1177	CDS-DX-966695	damnant_quod_non_intellegunt	Not Reported	Alive	"Glioblastoma, NOS"	Scapula/Clavicle	307	GX	M1	N3a	TX	9971/3	recurrence	No	838	150	No_disease	919
diagnosis	phs000000_CDS1178	CDS-DX-969062	Gallia_est_omnis_divisa_in_partes_tres	Trophoblastic neoplasms	Dead	"Neoplasm, Malignant, High-Grade Glioma, High-Grade Glioma, NOS Or NEC"	Ethmoid Bone	654	GX	M1c	N4	T4c	8272/3	progression	Not Reported	497	999	Metastasis	90
diagnosis	phs000000_CDS1179	CDS-DX-661197	pace_tua	Thymic Epithelial Neoplasms	Alive	"Dysembryoplastic Neuroepithelial Tumor With Adjacent Cortical Dysplasia, WHO Grade 1"	Abdomen	185	Low Grade	M1a	NX	T2a	8204/0	progression	Unknown	127	401	Primary	903
diagnosis	phs000000_CDS1180	CDS-DX-606069	O_Tite_tute_Tati_tibi_tanta_tyranne_tulisti	Blood Vessel Tumors	Unknown	"Neoplasm, Uncertain Whether Benign Or Malignant, Low-Grade Glioma, Low-Grade Glioma, NOS Or NEC"	Gallbladder	388	Intermediate Grade	M1b	NX	T2b	8323/0	no_disease	Not Allowed To Collect	480	935	Biochemical evidence of disease without structural correlate	16
diagnosis	phs000000_CDS1181	CDS-DX-517494	a_bene_placito	Blood Vessel Tumors	Unknown	Undifferentiated Leukaemia	Rib	90	High Grade	Not Reported	N3c	T4	8521/3	no_disease	Not Allowed To Collect	856	118	Primary	788
diagnosis	phs000000_CDS1182	CDS-DX-224108	damnant_quod_non_intellegunt	Adenomas and Adenocarcinomas	Unknown	"Ependymoma, NOS"	Skin	492	GX	Unknown	NX	T3d	9477/3	progression	Not Allowed To Collect	950	356	Remission	685
diagnosis	phs000000_CDS1183	CDS-DX-715443	O_Tite_tute_Tati_tibi_tanta_tyranne_tulisti	Mast Cell Neoplasm	Unknown	"Rhabdomyosarcoma, NOS"	Uterus	834	Intermediate Grade	cM0 (i+)	Not Reported	T2a	8815/3	remission	Not Reported	81	836	Remission	94
diagnosis	phs000000_CDS1184	CDS-DX-429146	Gallia_est_omnis_divisa_in_partes_tres	"Cystic, Mucinous and Serous Neoplasms"	Not Reported	Myelodysplastic Syndrome With Single Lineage Dysplasia	Dorsal Spine	34	Unknown	Not Reported	Unknown	T1c	8804/3	progression	Unknown	77	871	Remission	252
diagnosis	phs000000_CDS1185	CDS-DX-499600	a_bene_placito	Squamous Cell Neoplasms	Dead	"Diffuse Midline Glioma, H3 K27-Altered"	Bladder	281	G4	cM0 (i+)	N2a	T1a2	8122/3	remission	No	736	829	Tumor free	642
diagnosis	phs000000_CDS1186	CDS-DX-267836	nascentes_morimur_finisque_ab_origine_pendet	Acinar Cell Neoplasms	Alive	Proliferative Dermal Lesion In Congenital Nevus	Nasopharynx	948	Unknown	M0	N4	Ta	9450/3	no_disease	Not Allowed To Collect	252	228	Primary	561
diagnosis	phs000000_CDS1187	CDS-DX-309787	scientia_et_sapientia	Mesothelial Neoplasms	Dead	"Malignant Lymphoma, NOS"	Other	112	Not Reported	Unknown	N1bIV	Unknown	9070/3	progression	Unknown	682	941	Metastasis	924
diagnosis	phs000000_CDS1188	CDS-DX-188754	pace_tua	Gliomas	Not Reported	"Ganglioglioma, NOS"	Pleura	607	Not Reported	M1c	N3b	T2a2	9695/3	recurrence	Unknown	293	785	No_disease	672
diagnosis	phs000000_CDS1189	CDS-DX-239431	faber_est_suae_quisque_fortunae	"Neoplasms, NOS"	Dead	Primary Cutaneous CD30 Positive T-Cell Lymphoproliferative Disorder	Sternum/Chest Wall	502	G1	Not Reported	N3b	T4d	9072/3	remission	Yes	814	586	Primary	948
diagnosis	phs000000_CDS1190	CDS-DX-731895	O_Tite_tute_Tati_tibi_tanta_tyranne_tulisti	Mesothelial Neoplasms	Dead	Fibroma	Metacarpals	211	Low Grade	M1a	N0 (i+)	T4c	8812/3	remission	Yes	157	116	Metastasis	396
diagnosis	phs000000_CDS1191	CDS-DX-455595	scientia_et_sapientia	Neuroepitheliomatous Neoplasms	Not Reported	Gliomatosis Cerebri	Clavicle	861	Low Grade	cM0 (i+)	N1	Unknown	8507/2	remission	Yes	370	82	Progression	280
diagnosis	phs000000_CDS1192	CDS-DX-883259	nascentes_morimur_finisque_ab_origine_pendet	Granular Cell Tumors and Alveolar Soft Part Sarcomas	Alive	Not Specified In Data	Thymus	93	Unknown	cM0 (i+)	Not Reported	T0	8742/3	no_disease	Not Allowed To Collect	30	804	Primary	766
diagnosis	phs000000_CDS1193	CDS-DX-991957	labor_ipse_voluptas	Thymic Epithelial Neoplasms	Dead	"Acute Myeloid Leukemia, NOS, Myeloproliferative Neoplasm, Unclassifiable"	Tibia	329	G2	Not Reported	Not Reported	Tis (DCIS)	8334/0	remission	No	882	141	Loco-regional recurrence/progression	331
diagnosis	phs000000_CDS1194	CDS-DX-863777	Obedientia_civium_urbis_felicitas	Basal Cell Neoplasms	Not Reported	"Oligoastrocytoma, NOS, Other, Other CNS Tumor, NOS Or NEC"	Shoulder	804	G4	M1b	N1bI	T1b2	9542/3	recurrence	No	789	148	Tumor free	482
diagnosis	phs000000_CDS1195	CDS-DX-972680	e_causa_ignota	Immunoproliferative Diseases	Unknown	Appearances Consistent With Alveolar Soft Part Sarcoma	Paraspinal	590	Low Grade	Unknown	N0 (mol+)	T1b	8853/3	metastasis	Yes	651	216	Tumor free	297
diagnosis	phs000000_CDS1196	CDS-DX-789993	damnant_quod_non_intellegunt	Ductal and Lobular Neoplasms	Alive	Arteriovenous Malformation	Humerus	738	High Grade	M1a	N3b	T3c	9725/3	metastasis	Yes	905	231	Loco-regional recurrence/progression	644
diagnosis	phs000000_CDS1197	CDS-DX-673950	O_Tite_tute_Tati_tibi_tanta_tyranne_tulisti	Fibromatous Neoplasms	Not Reported	"CNS Embryonal Tumor, NOS, CNS Embryonal Tumor, NOS Or NEC, Other CNS Embryonal Tumors"	Liver	281	G2	Not Reported	Unknown	TX	9753/1	primary	Yes	693	163	Recurrence	314
diagnosis	phs000000_CDS1198	CDS-DX-853045	sapiens_qui_prospicit	Mast Cell Neoplasm	Dead	Myoepithelial Carcinoma	Testis	204	High Grade	MX	N2a	T1	8623/1	recurrence	Not Allowed To Collect	43	467	Biochemical evidence of disease without structural correlate	981
diagnosis	phs000000_CDS1199	CDS-DX-540625	haec_olim_meminisse_iuvabit	Myomatous Neoplasms	Dead	"Ossifying Fibromyxoid Tumor, NOS"	Appendix	35	High Grade	cM0 (i+)	N1bIV	T4	8230/2	remission	Not Reported	830	868	Loco-regional recurrence/progression	49
diagnosis	phs000000_CDS1200	CDS-DX-581761	id_quod_plerumque_accidit	Squamous Cell Neoplasms	Unknown	Desmoplastic Fibroma	Fibula Head	156	High Grade	cM0 (i+)	N1c	T0	9984/3	recurrence	Unknown	598	528	Tumor free	185