type	participant.study_participant_id	treatment_id	treatment_type	treatment_outcome	days_to_treatment	therapeutic_agents	response
treatment	phs000000_CDS1001	CDS-TREATMENT-513078	External Beam Radiation Therapy	Non-Response	717	Tezacitabine	saltus_in_demonstrando
treatment	phs000000_CDS1002	CDS-TREATMENT-242178	Proton Beam Radiation Therapy	Partial Response	354	FLT3 Inhibitor SKI-G-801	id_quod_plerumque_accidit
treatment	phs000000_CDS1003	CDS-TREATMENT-548237	Radiation Therapy	Not Evaluable	884	Anti-IL-15 Monoclonal Antibody AMG 714	Macte_animo_Generose_puer_sic_itur_ad_astra
treatment	phs000000_CDS1004	CDS-TREATMENT-470217	Stem Cell Transplant	No Evidence of Disease	672	AEE788	scientiae_cedit_mare
treatment	phs000000_CDS1005	CDS-TREATMENT-210108	High-Dose Rate Brachytherapy	Not Applicable	151	Fulvestrant	"scientia,_aere_perennius"
treatment	phs000000_CDS1006	CDS-TREATMENT-329618	Radiation Therapy	No Evidence of Disease	376	Triamcinolone Hexacetonide	barba_crescit_caput_nescit
treatment	phs000000_CDS1007	CDS-TREATMENT-211474	Immunotherapy	Not Applicable	112	Carotuximab	id_quod_plerumque_accidit
treatment	phs000000_CDS1008	CDS-TREATMENT-769131	Immunotherapy	Progressive Disease	496	Methoxsalen	labor_ipse_voluptas
treatment	phs000000_CDS1009	CDS-TREATMENT-773677	Chemotherapy	Not Applicable	10	Mitomycin	saltus_in_demonstrando
treatment	phs000000_CDS1010	CDS-TREATMENT-985104	Unknown	Not Done	911	Upifitamab	nascentes_morimur_finisque_ab_origine_pendet
treatment	phs000000_CDS1011	CDS-TREATMENT-873930	Stereotactic Body Radiation Therapy	Stable Disease	659	MYC-targeting siRNA DCR-MYC	sapiens_qui_prospicit
treatment	phs000000_CDS1012	CDS-TREATMENT-738099	3-Dimensional Conformal Radiation Therapy	Very Good Partial Response	864	Mirzotamab Clezutoclax	salus_in_arduis
treatment	phs000000_CDS1013	CDS-TREATMENT-364697	Radiofrequency Ablation	Not Reported	200	PI3K/mTOR Kinase Inhibitor DS-7423	nascentes_morimur_finisque_ab_origine_pendet
treatment	phs000000_CDS1014	CDS-TREATMENT-288340	Stem Cell Transplant	Minor Response	841	Docetaxel Polymeric Micelles	salus_in_arduis
treatment	phs000000_CDS1015	CDS-TREATMENT-993387	Proton Beam Radiation Therapy	Not Reported	61	DNA-PK/PI3K-delta Inhibitor BR101801	scientia_et_sapientia
treatment	phs000000_CDS1016	CDS-TREATMENT-165004	Allogeneic Hematopoietic Stem Cell Transplantation	Not Evaluable	134	Temarotene	damnant_quod_non_intellegunt
treatment	phs000000_CDS1017	CDS-TREATMENT-544149	Electron Beam Radiation Therapy	No Evidence of Disease	666	Aerosolized Aldesleukin	O_Tite_tute_Tati_tibi_tanta_tyranne_tulisti
treatment	phs000000_CDS1018	CDS-TREATMENT-644368	High-Dose Rate Brachytherapy	Unknown	124	Anti-PSMA/CD3 Monoclonal Antibody MOR209/ES414	imperium_in_imperio
treatment	phs000000_CDS1019	CDS-TREATMENT-389360	Not Reported	Not Done	837	BET Inhibitor INCB054329	faber_est_suae_quisque_fortunae
treatment	phs000000_CDS1020	CDS-TREATMENT-762960	Autologous Stem Cell Transplantation	Very Good Partial Response	662	Anti-CTLA-4 Probody BMS-986288	damnant_quod_non_intellegunt
treatment	phs000000_CDS1021	CDS-TREATMENT-119363	Photon Beam Radiation Therapy	Not Done	103	Dalotuzumab	damnant_quod_non_intellegunt
treatment	phs000000_CDS1022	CDS-TREATMENT-939510	External Beam Radiation Therapy	Stable Disease	603	ATM Kinase Inhibitor AZD1390	barba_crescit_caput_nescit
treatment	phs000000_CDS1023	CDS-TREATMENT-680685	Not Reported	No Evidence of Disease	567	Anhydrovinblastine	scientiae_et_patriae
treatment	phs000000_CDS1024	CDS-TREATMENT-137970	Concurrent Chemoradiation	Progressive Disease	858	Teglarinad Chloride	Macte_animo_Generose_puer_sic_itur_ad_astra
treatment	phs000000_CDS1025	CDS-TREATMENT-862647	Pharmacotherapy	Not Evaluable	163	Vactosertib	labor_ipse_voluptas
treatment	phs000000_CDS1026	CDS-TREATMENT-900644	Low-Dose Rate Brachytherapy	Mixed Response	491	Niraparib Tosylate Monohydrate	Macte_animo_Generose_puer_sic_itur_ad_astra
treatment	phs000000_CDS1027	CDS-TREATMENT-571126	Brachytherapy	Not Evaluable	508	mRNA-derived KRAS-targeted Vaccine V941	nascentes_morimur_finisque_ab_origine_pendet
treatment	phs000000_CDS1028	CDS-TREATMENT-156948	Cellular Therapy	Complete Remission	895	CD123-specific Targeting Module TM123	sapiens_qui_prospicit
treatment	phs000000_CDS1029	CDS-TREATMENT-618269	Targeted Molecular Therapy	Very Good Partial Response	98	Anti-LAG-3/PD-L1 Bispecific Antibody FS118	saltus_in_demonstrando
treatment	phs000000_CDS1030	CDS-TREATMENT-507132	Conventional Radiotherapy	Progressive Disease	215	Indole-3-Carbinol	barba_crescit_caput_nescit
treatment	phs000000_CDS1031	CDS-TREATMENT-945087	Proton Beam Radiation Therapy	Not Evaluable	502	Human MOAB LICO 28a32	"scientia,_aere_perennius"
treatment	phs000000_CDS1032	CDS-TREATMENT-879360	Autologous Stem Cell Transplantation	Non-Response	788	Anti-MUC17/CD3 BiTE Antibody AMG 199	faber_est_suae_quisque_fortunae
treatment	phs000000_CDS1033	CDS-TREATMENT-463004	Intensity-Modulated Radiation Therapy	Non-Response	924	PI3K-delta Inhibitor SHC014748M	imperium_in_imperio
treatment	phs000000_CDS1034	CDS-TREATMENT-727607	Concurrent Chemoradiation	Unknown	706	Autologous Anti-FLT3 CAR T Cells AMG 553	salus_in_arduis
treatment	phs000000_CDS1035	CDS-TREATMENT-529889	Unknown	Unknown	497	Chloroquinoxaline Sulfonamide	sapiens_qui_prospicit
treatment	phs000000_CDS1036	CDS-TREATMENT-796512	Stem Cell Transplant	No Evidence of Disease	69	Anti-CD30 Monoclonal Antibody XmAb2513	salus_in_arduis
treatment	phs000000_CDS1037	CDS-TREATMENT-283734	Unknown	Mixed Response	99	Sasanlimab	labor_ipse_voluptas
treatment	phs000000_CDS1038	CDS-TREATMENT-383248	Radiopharmaceutical	Minor Response	786	RET/SRC Inhibitor TPX-0046	salus_in_arduis
treatment	phs000000_CDS1039	CDS-TREATMENT-590995	Conventional Radiotherapy	Very Good Partial Response	279	Neoantigen-based Glioblastoma Vaccine	Macte_animo_Generose_puer_sic_itur_ad_astra
treatment	phs000000_CDS1040	CDS-TREATMENT-277910	Immunotherapy	Not Evaluable	612	APE1/Ref-1 Redox Inhibitor APX3330	scientiae_cedit_mare
treatment	phs000000_CDS1041	CDS-TREATMENT-141118	Stereotactic Radiosurgery	Non-Response	340	Aurora Kinase Inhibitor TTP607	labor_ipse_voluptas
treatment	phs000000_CDS1042	CDS-TREATMENT-639179	External Beam Radiation Therapy	Mixed Response	957	Monoclonal Antibody E2.3	id_quod_plerumque_accidit
treatment	phs000000_CDS1043	CDS-TREATMENT-755650	High-Dose Rate Brachytherapy	Not Done	211	DR5-targeting Tetrameric Nanobody Agonist TAS266	sapiens_qui_prospicit
treatment	phs000000_CDS1044	CDS-TREATMENT-131424	Photon Beam Radiation Therapy	Very Good Partial Response	988	Thorium Th 227 Anti-PSMA Monoclonal Antibody BAY 2315497	scientia_et_labor
treatment	phs000000_CDS1045	CDS-TREATMENT-362028	Targeted Molecular Therapy	Not Applicable	992	Pan-TRK Inhibitor NOV1601	salus_in_arduis
treatment	phs000000_CDS1046	CDS-TREATMENT-290218	Pharmacotherapy	Not Evaluable	152	ITK Inhibitor CPI-818	scientiae_cedit_mare
treatment	phs000000_CDS1047	CDS-TREATMENT-709102	Pharmacotherapy	Not Done	737	Anti-Tissue Factor Monoclonal Antibody MORAb-066	scientia_et_labor
treatment	phs000000_CDS1048	CDS-TREATMENT-961633	Allogeneic Hematopoietic Stem Cell Transplantation	No Evidence of Disease	417	Metformin	salus_in_arduis
treatment	phs000000_CDS1049	CDS-TREATMENT-901216	Targeted Molecular Therapy	Mixed Response	447	Fluzoparib	O_Tite_tute_Tati_tibi_tanta_tyranne_tulisti
treatment	phs000000_CDS1050	CDS-TREATMENT-918671	Unknown	No Evidence of Disease	206	Mitosis Inhibitor T 1101 Tosylate	pace_tua
treatment	phs000000_CDS1051	CDS-TREATMENT-468427	Not Reported	Not Applicable	37	SHP2 Inhibitor RMC-4630	scientia_et_sapientia
treatment	phs000000_CDS1052	CDS-TREATMENT-567009	Concurrent Chemoradiation	Unknown	902	Adenovirus 5/F35-Human Guanylyl Cyclase C-PADRE	Obedientia_civium_urbis_felicitas
treatment	phs000000_CDS1053	CDS-TREATMENT-330026	External Beam Radiation Therapy	Partial Response	102	Licorice	sapiens_qui_prospicit
treatment	phs000000_CDS1054	CDS-TREATMENT-206015	Conventional Radiotherapy	Unknown	108	Arsenic Trioxide Capsule Formulation ORH 2014	Gallia_est_omnis_divisa_in_partes_tres
treatment	phs000000_CDS1055	CDS-TREATMENT-385165	Stem Cell Transplant	Not Done	263	Archexin	sapiens_qui_prospicit
treatment	phs000000_CDS1056	CDS-TREATMENT-408047	Proton Beam Radiation Therapy	Non-Response	724	Crenolanib Besylate	scientia_imperii_decus_et_tutamen
treatment	phs000000_CDS1057	CDS-TREATMENT-552822	Radiopharmaceutical	Complete Remission	354	Pepinemab	nanos_gigantum_humeris_insidentes
treatment	phs000000_CDS1058	CDS-TREATMENT-380450	Radiofrequency Ablation	Minor Response	518	mTOR Inhibitor GDC-0349	barba_crescit_caput_nescit
treatment	phs000000_CDS1059	CDS-TREATMENT-298156	Not Reported	Partial Response	979	Foslinanib Disodium	labor_ipse_voluptas
treatment	phs000000_CDS1060	CDS-TREATMENT-102294	Stereotactic Radiosurgery	Very Good Partial Response	343	Multi-AGC Kinase Inhibitor AT13148	Gallia_est_omnis_divisa_in_partes_tres
treatment	phs000000_CDS1061	CDS-TREATMENT-772559	Intensity-Modulated Radiation Therapy	Non-Response	140	Yttrium Y 90-DOTA-Biotin	pace_tua
treatment	phs000000_CDS1062	CDS-TREATMENT-709860	Concurrent Chemoradiation	Very Good Partial Response	777	Rubitecan	haec_olim_meminisse_iuvabit
treatment	phs000000_CDS1063	CDS-TREATMENT-713794	Stereotactic Radiosurgery	Stable Disease	128	Phenethyl Isothiocyanate	haec_olim_meminisse_iuvabit
treatment	phs000000_CDS1064	CDS-TREATMENT-743801	Conventional Radiotherapy	Not Evaluable	682	Navy Bean Powder	faber_est_suae_quisque_fortunae
treatment	phs000000_CDS1065	CDS-TREATMENT-552662	Photon Beam Radiation Therapy	Complete Remission	929	PBN Derivative OKN-007	labor_ipse_voluptas
treatment	phs000000_CDS1066	CDS-TREATMENT-454077	Stereotactic Radiosurgery	Complete Remission	923	Phenethyl Isothiocyanate	labor_ipse_voluptas
treatment	phs000000_CDS1067	CDS-TREATMENT-422613	External Beam Radiation Therapy	Minor Response	880	Tisagenlecleucel	nanos_gigantum_humeris_insidentes
treatment	phs000000_CDS1068	CDS-TREATMENT-260727	Photon Beam Radiation Therapy	Not Reported	19	Recombinant MAGE-3.1 Antigen	pace_tua
treatment	phs000000_CDS1069	CDS-TREATMENT-429462	Allogeneic Hematopoietic Stem Cell Transplantation	No Evidence of Disease	737	Mitazalimab	scientia_et_sapientia
treatment	phs000000_CDS1070	CDS-TREATMENT-436546	Brachytherapy	Partial Response	198	Monoclonal Antibody L6	imperium_in_imperio
treatment	phs000000_CDS1071	CDS-TREATMENT-529491	Proton Beam Radiation Therapy	Unknown	707	Taladegib	Obedientia_civium_urbis_felicitas
treatment	phs000000_CDS1072	CDS-TREATMENT-412828	External Beam Radiation Therapy	Non-Response	642	PKC-beta Inhibitor MS-553	scientia_imperii_decus_et_tutamen
treatment	phs000000_CDS1073	CDS-TREATMENT-336806	Pharmacotherapy	Progressive Disease	348	Yttrium Y-90 Ibritumomab Tiuxetan	e_causa_ignota
treatment	phs000000_CDS1074	CDS-TREATMENT-647836	External Beam Radiation Therapy	Not Done	109	Yttrium Y 90-labeled Anti-FZD10 Monoclonal Antibody OTSA101	saltus_in_demonstrando
treatment	phs000000_CDS1075	CDS-TREATMENT-184332	Brachytherapy	Very Good Partial Response	659	Anti-ICOS Monoclonal Antibody MEDI-570	nanos_gigantum_humeris_insidentes
treatment	phs000000_CDS1076	CDS-TREATMENT-806929	Pharmacotherapy	Stable Disease	82	Gemcitabine-Releasing Intravesical System	pace_tua
treatment	phs000000_CDS1077	CDS-TREATMENT-586922	Cellular Therapy	Not Applicable	370	Paricalcitol	O_Tite_tute_Tati_tibi_tanta_tyranne_tulisti
treatment	phs000000_CDS1078	CDS-TREATMENT-312609	Chemotherapy	Unknown	222	Daratumumab/rHuPH20	e_causa_ignota
treatment	phs000000_CDS1079	CDS-TREATMENT-425441	Proton Beam Radiation Therapy	Progressive Disease	685	Pan-FGFR Inhibitor LY2874455	"scientia,_aere_perennius"
treatment	phs000000_CDS1080	CDS-TREATMENT-176740	Conventional Radiotherapy	Unknown	824	PI3K Inhibitor ACP-319	imperium_in_imperio
treatment	phs000000_CDS1081	CDS-TREATMENT-255002	Chemotherapy	Progressive Disease	720	Anti-HER2 Monoclonal Antibody CT-P6	Macte_animo_Generose_puer_sic_itur_ad_astra
treatment	phs000000_CDS1082	CDS-TREATMENT-781538	Intensity-Modulated Radiation Therapy	Minor Response	86	Ripertamab	faber_est_suae_quisque_fortunae
treatment	phs000000_CDS1083	CDS-TREATMENT-703775	Stem Cell Transplant	Not Applicable	422	Telapristone Acetate	damnant_quod_non_intellegunt
treatment	phs000000_CDS1084	CDS-TREATMENT-152319	Allogeneic Hematopoietic Stem Cell Transplantation	Not Applicable	859	Trametinib	damnant_quod_non_intellegunt
treatment	phs000000_CDS1085	CDS-TREATMENT-407722	Electron Beam Radiation Therapy	Very Good Partial Response	881	Dubermatinib	sapiens_qui_prospicit
treatment	phs000000_CDS1086	CDS-TREATMENT-848329	Electron Beam Radiation Therapy	No Evidence of Disease	716	TGF-beta Receptor 1 Kinase Inhibitor YL-13027	pace_tua
treatment	phs000000_CDS1087	CDS-TREATMENT-503952	Radiofrequency Ablation	Progressive Disease	247	Crolibulin	haec_olim_meminisse_iuvabit
treatment	phs000000_CDS1088	CDS-TREATMENT-988815	Cellular Therapy	Stable Disease	366	Anti-CD3 Immunotoxin A-dmDT390-bisFv(UCHT1)	a_bene_placito
treatment	phs000000_CDS1089	CDS-TREATMENT-153533	Proton Beam Radiation Therapy	Complete Remission	860	Anti-CTLA-4 Monoclonal Antibody BCD-145	scientia_imperii_decus_et_tutamen
treatment	phs000000_CDS1090	CDS-TREATMENT-721876	Pharmacotherapy	Non-Response	55	Galeterone	cacatum_non_est_pictum
treatment	phs000000_CDS1091	CDS-TREATMENT-915693	Unknown	Stable Disease	955	Anti-B7H3 Antibody-drug Conjugate MGC018	labor_ipse_voluptas
treatment	phs000000_CDS1092	CDS-TREATMENT-645208	Radiopharmaceutical	Not Evaluable	683	Iodine I 131 Monoclonal Antibody 81C6	imperium_in_imperio
treatment	phs000000_CDS1093	CDS-TREATMENT-455771	3-Dimensional Conformal Radiation Therapy	No Evidence of Disease	416	Fosifloxuridine Nafalbenamide	e_causa_ignota
treatment	phs000000_CDS1094	CDS-TREATMENT-588355	External Beam Radiation Therapy	No Evidence of Disease	888	Thorium Th 227 Anetumab	"scientia,_aere_perennius"
treatment	phs000000_CDS1095	CDS-TREATMENT-629053	Stem Cell Transplant	Complete Remission	73	Dicycloplatin	id_quod_plerumque_accidit
treatment	phs000000_CDS1096	CDS-TREATMENT-346155	High-Dose Rate Brachytherapy	Very Good Partial Response	336	HPPH	labor_ipse_voluptas
treatment	phs000000_CDS1097	CDS-TREATMENT-937444	Surgical Procedure	Non-Response	305	Alvespimycin	salus_in_arduis
treatment	phs000000_CDS1098	CDS-TREATMENT-153221	Stereotactic Body Radiation Therapy	Not Evaluable	349	Anti-PSMA Monoclonal Antibody MDX1201-A488	pace_tua
treatment	phs000000_CDS1099	CDS-TREATMENT-836066	Targeted Molecular Therapy	Not Evaluable	294	Polatuzumab Vedotin	scientia_et_labor
treatment	phs000000_CDS1100	CDS-TREATMENT-935277	Surgical Procedure	Non-Response	260	Prostaglandin E2 EP4 Receptor Inhibitor E7046	"scientia,_aere_perennius"
treatment	phs000000_CDS1101	CDS-TREATMENT-406977	Radiation Therapy	Progressive Disease	188	Tipapkinogene Sovacivec	salus_in_arduis
treatment	phs000000_CDS1102	CDS-TREATMENT-191203	Radiation Therapy	Stable Disease	759	Carmustine Sustained-Release Implant Wafer	saltus_in_demonstrando
treatment	phs000000_CDS1103	CDS-TREATMENT-289669	Targeted Molecular Therapy	Complete Remission	674	Suramin	damnant_quod_non_intellegunt
treatment	phs000000_CDS1104	CDS-TREATMENT-913470	Stereotactic Body Radiation Therapy	Progressive Disease	609	Cergutuzumab Amunaleukin	pace_tua
treatment	phs000000_CDS1105	CDS-TREATMENT-178536	Stereotactic Radiosurgery	Mixed Response	463	Salmonella VNP20009	scientia_et_sapientia
treatment	phs000000_CDS1106	CDS-TREATMENT-184611	Chemotherapy	Not Evaluable	717	HPV E6/E7-encoding Arenavirus Vaccine HB-201	scientia_imperii_decus_et_tutamen
treatment	phs000000_CDS1107	CDS-TREATMENT-526383	Concurrent Chemoradiation	Not Evaluable	417	HER2 Inhibitor TAS0728	a_bene_placito
treatment	phs000000_CDS1108	CDS-TREATMENT-917071	Stereotactic Radiosurgery	Non-Response	887	Troriluzole	Macte_animo_Generose_puer_sic_itur_ad_astra
treatment	phs000000_CDS1109	CDS-TREATMENT-270978	Stereotactic Radiosurgery	Non-Response	252	Paclitaxel Poliglumex	scientiae_cedit_mare
treatment	phs000000_CDS1110	CDS-TREATMENT-236386	Surgical Procedure	Non-Response	985	Anti-MUC17/CD3 BiTE Antibody AMG 199	"scientia,_aere_perennius"
treatment	phs000000_CDS1111	CDS-TREATMENT-676493	Proton Beam Radiation Therapy	Minor Response	91	Anti-HER2 Antibody-drug Conjugate ARX788	e_causa_ignota
treatment	phs000000_CDS1112	CDS-TREATMENT-372988	Cellular Therapy	Progressive Disease	923	Valspodar	faber_est_suae_quisque_fortunae
treatment	phs000000_CDS1113	CDS-TREATMENT-842429	3-Dimensional Conformal Radiation Therapy	Very Good Partial Response	967	Sibrotuzumab	scientiae_et_patriae
treatment	phs000000_CDS1114	CDS-TREATMENT-213376	Cellular Therapy	Minor Response	433	p53/HDM2 Interaction Inhibitor CGM097	Gallia_est_omnis_divisa_in_partes_tres
treatment	phs000000_CDS1115	CDS-TREATMENT-925641	Radiofrequency Ablation	Very Good Partial Response	852	Liver X Receptor beta Agonist RGX-104	pace_tua
treatment	phs000000_CDS1116	CDS-TREATMENT-450758	Pharmacotherapy	Mixed Response	517	TGFbeta Receptor Ectodomain-IgG Fc Fusion Protein AVID200	Gallia_est_omnis_divisa_in_partes_tres
treatment	phs000000_CDS1117	CDS-TREATMENT-757234	Stem Cell Transplant	Progressive Disease	224	13-Deoxydoxorubicin	scientiae_et_patriae
treatment	phs000000_CDS1118	CDS-TREATMENT-418827	Radiofrequency Ablation	Stable Disease	360	Vinepidine	barba_crescit_caput_nescit
treatment	phs000000_CDS1119	CDS-TREATMENT-769149	Immunotherapy	Not Applicable	714	Dengue Virus Adjuvant PV-001-DV	Gallia_est_omnis_divisa_in_partes_tres
treatment	phs000000_CDS1120	CDS-TREATMENT-745689	Photon Beam Radiation Therapy	Not Done	986	ERK1/2 Inhibitor JSI-1187	scientiae_et_patriae
treatment	phs000000_CDS1121	CDS-TREATMENT-229443	Immunotherapy	No Evidence of Disease	245	Nimustine	imperium_in_imperio
treatment	phs000000_CDS1122	CDS-TREATMENT-120544	Unknown	Very Good Partial Response	760	Tubulin Polymerization Inhibitor CKD-516	nascentes_morimur_finisque_ab_origine_pendet
treatment	phs000000_CDS1123	CDS-TREATMENT-567685	Electron Beam Radiation Therapy	Stable Disease	379	Ridaforolimus	Obedientia_civium_urbis_felicitas
treatment	phs000000_CDS1124	CDS-TREATMENT-775581	Surgical Procedure	Stable Disease	946	Raloxifene	barba_crescit_caput_nescit
treatment	phs000000_CDS1125	CDS-TREATMENT-329545	Hormone Therapy	Mixed Response	126	Patidegib Topical Gel	pace_tua
treatment	phs000000_CDS1126	CDS-TREATMENT-914512	Chemotherapy	Partial Response	267	Laromustine	e_causa_ignota
treatment	phs000000_CDS1127	CDS-TREATMENT-901849	Radiopharmaceutical	Non-Response	572	Tyrosine Kinase Inhibitor OSI-930	scientia_imperii_decus_et_tutamen
treatment	phs000000_CDS1128	CDS-TREATMENT-846250	Conventional Radiotherapy	No Evidence of Disease	761	Tositumomab	e_causa_ignota
treatment	phs000000_CDS1129	CDS-TREATMENT-434420	Not Reported	Progressive Disease	775	Tranylcypromine Sulfate	salus_in_arduis
treatment	phs000000_CDS1130	CDS-TREATMENT-464235	Proton Beam Radiation Therapy	Complete Remission	608	Cold Contaminant-free Iobenguane I-131	Macte_animo_Generose_puer_sic_itur_ad_astra
treatment	phs000000_CDS1131	CDS-TREATMENT-682976	Not Reported	Partial Response	737	Vitamin E Compound	Macte_animo_Generose_puer_sic_itur_ad_astra
treatment	phs000000_CDS1132	CDS-TREATMENT-265871	Immunotherapy	Minor Response	418	Carboquone	a_bene_placito
treatment	phs000000_CDS1133	CDS-TREATMENT-812804	Proton Beam Radiation Therapy	Mixed Response	475	Oral Microencapsulated Diindolylmethane	scientia_et_labor
treatment	phs000000_CDS1134	CDS-TREATMENT-253020	Photon Beam Radiation Therapy	No Evidence of Disease	400	Synthetic Long HPV16 E6/E7 Peptides Vaccine ISA101b	id_quod_plerumque_accidit
treatment	phs000000_CDS1135	CDS-TREATMENT-721902	High-Dose Rate Brachytherapy	Not Done	982	Sacituzumab Govitecan	salus_in_arduis
treatment	phs000000_CDS1136	CDS-TREATMENT-451669	Electron Beam Radiation Therapy	Progressive Disease	244	DAB389 Epidermal Growth Factor	haec_olim_meminisse_iuvabit
treatment	phs000000_CDS1137	CDS-TREATMENT-645583	Radiation Therapy	Mixed Response	658	Deoxycytidine Analogue TAS-109	scientiae_cedit_mare
treatment	phs000000_CDS1138	CDS-TREATMENT-207994	Cellular Therapy	Minor Response	29	HSP90alpha/beta Inhibitor TAS-116	scientia_et_sapientia
treatment	phs000000_CDS1139	CDS-TREATMENT-875391	Photon Beam Radiation Therapy	Minor Response	138	Sabatolimab	faber_est_suae_quisque_fortunae
treatment	phs000000_CDS1140	CDS-TREATMENT-698023	Radiation Therapy	Progressive Disease	734	PI3K Alpha/Beta Inhibitor BAY1082439	Obedientia_civium_urbis_felicitas
treatment	phs000000_CDS1141	CDS-TREATMENT-973761	Hormone Therapy	Partial Response	493	VEGF/HGF-targeting DARPin MP0250	O_Tite_tute_Tati_tibi_tanta_tyranne_tulisti
treatment	phs000000_CDS1142	CDS-TREATMENT-376449	High-Dose Rate Brachytherapy	Not Applicable	644	eIF4E Antisense Oligonucleotide ISIS 183750	faber_est_suae_quisque_fortunae
treatment	phs000000_CDS1143	CDS-TREATMENT-636309	Intensity-Modulated Radiation Therapy	Not Evaluable	33	Bizalimogene Ralaplasmid	nanos_gigantum_humeris_insidentes
treatment	phs000000_CDS1144	CDS-TREATMENT-658978	Allogeneic Hematopoietic Stem Cell Transplantation	Not Reported	753	P-cadherin-targeting Agent PF-06671008	scientia_et_sapientia
treatment	phs000000_CDS1145	CDS-TREATMENT-431198	Stereotactic Body Radiation Therapy	Mixed Response	218	Anti-ILT4 Monoclonal Antibody MK-4830	scientia_et_labor
treatment	phs000000_CDS1146	CDS-TREATMENT-956569	Chemotherapy	No Evidence of Disease	776	Doxorubicin Hydrochloride	scientiae_cedit_mare
treatment	phs000000_CDS1147	CDS-TREATMENT-660072	Brachytherapy	Not Applicable	358	Tris-acryl Gelatin Microspheres	saltus_in_demonstrando
treatment	phs000000_CDS1148	CDS-TREATMENT-368944	Unknown	Very Good Partial Response	925	Tirbanibulin	scientia_et_labor
treatment	phs000000_CDS1149	CDS-TREATMENT-533015	Electron Beam Radiation Therapy	Very Good Partial Response	302	Sialyl Tn Antigen	Macte_animo_Generose_puer_sic_itur_ad_astra
treatment	phs000000_CDS1150	CDS-TREATMENT-232015	Concurrent Chemoradiation	Not Applicable	477	SHP2 Inhibitor RLY-1971	"scientia,_aere_perennius"
treatment	phs000000_CDS1151	CDS-TREATMENT-160484	High-Dose Rate Brachytherapy	No Evidence of Disease	522	Glesatinib	cacatum_non_est_pictum
treatment	phs000000_CDS1152	CDS-TREATMENT-210524	Brachytherapy	Very Good Partial Response	815	Enterococcus gallinarum Strain MRx0518	O_Tite_tute_Tati_tibi_tanta_tyranne_tulisti
treatment	phs000000_CDS1153	CDS-TREATMENT-933462	Cellular Therapy	Minor Response	740	Opaganib	faber_est_suae_quisque_fortunae
treatment	phs000000_CDS1154	CDS-TREATMENT-143400	Allogeneic Hematopoietic Stem Cell Transplantation	Not Applicable	156	Enfortumab Vedotin	pace_tua
treatment	phs000000_CDS1155	CDS-TREATMENT-899241	Conventional Radiotherapy	Complete Remission	311	Transdermal 17beta-Estradiol Gel BHR-200	nanos_gigantum_humeris_insidentes
treatment	phs000000_CDS1156	CDS-TREATMENT-549444	Radiopharmaceutical	Not Reported	620	Sulfatinib	"scientia,_aere_perennius"
treatment	phs000000_CDS1157	CDS-TREATMENT-343670	Proton Beam Radiation Therapy	Not Applicable	584	Epipodophyllotoxin Analog GL331	Obedientia_civium_urbis_felicitas
treatment	phs000000_CDS1158	CDS-TREATMENT-819603	High-Dose Rate Brachytherapy	Mixed Response	638	RSK1-4 Inhibitor PMD-026	a_bene_placito
treatment	phs000000_CDS1159	CDS-TREATMENT-224350	Stem Cell Transplant	Mixed Response	213	Cyclophosphamide	e_causa_ignota
treatment	phs000000_CDS1160	CDS-TREATMENT-762291	Electron Beam Radiation Therapy	Not Reported	866	"Doxorubicin Prodrug L-377,202"	scientiae_cedit_mare
treatment	phs000000_CDS1161	CDS-TREATMENT-215138	Pharmacotherapy	Partial Response	513	pan-HER Kinase Inhibitor AC480	damnant_quod_non_intellegunt
treatment	phs000000_CDS1162	CDS-TREATMENT-822457	Not Reported	Complete Remission	443	ATR Kinase Inhibitor VX-803	haec_olim_meminisse_iuvabit
treatment	phs000000_CDS1163	CDS-TREATMENT-665067	Unknown	No Evidence of Disease	575	Tosedostat	nanos_gigantum_humeris_insidentes
treatment	phs000000_CDS1164	CDS-TREATMENT-776122	Low-Dose Rate Brachytherapy	Not Reported	705	Neoantigen Vaccine GEN-009	sapiens_qui_prospicit
treatment	phs000000_CDS1165	CDS-TREATMENT-616264	Radiation Therapy	Not Done	313	Poly-alendronate Dextran-Guanidine Conjugate	sapiens_qui_prospicit
treatment	phs000000_CDS1166	CDS-TREATMENT-270324	Targeted Molecular Therapy	Partial Response	533	p53 Peptide Vaccine MPS-128	e_causa_ignota
treatment	phs000000_CDS1167	CDS-TREATMENT-498265	Cellular Therapy	Non-Response	893	I 131 Antiferritin Immunoglobulin	a_bene_placito
treatment	phs000000_CDS1168	CDS-TREATMENT-950147	Allogeneic Hematopoietic Stem Cell Transplantation	Very Good Partial Response	145	Naratuximab Emtansine	pace_tua
treatment	phs000000_CDS1169	CDS-TREATMENT-707222	Not Reported	Non-Response	782	Allogeneic IL13-Zetakine/HyTK-Expressing-Glucocorticoid Resistant Cytotoxic T Lymphocytes GRm13Z40-2	haec_olim_meminisse_iuvabit
treatment	phs000000_CDS1170	CDS-TREATMENT-806740	Targeted Molecular Therapy	No Evidence of Disease	595	Dual-affinity B7-H3/CD3-targeted Protein MGD009	Macte_animo_Generose_puer_sic_itur_ad_astra
treatment	phs000000_CDS1171	CDS-TREATMENT-160343	Radiation Therapy	Not Done	757	Anti-CD40 Monoclonal Antibody Chi Lob 7/4	O_Tite_tute_Tati_tibi_tanta_tyranne_tulisti
treatment	phs000000_CDS1172	CDS-TREATMENT-156450	Concurrent Chemoradiation	Not Evaluable	672	PI3Kalpha Inhibitor AZD8835	scientia_imperii_decus_et_tutamen
treatment	phs000000_CDS1173	CDS-TREATMENT-308634	Intensity-Modulated Radiation Therapy	Not Applicable	12	Silicon Phthalocyanine 4	scientia_et_labor
treatment	phs000000_CDS1174	CDS-TREATMENT-741153	Radiation Therapy	Not Done	822	Piperine Extract (Standardized)	nascentes_morimur_finisque_ab_origine_pendet
treatment	phs000000_CDS1175	CDS-TREATMENT-407468	Concurrent Chemoradiation	Progressive Disease	641	VEGFR Inhibitor KRN951	sapiens_qui_prospicit
treatment	phs000000_CDS1176	CDS-TREATMENT-793797	Proton Beam Radiation Therapy	Stable Disease	267	L-methylfolate	barba_crescit_caput_nescit
treatment	phs000000_CDS1177	CDS-TREATMENT-802608	Photon Beam Radiation Therapy	Unknown	299	Trametinib	scientia_et_labor
treatment	phs000000_CDS1178	CDS-TREATMENT-546136	Stem Cell Transplant	Mixed Response	194	Infliximab	saltus_in_demonstrando
treatment	phs000000_CDS1179	CDS-TREATMENT-378836	High-Dose Rate Brachytherapy	Minor Response	95	Simalikalactone D	damnant_quod_non_intellegunt
treatment	phs000000_CDS1180	CDS-TREATMENT-357674	Conventional Radiotherapy	Mixed Response	751	Triptorelin Pamoate	e_causa_ignota
treatment	phs000000_CDS1181	CDS-TREATMENT-828188	Hormone Therapy	Non-Response	216	Palonosetron Hydrochloride	O_Tite_tute_Tati_tibi_tanta_tyranne_tulisti
treatment	phs000000_CDS1182	CDS-TREATMENT-206936	Stereotactic Radiosurgery	Very Good Partial Response	807	Anti-EGFR Monoclonal Antibody HLX-07	cacatum_non_est_pictum
treatment	phs000000_CDS1183	CDS-TREATMENT-717985	Allogeneic Hematopoietic Stem Cell Transplantation	Not Applicable	222	FLT3 Tyrosine Kinase Inhibitor TTT-3002	scientia_et_labor
treatment	phs000000_CDS1184	CDS-TREATMENT-867960	Unknown	Not Done	686	NY-ESO-B	barba_crescit_caput_nescit
treatment	phs000000_CDS1185	CDS-TREATMENT-126944	Stereotactic Radiosurgery	Stable Disease	498	Veliparib	scientia_imperii_decus_et_tutamen
treatment	phs000000_CDS1186	CDS-TREATMENT-115554	Photon Beam Radiation Therapy	Very Good Partial Response	858	Anti-CD3/Anti-GPRC5D Bispecific Monoclonal Antibody JNJ-64407564	scientiae_et_patriae
treatment	phs000000_CDS1187	CDS-TREATMENT-775002	Chemotherapy	Unknown	490	Anti-TAG-72 Monoclonal Antibody scFV CC-49/218	"scientia,_aere_perennius"
treatment	phs000000_CDS1188	CDS-TREATMENT-857653	Low-Dose Rate Brachytherapy	Unknown	298	Lenzilumab	nanos_gigantum_humeris_insidentes
treatment	phs000000_CDS1189	CDS-TREATMENT-459501	Proton Beam Radiation Therapy	Stable Disease	447	Devimistat	damnant_quod_non_intellegunt
treatment	phs000000_CDS1190	CDS-TREATMENT-955257	Conventional Radiotherapy	Not Evaluable	605	Diarylsulfonylurea Compound ILX-295501	nanos_gigantum_humeris_insidentes
treatment	phs000000_CDS1191	CDS-TREATMENT-119916	Electron Beam Radiation Therapy	Minor Response	919	Antibody-drug Conjugate SC-004	sapiens_qui_prospicit
treatment	phs000000_CDS1192	CDS-TREATMENT-283218	Chemotherapy	Very Good Partial Response	584	Aurora Kinase Inhibitor PF-03814735	scientia_et_labor
treatment	phs000000_CDS1193	CDS-TREATMENT-804582	Stereotactic Radiosurgery	Stable Disease	901	CDK7 Inhibitor SY-1365	Gallia_est_omnis_divisa_in_partes_tres
treatment	phs000000_CDS1194	CDS-TREATMENT-584401	External Beam Radiation Therapy	Stable Disease	219	Iodine I 131 Ethiodized Oil	faber_est_suae_quisque_fortunae
treatment	phs000000_CDS1195	CDS-TREATMENT-733587	Allogeneic Hematopoietic Stem Cell Transplantation	Progressive Disease	428	Syk Inhibitor HMPL-523	saltus_in_demonstrando
treatment	phs000000_CDS1196	CDS-TREATMENT-329564	Electron Beam Radiation Therapy	Partial Response	436	Inositol	sapiens_qui_prospicit
treatment	phs000000_CDS1197	CDS-TREATMENT-156522	Not Reported	Progressive Disease	365	Resveratrol Formulation SRT501	damnant_quod_non_intellegunt
treatment	phs000000_CDS1198	CDS-TREATMENT-634530	Stem Cell Transplant	Complete Remission	410	Prostaglandin E2 EP4 Receptor Inhibitor E7046	a_bene_placito
treatment	phs000000_CDS1199	CDS-TREATMENT-319198	Brachytherapy	Not Evaluable	687	Sugemalimab	Obedientia_civium_urbis_felicitas
treatment	phs000000_CDS1200	CDS-TREATMENT-933358	Chemotherapy	Not Done	703	Fedratinib	Obedientia_civium_urbis_felicitas