participant_id	race	gender	type	study_participant_id	study.phs_accession	ethnicity
CDS1001	Black or African American	Female	participant	phs000000_CDS1001	phs000000	Not reported
CDS1002	American Indian or Alaska Native	Male	participant	phs000000_CDS1002	phs000000	Hispanic or Latino
CDS1003	White	Unspecified	participant	phs000000_CDS1003	phs000000	Unknown
CDS1004	White	Female	participant	phs000000_CDS1004	phs000000	Hispanic or Latino
CDS1005	Unknown	Unspecified	participant	phs000000_CDS1005	phs000000	Not allowed to collect
CDS1006	Native Hawaiian or other Pacific Islander	Not Reported	participant	phs000000_CDS1006	phs000000	Not Hispanic or Latino
CDS1007	Asian	Unknown	participant	phs000000_CDS1007	phs000000	Unknown
CDS1008	Asian	Not Reported	participant	phs000000_CDS1008	phs000000	Not reported
CDS1009	Not Reported	Unspecified	participant	phs000000_CDS1009	phs000000	Unknown
CDS1010	White	Unknown	participant	phs000000_CDS1010	phs000000	Unknown
CDS1011	Not Reported	Unspecified	participant	phs000000_CDS1011	phs000000	Not allowed to collect
CDS1012	Black or African American	Not Reported	participant	phs000000_CDS1012	phs000000	Not allowed to collect
CDS1013	Black or African American	Unspecified	participant	phs000000_CDS1013	phs000000	Hispanic or Latino
CDS1014	American Indian or Alaska Native	Not Reported	participant	phs000000_CDS1014	phs000000	Not allowed to collect
CDS1015	American Indian or Alaska Native	Not Reported	participant	phs000000_CDS1015	phs000000	Unknown
CDS1016	Native Hawaiian or other Pacific Islander	Female	participant	phs000000_CDS1016	phs000000	Hispanic or Latino
CDS1017	White	Not Reported	participant	phs000000_CDS1017	phs000000	Not reported
CDS1018	Native Hawaiian or other Pacific Islander	Unknown	participant	phs000000_CDS1018	phs000000	Hispanic or Latino
CDS1019	Not Reported	Unspecified	participant	phs000000_CDS1019	phs000000	Hispanic or Latino
CDS1020	Not allowed to collect	Unknown	participant	phs000000_CDS1020	phs000000	Not allowed to collect
CDS1021	Not allowed to collect	Unknown	participant	phs000000_CDS1021	phs000000	Hispanic or Latino
CDS1022	Black or African American	Unspecified	participant	phs000000_CDS1022	phs000000	Not Hispanic or Latino
CDS1023	White	Unknown	participant	phs000000_CDS1023	phs000000	Not reported
CDS1024	Unknown	Female	participant	phs000000_CDS1024	phs000000	Hispanic or Latino
CDS1025	White	Female	participant	phs000000_CDS1025	phs000000	Hispanic or Latino
CDS1026	Black or African American	Female	participant	phs000000_CDS1026	phs000000	Unknown
CDS1027	Not allowed to collect	Female	participant	phs000000_CDS1027	phs000000	Not allowed to collect
CDS1028	Asian	Not Reported	participant	phs000000_CDS1028	phs000000	Not reported
CDS1029	Not allowed to collect	Male	participant	phs000000_CDS1029	phs000000	Unknown
CDS1030	Not allowed to collect	Female	participant	phs000000_CDS1030	phs000000	Not allowed to collect
CDS1031	Not Reported	Not Reported	participant	phs000000_CDS1031	phs000000	Not allowed to collect
CDS1032	Native Hawaiian or other Pacific Islander	Unknown	participant	phs000000_CDS1032	phs000000	Not reported
CDS1033	White	Unknown	participant	phs000000_CDS1033	phs000000	Not reported
CDS1034	Native Hawaiian or other Pacific Islander	Not Reported	participant	phs000000_CDS1034	phs000000	Unknown
CDS1035	Not Reported	Not Reported	participant	phs000000_CDS1035	phs000000	Not reported
CDS1036	White	Male	participant	phs000000_CDS1036	phs000000	Not reported
CDS1037	White	Female	participant	phs000000_CDS1037	phs000000	Hispanic or Latino
CDS1038	Unknown	Female	participant	phs000000_CDS1038	phs000000	Hispanic or Latino
CDS1039	American Indian or Alaska Native	Unspecified	participant	phs000000_CDS1039	phs000000	Unknown
CDS1040	White	Male	participant	phs000000_CDS1040	phs000000	Not Hispanic or Latino
CDS1041	White	Female	participant	phs000000_CDS1041	phs000000	Unknown
CDS1042	Not Reported	Male	participant	phs000000_CDS1042	phs000000	Hispanic or Latino
CDS1043	Not Reported	Unspecified	participant	phs000000_CDS1043	phs000000	Not Hispanic or Latino
CDS1044	Native Hawaiian or other Pacific Islander	Female	participant	phs000000_CDS1044	phs000000	Unknown
CDS1045	Asian	Unspecified	participant	phs000000_CDS1045	phs000000	Hispanic or Latino
CDS1046	Unknown	Not Reported	participant	phs000000_CDS1046	phs000000	Unknown
CDS1047	Not allowed to collect	Unknown	participant	phs000000_CDS1047	phs000000	Unknown
CDS1048	Asian	Not Reported	participant	phs000000_CDS1048	phs000000	Unknown
CDS1049	Unknown	Unspecified	participant	phs000000_CDS1049	phs000000	Not Hispanic or Latino
CDS1050	Not Reported	Unknown	participant	phs000000_CDS1050	phs000000	Hispanic or Latino
CDS1051	Asian	Unspecified	participant	phs000000_CDS1051	phs000000	Not reported
CDS1052	Native Hawaiian or other Pacific Islander	Not Reported	participant	phs000000_CDS1052	phs000000	Unknown
CDS1053	Not Reported	Unspecified	participant	phs000000_CDS1053	phs000000	Unknown
CDS1054	White	Not Reported	participant	phs000000_CDS1054	phs000000	Hispanic or Latino
CDS1055	Unknown	Not Reported	participant	phs000000_CDS1055	phs000000	Unknown
CDS1056	Not allowed to collect	Female	participant	phs000000_CDS1056	phs000000	Unknown
CDS1057	White	Not Reported	participant	phs000000_CDS1057	phs000000	Not allowed to collect
CDS1058	Not allowed to collect	Unknown	participant	phs000000_CDS1058	phs000000	Not Hispanic or Latino
CDS1059	White	Unspecified	participant	phs000000_CDS1059	phs000000	Unknown
CDS1060	Native Hawaiian or other Pacific Islander	Unknown	participant	phs000000_CDS1060	phs000000	Not Hispanic or Latino
CDS1061	American Indian or Alaska Native	Unknown	participant	phs000000_CDS1061	phs000000	Unknown
CDS1062	American Indian or Alaska Native	Unspecified	participant	phs000000_CDS1062	phs000000	Not allowed to collect
CDS1063	Not allowed to collect	Unknown	participant	phs000000_CDS1063	phs000000	Not reported
CDS1064	Not Reported	Female	participant	phs000000_CDS1064	phs000000	Unknown
CDS1065	Black or African American	Female	participant	phs000000_CDS1065	phs000000	Unknown
CDS1066	Black or African American	Female	participant	phs000000_CDS1066	phs000000	Hispanic or Latino
CDS1067	Not allowed to collect	Female	participant	phs000000_CDS1067	phs000000	Unknown
CDS1068	Native Hawaiian or other Pacific Islander	Not Reported	participant	phs000000_CDS1068	phs000000	Not allowed to collect
CDS1069	Not Reported	Male	participant	phs000000_CDS1069	phs000000	Not Hispanic or Latino
CDS1070	Black or African American	Female	participant	phs000000_CDS1070	phs000000	Unknown
CDS1071	Unknown	Not Reported	participant	phs000000_CDS1071	phs000000	Not Hispanic or Latino
CDS1072	Asian	Unknown	participant	phs000000_CDS1072	phs000000	Not allowed to collect
CDS1073	Native Hawaiian or other Pacific Islander	Unknown	participant	phs000000_CDS1073	phs000000	Not reported
CDS1074	American Indian or Alaska Native	Not Reported	participant	phs000000_CDS1074	phs000000	Not allowed to collect
CDS1075	Asian	Not Reported	participant	phs000000_CDS1075	phs000000	Not allowed to collect
CDS1076	Native Hawaiian or other Pacific Islander	Male	participant	phs000000_CDS1076	phs000000	Unknown
CDS1077	Not allowed to collect	Female	participant	phs000000_CDS1077	phs000000	Not allowed to collect
CDS1078	White	Female	participant	phs000000_CDS1078	phs000000	Not allowed to collect
CDS1079	Black or African American	Unspecified	participant	phs000000_CDS1079	phs000000	Not Hispanic or Latino
CDS1080	Not allowed to collect	Male	participant	phs000000_CDS1080	phs000000	Not allowed to collect
CDS1081	Not Reported	Female	participant	phs000000_CDS1081	phs000000	Hispanic or Latino
CDS1082	Asian	Male	participant	phs000000_CDS1082	phs000000	Not allowed to collect
CDS1083	White	Unspecified	participant	phs000000_CDS1083	phs000000	Not Hispanic or Latino
CDS1084	Black or African American	Female	participant	phs000000_CDS1084	phs000000	Hispanic or Latino
CDS1085	Asian	Unspecified	participant	phs000000_CDS1085	phs000000	Not reported
CDS1086	Not Reported	Not Reported	participant	phs000000_CDS1086	phs000000	Not reported
CDS1087	Unknown	Unknown	participant	phs000000_CDS1087	phs000000	Not reported
CDS1088	Unknown	Not Reported	participant	phs000000_CDS1088	phs000000	Hispanic or Latino
CDS1089	Black or African American	Unspecified	participant	phs000000_CDS1089	phs000000	Not reported
CDS1090	Native Hawaiian or other Pacific Islander	Unknown	participant	phs000000_CDS1090	phs000000	Not allowed to collect
CDS1091	Not allowed to collect	Unspecified	participant	phs000000_CDS1091	phs000000	Unknown
CDS1092	Black or African American	Not Reported	participant	phs000000_CDS1092	phs000000	Unknown
CDS1093	White	Unspecified	participant	phs000000_CDS1093	phs000000	Not reported
CDS1094	Native Hawaiian or other Pacific Islander	Not Reported	participant	phs000000_CDS1094	phs000000	Unknown
CDS1095	Unknown	Not Reported	participant	phs000000_CDS1095	phs000000	Unknown
CDS1096	White	Female	participant	phs000000_CDS1096	phs000000	Not allowed to collect
CDS1097	Asian	Not Reported	participant	phs000000_CDS1097	phs000000	Hispanic or Latino
CDS1098	Native Hawaiian or other Pacific Islander	Unknown	participant	phs000000_CDS1098	phs000000	Not reported
CDS1099	White	Unspecified	participant	phs000000_CDS1099	phs000000	Not Hispanic or Latino
CDS1100	American Indian or Alaska Native	Unknown	participant	phs000000_CDS1100	phs000000	Not allowed to collect
CDS1101	Asian	Unknown	participant	phs000000_CDS1101	phs000000	Not Hispanic or Latino
CDS1102	Asian	Unspecified	participant	phs000000_CDS1102	phs000000	Hispanic or Latino
CDS1103	Not allowed to collect	Unknown	participant	phs000000_CDS1103	phs000000	Not Hispanic or Latino
CDS1104	White	Female	participant	phs000000_CDS1104	phs000000	Hispanic or Latino
CDS1105	Native Hawaiian or other Pacific Islander	Female	participant	phs000000_CDS1105	phs000000	Not allowed to collect
CDS1106	Not allowed to collect	Female	participant	phs000000_CDS1106	phs000000	Not allowed to collect
CDS1107	Asian	Female	participant	phs000000_CDS1107	phs000000	Not reported
CDS1108	Native Hawaiian or other Pacific Islander	Not Reported	participant	phs000000_CDS1108	phs000000	Unknown
CDS1109	Not Reported	Male	participant	phs000000_CDS1109	phs000000	Not Hispanic or Latino
CDS1110	American Indian or Alaska Native	Female	participant	phs000000_CDS1110	phs000000	Not allowed to collect
CDS1111	Not Reported	Not Reported	participant	phs000000_CDS1111	phs000000	Not allowed to collect
CDS1112	Not Reported	Unknown	participant	phs000000_CDS1112	phs000000	Not reported
CDS1113	Asian	Unknown	participant	phs000000_CDS1113	phs000000	Hispanic or Latino
CDS1114	Unknown	Not Reported	participant	phs000000_CDS1114	phs000000	Not Hispanic or Latino
CDS1115	Unknown	Not Reported	participant	phs000000_CDS1115	phs000000	Not Hispanic or Latino
CDS1116	Native Hawaiian or other Pacific Islander	Male	participant	phs000000_CDS1116	phs000000	Not Hispanic or Latino
CDS1117	Unknown	Female	participant	phs000000_CDS1117	phs000000	Not reported
CDS1118	Asian	Female	participant	phs000000_CDS1118	phs000000	Not Hispanic or Latino
CDS1119	Unknown	Unspecified	participant	phs000000_CDS1119	phs000000	Not Hispanic or Latino
CDS1120	Not Reported	Male	participant	phs000000_CDS1120	phs000000	Not Hispanic or Latino
CDS1121	White	Female	participant	phs000000_CDS1121	phs000000	Not allowed to collect
CDS1122	Not Reported	Male	participant	phs000000_CDS1122	phs000000	Not allowed to collect
CDS1123	White	Unspecified	participant	phs000000_CDS1123	phs000000	Unknown
CDS1124	Native Hawaiian or other Pacific Islander	Female	participant	phs000000_CDS1124	phs000000	Not allowed to collect
CDS1125	American Indian or Alaska Native	Unspecified	participant	phs000000_CDS1125	phs000000	Hispanic or Latino
CDS1126	Not allowed to collect	Not Reported	participant	phs000000_CDS1126	phs000000	Not reported
CDS1127	Unknown	Unknown	participant	phs000000_CDS1127	phs000000	Not Hispanic or Latino
CDS1128	White	Not Reported	participant	phs000000_CDS1128	phs000000	Not allowed to collect
CDS1129	Not allowed to collect	Unspecified	participant	phs000000_CDS1129	phs000000	Not Hispanic or Latino
CDS1130	Unknown	Unknown	participant	phs000000_CDS1130	phs000000	Not reported
CDS1131	Not Reported	Unspecified	participant	phs000000_CDS1131	phs000000	Not Hispanic or Latino
CDS1132	American Indian or Alaska Native	Not Reported	participant	phs000000_CDS1132	phs000000	Hispanic or Latino
CDS1133	Black or African American	Unspecified	participant	phs000000_CDS1133	phs000000	Unknown
CDS1134	Not allowed to collect	Not Reported	participant	phs000000_CDS1134	phs000000	Hispanic or Latino
CDS1135	Not Reported	Not Reported	participant	phs000000_CDS1135	phs000000	Unknown
CDS1136	White	Female	participant	phs000000_CDS1136	phs000000	Hispanic or Latino
CDS1137	Not Reported	Not Reported	participant	phs000000_CDS1137	phs000000	Not Hispanic or Latino
CDS1138	Not Reported	Unknown	participant	phs000000_CDS1138	phs000000	Not allowed to collect
CDS1139	Native Hawaiian or other Pacific Islander	Unspecified	participant	phs000000_CDS1139	phs000000	Not Hispanic or Latino
CDS1140	Native Hawaiian or other Pacific Islander	Unknown	participant	phs000000_CDS1140	phs000000	Not allowed to collect
CDS1141	Asian	Unknown	participant	phs000000_CDS1141	phs000000	Not reported
CDS1142	Black or African American	Unspecified	participant	phs000000_CDS1142	phs000000	Not allowed to collect
CDS1143	Native Hawaiian or other Pacific Islander	Unknown	participant	phs000000_CDS1143	phs000000	Not reported
CDS1144	Asian	Female	participant	phs000000_CDS1144	phs000000	Unknown
CDS1145	Native Hawaiian or other Pacific Islander	Female	participant	phs000000_CDS1145	phs000000	Not Hispanic or Latino
CDS1146	Black or African American	Female	participant	phs000000_CDS1146	phs000000	Not Hispanic or Latino
CDS1147	White	Female	participant	phs000000_CDS1147	phs000000	Not allowed to collect
CDS1148	White	Not Reported	participant	phs000000_CDS1148	phs000000	Unknown
CDS1149	Not Reported	Male	participant	phs000000_CDS1149	phs000000	Not reported
CDS1150	American Indian or Alaska Native	Female	participant	phs000000_CDS1150	phs000000	Not Hispanic or Latino
CDS1151	Unknown	Not Reported	participant	phs000000_CDS1151	phs000000	Not reported
CDS1152	Asian	Unknown	participant	phs000000_CDS1152	phs000000	Unknown
CDS1153	American Indian or Alaska Native	Unknown	participant	phs000000_CDS1153	phs000000	Unknown
CDS1154	Black or African American	Not Reported	participant	phs000000_CDS1154	phs000000	Unknown
CDS1155	Asian	Not Reported	participant	phs000000_CDS1155	phs000000	Hispanic or Latino
CDS1156	Not allowed to collect	Male	participant	phs000000_CDS1156	phs000000	Not reported
CDS1157	Not Reported	Female	participant	phs000000_CDS1157	phs000000	Unknown
CDS1158	Black or African American	Female	participant	phs000000_CDS1158	phs000000	Not allowed to collect
CDS1159	Asian	Unspecified	participant	phs000000_CDS1159	phs000000	Hispanic or Latino
CDS1160	Not Reported	Male	participant	phs000000_CDS1160	phs000000	Not allowed to collect
CDS1161	Native Hawaiian or other Pacific Islander	Female	participant	phs000000_CDS1161	phs000000	Unknown
CDS1162	White	Male	participant	phs000000_CDS1162	phs000000	Not reported
CDS1163	Unknown	Unspecified	participant	phs000000_CDS1163	phs000000	Not allowed to collect
CDS1164	Not allowed to collect	Female	participant	phs000000_CDS1164	phs000000	Hispanic or Latino
CDS1165	Black or African American	Unspecified	participant	phs000000_CDS1165	phs000000	Not allowed to collect
CDS1166	Not Reported	Not Reported	participant	phs000000_CDS1166	phs000000	Hispanic or Latino
CDS1167	Black or African American	Unknown	participant	phs000000_CDS1167	phs000000	Hispanic or Latino
CDS1168	Black or African American	Not Reported	participant	phs000000_CDS1168	phs000000	Hispanic or Latino
CDS1169	American Indian or Alaska Native	Unspecified	participant	phs000000_CDS1169	phs000000	Not Hispanic or Latino
CDS1170	Unknown	Unknown	participant	phs000000_CDS1170	phs000000	Hispanic or Latino
CDS1171	Native Hawaiian or other Pacific Islander	Unspecified	participant	phs000000_CDS1171	phs000000	Unknown
CDS1172	Asian	Not Reported	participant	phs000000_CDS1172	phs000000	Hispanic or Latino
CDS1173	Asian	Unspecified	participant	phs000000_CDS1173	phs000000	Hispanic or Latino
CDS1174	White	Not Reported	participant	phs000000_CDS1174	phs000000	Not reported
CDS1175	Asian	Not Reported	participant	phs000000_CDS1175	phs000000	Not Hispanic or Latino
CDS1176	Not allowed to collect	Female	participant	phs000000_CDS1176	phs000000	Unknown
CDS1177	White	Not Reported	participant	phs000000_CDS1177	phs000000	Hispanic or Latino
CDS1178	Unknown	Unknown	participant	phs000000_CDS1178	phs000000	Unknown
CDS1179	American Indian or Alaska Native	Unspecified	participant	phs000000_CDS1179	phs000000	Hispanic or Latino
CDS1180	American Indian or Alaska Native	Unknown	participant	phs000000_CDS1180	phs000000	Unknown
CDS1181	Black or African American	Unknown	participant	phs000000_CDS1181	phs000000	Hispanic or Latino
CDS1182	Unknown	Unspecified	participant	phs000000_CDS1182	phs000000	Not allowed to collect
CDS1183	Black or African American	Unknown	participant	phs000000_CDS1183	phs000000	Not Hispanic or Latino
CDS1184	Asian	Female	participant	phs000000_CDS1184	phs000000	Not allowed to collect
CDS1185	American Indian or Alaska Native	Female	participant	phs000000_CDS1185	phs000000	Unknown
CDS1186	Black or African American	Female	participant	phs000000_CDS1186	phs000000	Unknown
CDS1187	Asian	Female	participant	phs000000_CDS1187	phs000000	Not allowed to collect
CDS1188	Not allowed to collect	Not Reported	participant	phs000000_CDS1188	phs000000	Not Hispanic or Latino
CDS1189	Asian	Male	participant	phs000000_CDS1189	phs000000	Not allowed to collect
CDS1190	Not Reported	Female	participant	phs000000_CDS1190	phs000000	Unknown
CDS1191	American Indian or Alaska Native	Not Reported	participant	phs000000_CDS1191	phs000000	Not allowed to collect
CDS1192	American Indian or Alaska Native	Unknown	participant	phs000000_CDS1192	phs000000	Hispanic or Latino
CDS1193	American Indian or Alaska Native	Unknown	participant	phs000000_CDS1193	phs000000	Not allowed to collect
CDS1194	American Indian or Alaska Native	Not Reported	participant	phs000000_CDS1194	phs000000	Not reported
CDS1195	American Indian or Alaska Native	Not Reported	participant	phs000000_CDS1195	phs000000	Hispanic or Latino
CDS1196	Black or African American	Male	participant	phs000000_CDS1196	phs000000	Hispanic or Latino
CDS1197	Not allowed to collect	Female	participant	phs000000_CDS1197	phs000000	Not Hispanic or Latino
CDS1198	Not allowed to collect	Female	participant	phs000000_CDS1198	phs000000	Not allowed to collect
CDS1199	American Indian or Alaska Native	Unspecified	participant	phs000000_CDS1199	phs000000	Not reported
CDS1200	American Indian or Alaska Native	Male	participant	phs000000_CDS1200	phs000000	Hispanic or Latino